LeadTime (HRS), obsMax (m MSL), Peak (m), PLag (min), Bias(m), RMSD (m), RVal, Skil, VExp (%), nPts,
-0.0,0.981,-0.102992946752,0.0,-0.0489283990705,0.101916459642,0.985137435978,0.985949874269,80.3740978023,240,
6.0,0.981,-0.0444515753337,6.0,0.0371016260471,0.0954675831478,0.986055150353,0.987661418941,80.7107821666,239,
12.0,0.981,-0.127879355617,12.0,-0.0354596802073,0.0878067485512,0.989320657868,0.989597559598,82.3850234995,239,
18.0,0.981,nan,nan,nan,nan,nan,nan,nan,0,
24.0,0.981,-0.151987800035,12.0,-0.0624099857124,0.100582213757,0.990072022331,0.986439697733,82.7297894641,239,
30.0,0.981,-0.0703234954871,0.0,0.0246692214313,0.090550283284,0.987807370779,0.988794516239,80.9241559119,239,
36.0,0.981,-0.218947385824,6.0,-0.103159039997,0.133784420965,0.988544781639,0.975986632626,81.3489373555,239,
42.0,0.981,-0.182420683354,0.0,-0.0881544377002,0.121184785689,0.987086962868,0.980636208762,81.7936726997,239,
48.0,0.981,-0.292018458522,6.0,-0.176855646789,0.196867576565,0.986303779357,0.95029516817,81.0652317034,239,
54.0,0.981,-0.220227276899,0.0,-0.107903727571,0.138762041797,0.985513078559,0.974667059868,80.8979046703,239,
60.0,0.981,-0.308141995793,0.0,-0.178383683223,0.201441605428,0.983015882813,0.947855357082,79.5099749175,239,
66.0,0.981,-0.240427555122,6.0,-0.108614986675,0.142891667697,0.982066941633,0.973334008445,79.6710668133,239,
72.0,0.981,-0.358889204183,-6.0,-0.217436567149,0.235419067678,0.985082386813,0.930126008031,80.2418901428,239,
78.0,0.981,-0.285416206459,0.0,-0.155472912229,0.179306132703,0.98533234559,0.958149276893,80.442606892,239,
84.0,0.981,-0.352318025236,6.0,-0.212452352253,0.229277329883,0.985607575642,0.934379214614,81.1246068547,239,
90.0,0.981,-0.264593197247,0.0,-0.158983570357,0.180501378499,0.986219832537,0.958069629583,81.2867273753,239,
96.0,0.981,-0.327349692758,6.0,-0.224744758442,0.241591511326,0.984221900499,0.927952138826,80.5934575347,239,
102.0,0.981,-0.303059551517,6.0,-0.181700255538,0.201292221997,0.987498469968,0.947537981049,81.0340499145,239,
108.0,0.981,-0.310539829253,6.0,-0.197619691338,0.218634450092,0.982588820472,0.939315744706,79.4945062321,240,
114.0,0.981,-0.205028547608,0.0,-0.14435036142,0.171514580213,0.981930566881,0.962129925752,79.6875269708,239,
120.0,0.981,-0.274558286039,6.0,-0.186562768661,0.211710465935,0.976805703479,0.94445219249,78.0541123536,239,
126.0,0.981,-0.264141680538,6.0,-0.208336050928,0.234324233872,0.972827323238,0.932940607845,76.480032559,239,
