LeadTime (HRS), obsMax (m MSL), Peak (m), PLag (min), Bias(m), RMSD (m), RVal, Skil, VExp (%), nPts,
-0.0,0.039,-0.14539734646,12.0,-0.104248399761,0.114741046196,0.841980892412,0.59359788892,38.4888745671,240,
6.0,0.039,-0.127462154558,30.0,-0.100452216072,0.112882416885,0.760789972045,0.590609335324,33.7321236831,239,
12.0,0.039,-0.143699613027,102.0,-0.106482194239,0.120163597114,0.705210583765,0.570326327351,28.3407194781,239,
18.0,0.039,nan,nan,nan,nan,nan,nan,nan,0,
24.0,0.039,-0.138045909565,84.0,-0.111323016682,0.120385522335,0.83190135737,0.598079688897,41.3398958737,239,
30.0,0.039,-0.168029612367,60.0,-0.12892242555,0.136784086249,0.837560028398,0.560795071574,41.4932583643,239,
36.0,0.039,-0.0711739923756,18.0,-0.0421474966229,0.0619167865734,0.840510512354,0.785625707396,41.9377249169,239,
42.0,0.039,-0.017834592149,24.0,-0.00237229977401,0.0465112982771,0.809012324638,0.871816530725,40.5378669171,239,
48.0,0.039,-0.0467649765151,0.0,-0.00346306136655,0.0541695037638,0.745136448476,0.791635686927,30.7988661526,239,
54.0,0.039,-0.0186123414471,6.0,0.0122311811819,0.057943164614,0.690866139771,0.794816711959,27.4976833013,239,
60.0,0.039,0.0849574658012,-6.0,0.139678740968,0.151231762646,0.790060257115,0.491736316158,25.7878249878,239,
66.0,0.039,0.112630323571,-108.0,0.167523830863,0.176551270418,0.766442143076,0.458936916322,28.6561433028,239,
72.0,0.039,0.111301214572,-66.0,0.184563902155,0.193515195265,0.752912170353,0.42634724072,25.5299084374,239,
78.0,0.039,0.142528031717,36.0,0.18710795022,0.195725100202,0.738950140579,0.433707906489,26.4751405815,239,
84.0,0.039,0.175032322989,558.0,0.219977936953,0.228056864688,0.646062757431,0.393580545169,22.9840988417,239,
90.0,0.039,0.186278960537,-90.0,0.239563165021,0.245444430046,0.778400151453,0.379092242025,31.6313019312,239,
96.0,0.039,0.186147755123,558.0,0.234208278291,0.247395305192,0.0943006025722,0.344234614046,0.0,239,
102.0,0.039,0.112356952814,198.0,0.185298133288,0.199445346386,0.33864151482,0.396567575483,5.55722339792,239,
108.0,0.039,0.0991424695031,-744.0,0.154268796663,0.18767675162,-0.752752112594,0.31581369263,0.0,240,
114.0,0.039,0.063414414103,-864.0,0.0600172811135,0.126671020076,-0.67682274134,0.195226737321,0.0,239,
120.0,0.039,0.253574435388,-690.0,0.219513118737,0.261977081191,-0.247282677596,0.251974081256,0.0,239,
126.0,0.039,0.149443802265,-636.0,0.146002614027,0.190427767616,-0.182331935162,0.292581097811,0.0,239,
