LeadTime (HRS), obsMax (m MSL), Peak (m), PLag (min), Bias(m), RMSD (m), RVal, Skil, VExp (%), nPts,
-0.0,0.53,0.085930550884,-54.0,0.0903634483347,0.113751269962,0.93568073359,0.91506077385,64.5848371032,240,
6.0,0.53,0.127111586389,-54.0,0.137314225398,0.155368231494,0.928849267282,0.854264971367,62.7807097025,239,
12.0,0.53,0.0839921203,-36.0,0.0934867925858,0.116019297897,0.936599006895,0.912490135779,64.8207953313,239,
18.0,0.53,0.0926724450615,-48.0,0.101734914095,0.120495938618,0.943909513649,0.906227115161,66.9391967385,239,
24.0,0.53,nan,nan,nan,nan,nan,nan,nan,0,
30.0,0.53,0.0514806136953,-36.0,0.0532619641721,0.0870039814355,0.936602002581,0.94850304509,64.8412733609,239,
36.0,0.53,-0.0592312011298,-42.0,-0.0639664700551,0.0921947349076,0.941148020421,0.943361208326,66.0687263628,239,
42.0,0.53,-0.0618683804706,-30.0,-0.0726984067598,0.0976202330485,0.943295319358,0.937083294485,66.7039652308,239,
48.0,0.53,-0.131480584821,-30.0,-0.141024033682,0.156793736964,0.937512551699,0.85613782022,64.9765794412,239,
54.0,0.53,-0.177700143673,-18.0,-0.191392898084,0.204601100222,0.930098728609,0.783678575004,63.0395160325,239,
60.0,0.53,-0.164332140044,-24.0,-0.179833054013,0.189083264296,0.954668920175,0.810210067156,70.1454018565,239,
66.0,0.53,-0.142822042749,-24.0,-0.147018758523,0.159353320891,0.94944681849,0.8516494743,68.5834885265,239,
72.0,0.53,-0.18173553211,-30.0,-0.16967089024,0.179176493615,0.95603020598,0.817716333454,70.5707581632,239,
78.0,0.53,-0.162649580624,-30.0,-0.157469155897,0.168024220403,0.954130021298,0.836498123096,70.0447452353,239,
84.0,0.53,-0.0799122970349,-24.0,-0.0619482396869,0.088787015926,0.946052984374,0.944681717591,67.4942441027,239,
90.0,0.53,0.00949750254892,-42.0,0.0237637710778,0.0713867713195,0.938962414908,0.963719284541,65.5978563947,239,
96.0,0.53,0.0151082837596,-42.0,0.0293905794452,0.0685230341967,0.948657612565,0.966988462614,68.3654559393,239,
102.0,0.53,0.00476735051684,-42.0,0.0131643256216,0.0639531763318,0.947519456811,0.970910064926,68.0160451789,239,
108.0,0.53,0.0771231526718,-48.0,0.0976327340574,0.110449558556,0.966111792406,0.917749504984,73.607576286,239,
114.0,0.53,0.122566256441,-60.0,0.150744990622,0.167313347694,0.928458188673,0.832307006801,62.8536668839,240,
120.0,0.53,0.105449785319,-42.0,0.124273699128,0.140638508685,0.94147429614,0.874498822393,66.2876200319,239,
126.0,0.53,0.119741780307,-60.0,0.139569118886,0.15567053215,0.935647018662,0.849719954372,64.697757865,239,
