LeadTime (HRS), obsMax (m MSL), Peak (m), PLag (min), Bias(m), RMSD (m), RVal, Skil, VExp (%), nPts,
-0.0,0.482,0.0426521470837,-942.0,0.00903318189424,0.0623208365167,0.799412791734,0.88840430438,33.777517025,240,
6.0,0.482,0.033306928786,-1014.0,0.00791233184579,0.0557603786355,0.834713397724,0.909524679199,40.5154868134,239,
18.0,0.482,-0.0628770113249,-924.0,-0.0263915455663,0.0492256356773,0.899507904307,0.927589283763,55.2186447036,239,
24.0,0.482,-0.0661134489177,0.0,-0.0209664597582,0.0462351007226,0.900188930287,0.934758123362,55.59051293,239,
30.0,0.482,-0.0763374728897,-6.0,-0.0285620151781,0.0495753079719,0.903919911324,0.926462057084,56.331180051,239,
42.0,0.482,-0.0353901664811,6.0,0.00825966239123,0.0414114688873,0.903812833874,0.94750740357,56.2678568645,239,
48.0,0.482,-0.0447152474312,18.0,0.0090337178537,0.0411193503544,0.905469707358,0.94792506639,56.9188790092,240,
54.0,0.482,-0.0449816883912,-912.0,0.00667008303806,0.0418869147273,0.901146799272,0.94674695037,55.4477659306,239,
66.0,0.482,0.0493303183111,18.0,0.0976070156804,0.105393323496,0.915303233705,0.756585513772,57.166595117,239,
72.0,0.482,0.0634060185781,0.0,0.108549923193,0.115191117011,0.921864234956,0.72662054774,58.4697700105,239,
78.0,0.482,0.0629331794741,6.0,0.107549654494,0.114654405463,0.916138196146,0.726422822693,57.1925993736,239,
