LeadTime (HRS), obsMax (m MSL), Peak (m), PLag (min), Bias(m), RMSD (m), RVal, Skil, VExp (%), nPts,
-0.0,3.038,0.527482083544,-6.0,0.334506909477,0.343013300342,0.998189701171,0.992338652892,95.8966338312,238,
6.0,3.038,0.52787629716,-6.0,0.330897487652,0.337928307403,0.998286586264,0.992511791511,96.2395572029,237,
18.0,3.038,0.654507460786,12.0,0.464573065187,0.469966112407,0.998278099788,0.985628747165,96.0576582053,237,
24.0,3.038,0.65309009999,0.0,0.469370497924,0.474873302202,0.998266869554,0.985339255032,96.0121117704,237,
30.0,3.038,0.617744595476,6.0,0.471867471777,0.478281383072,0.998153793564,0.985110828996,95.7913779213,237,
42.0,3.038,0.460193265236,0.0,0.30017908747,0.310285575091,0.998246064648,0.993693247284,95.8386910936,237,
48.0,3.038,0.483591565811,0.0,0.327980584802,0.339141144853,0.998206029949,0.992537673981,95.479679432,238,
54.0,3.038,0.468074138487,0.0,0.336474205819,0.349750719542,0.997986263312,0.99203612706,94.9791097885,237,
66.0,3.038,0.705052173003,0.0,0.542910071414,0.55302060206,0.997949153564,0.980513079544,94.3882624046,237,
72.0,3.038,0.692987587948,0.0,0.532532224559,0.545552053343,0.997809472503,0.981148288049,93.693208076,237,
78.0,3.038,0.692038481658,0.0,0.53872492054,0.550220464297,0.997688304649,0.980655739966,94.1011251981,237,
