LeadTime (HRS), obsMax (m MSL), Peak (m), PLag (min), Bias(m), RMSD (m), RVal, Skil, VExp (%), nPts,
-0.0,0.728,-0.042795024105,-810.0,-0.0632291883065,0.0807269225657,0.984091286105,0.97599905874,81.3486801488,240,
6.0,0.728,-0.0486513238288,-810.0,-0.0647867918571,0.0771397396628,0.991079728796,0.977892585851,84.4664001471,239,
18.0,0.728,-0.0818837009722,18.0,-0.0438568284856,0.0527335195185,0.997550829135,0.989624801872,89.1370586959,239,
24.0,0.728,-0.0763609458212,6.0,-0.0393850202183,0.0485892516483,0.997699266151,0.991200167023,89.4433378924,239,
30.0,0.728,-0.0648937976132,6.0,-0.0390945268105,0.0476561846277,0.997614039809,0.991595039726,89.8895503353,239,
42.0,0.728,-0.0648516382249,12.0,-0.0290320755587,0.0401260219656,0.997881701884,0.993991995075,89.7241071704,239,
48.0,0.728,-0.0682393333192,18.0,-0.0273611165207,0.0389833072003,0.997728104842,0.994314388944,89.6807099345,240,
54.0,0.728,-0.0670927767522,12.0,-0.0288063873745,0.0399336056483,0.997504569699,0.994072720229,89.7361728832,239,
66.0,0.728,0.000970178820809,12.0,0.0365952640798,0.0459753996546,0.997427611768,0.992157625969,89.6717027568,239,
72.0,0.728,-0.00538565801327,12.0,0.0374716810531,0.0478648237124,0.9972916246,0.991428257868,88.9477130379,239,
78.0,0.728,0.00332040474287,12.0,0.0459466919027,0.0541250264407,0.997556194884,0.989102736918,89.3830591682,239,
