LeadTime (HRS), obsMax (m MSL), Peak (m), PLag (min), Bias(m), RMSD (m), RVal, Skil, VExp (%), nPts,
-0.0,0.754,0.181935144925,42.0,0.0995262513666,0.149712532563,0.953581892217,0.958209703679,69.7310023234,240,
6.0,0.754,0.155905009838,-24.0,0.10060918942,0.142544936328,0.9619035093,0.961881099602,72.6137002498,239,
18.0,0.754,0.0971384659887,-18.0,0.0923102137208,0.114867393126,0.98306168281,0.9748534256,81.4598114092,239,
24.0,0.754,0.095449951759,-12.0,0.0972574800776,0.116026421315,0.985642823568,0.974429782178,82.8407117407,239,
30.0,0.754,0.113687087647,42.0,0.0975685837796,0.115335073812,0.986377366794,0.974829172846,83.3201275951,239,
42.0,0.754,0.0588549837818,-18.0,0.0645701264264,0.0860638300768,0.98834284702,0.985907717448,84.568170563,239,
48.0,0.754,0.0586827442164,42.0,0.0633108968486,0.0839586919344,0.989182076627,0.986621534434,85.0757987006,240,
54.0,0.754,0.0550103782648,42.0,0.0611909795135,0.0829069795235,0.988789830344,0.986848132981,84.8094530236,239,
66.0,0.754,0.000240550057265,-6.0,0.0286366788658,0.0630529987317,0.98879787125,0.992320966024,84.7455336863,239,
72.0,0.754,-0.00602950358178,-6.0,0.0295458526073,0.0634435528724,0.988972962033,0.992190843118,84.753981802,239,
78.0,0.754,0.00912129349208,6.0,0.0275821950526,0.0635073954649,0.988489591887,0.992177068189,84.4658120533,239,
