LeadTime (HRS), obsMax (m MSL), Peak (m), PLag (min), Bias(m), RMSD (m), RVal, Skil, VExp (%), nPts,
-0.0,1.261,-0.270735311364,18.0,-0.118261975762,0.156488140502,0.991508020128,0.980627841135,82.8015498344,240,
6.0,1.261,-0.21437776595,18.0,-0.0576302330263,0.126244954136,0.988032660336,0.987133179946,81.0713144304,239,
12.0,1.261,-0.293001990573,0.0,-0.145681055788,0.17513249261,0.992726510976,0.975763211117,83.6193988448,239,
18.0,1.261,-0.264180503092,0.0,-0.120520006028,0.155627859754,0.992593036358,0.980707070752,83.4070643992,239,
24.0,1.261,-0.299796498092,6.0,-0.149678490294,0.178773415758,0.992334011564,0.974815522741,83.526163185,239,
30.0,1.261,-0.271739495763,6.0,-0.115323625689,0.148094738167,0.993365707038,0.982653431942,84.3426284246,239,
36.0,1.261,-0.28842057129,12.0,-0.141017995795,0.169466370329,0.992872073493,0.977445637752,84.1620546914,239,
42.0,1.261,-0.288799226343,6.0,-0.143318489023,0.170408131039,0.992880128173,0.97731443181,84.4644168319,239,
48.0,1.261,-0.288711877412,6.0,-0.146411354675,0.173672291155,0.991500985242,0.976677919257,84.2582732342,239,
54.0,1.261,-0.300304438772,12.0,-0.153263848027,0.178518039844,0.991931744791,0.975436581937,84.5743555714,239,
60.0,1.261,-0.266356816384,12.0,-0.128824375225,0.159755934906,0.991732643043,0.980077945775,84.0784809985,239,
66.0,1.261,-0.266461110924,6.0,-0.14826065503,0.175959688273,0.990960229082,0.976102270687,84.0300822879,239,
72.0,1.261,-0.263060199085,12.0,-0.139839955224,0.170143427782,0.990071711644,0.977659744732,83.6670118132,239,
78.0,1.261,-0.343972506712,12.0,-0.2031968214,0.223810259892,0.991271310835,0.961945568717,84.1895947648,239,
84.0,1.261,nan,nan,nan,nan,nan,nan,nan,0,
90.0,1.261,-0.276327053428,0.0,-0.141389425995,0.164156942567,0.993589946531,0.979179930474,85.906382062,239,
96.0,1.261,-0.247387806901,6.0,-0.111558824018,0.137721947708,0.993868073453,0.985323923222,86.353688278,239,
102.0,1.261,-0.296892075133,12.0,-0.160965626915,0.180866179121,0.993243895714,0.975011950671,86.0631412425,239,
108.0,1.261,-0.152454949447,12.0,-0.0270494192541,0.0909520685924,0.992753715601,0.993497532034,85.3266501022,239,
114.0,1.261,-0.180080109956,6.0,-0.0397242718402,0.0993363540127,0.992354239619,0.992181793405,84.6150766909,239,
120.0,1.261,-0.135628205933,6.0,-0.00149409495339,0.0829276253672,0.993231467349,0.994627221101,85.989461407,239,
126.0,1.261,-0.187799837798,6.0,-0.0603036224095,0.101212870661,0.993250840781,0.992060424892,86.2644742355,239,
