LeadTime (HRS), obsMax (m MSL), Peak (m), PLag (min), Bias(m), RMSD (m), RVal, Skil, VExp (%), nPts,
-0.0,1.225,0.219346593273,12.0,0.462357434862,0.482047627814,0.996222382777,0.88230712943,81.0140828572,240,
6.0,1.225,0.199919398612,-12.0,0.48312026862,0.504517029331,0.995462018023,0.871825503776,79.7883572566,239,
12.0,1.225,0.0570675763314,12.0,0.266253026572,0.300612004074,0.992471899612,0.950557315361,80.5961099197,239,
18.0,1.225,0.0789164887203,6.0,0.287830770506,0.317411398387,0.992028056479,0.946037131482,81.396393688,239,
24.0,1.225,0.0538331075509,-6.0,0.22464480412,0.264291557611,0.991895239548,0.961433698485,80.6420733266,239,
30.0,1.225,0.0679213903243,-6.0,0.273965520896,0.307037431718,0.990969815275,0.949077110687,80.7270732521,239,
36.0,1.225,-0.0691755759317,-12.0,0.0888601239195,0.168434605026,0.988175529216,0.984151756653,80.1055833499,239,
42.0,1.225,-0.0605533517081,-12.0,0.126659480081,0.196107980416,0.987344490921,0.978411075107,79.1836219986,239,
48.0,1.225,-0.181228167434,-12.0,0.00804965912621,0.154249099785,0.987390207946,0.986376405525,78.5829667038,239,
54.0,1.225,-0.0804556831133,-18.0,0.124819547767,0.196781061033,0.987493384746,0.978121124843,78.8486821434,239,
60.0,1.225,-0.230573570326,-18.0,-0.00304436324461,0.172040661734,0.981904317865,0.982870728764,76.083812237,239,
66.0,1.225,-0.119817091046,-24.0,0.0835631693792,0.184652812221,0.983191092593,0.980562215538,77.105850534,239,
72.0,1.225,-0.221211947642,-12.0,-0.029373611603,0.156072075104,0.98635653142,0.986170188581,78.6880641996,239,
78.0,1.225,-0.23177852005,-30.0,-0.0146740790542,0.157700575846,0.986016529588,0.985780058361,78.1689908091,239,
84.0,1.225,nan,nan,nan,nan,nan,nan,nan,0,
90.0,1.225,-0.0755158769766,-6.0,0.178221580108,0.242932898216,0.986157773169,0.966265538009,77.0383275807,239,
96.0,1.225,-0.0925937544146,-6.0,0.158430933956,0.224463772042,0.987815548551,0.971193142492,77.8837064907,239,
102.0,1.225,-0.0777381766012,-6.0,0.197337711005,0.260806378391,0.987099217404,0.96068206044,76.2822538704,239,
108.0,1.225,0.0890915220211,0.0,0.354751064953,0.388556742731,0.990497994353,0.918212419155,77.951865306,239,
114.0,1.225,0.0929328649233,0.0,0.39695051669,0.431542918451,0.991842950319,0.898943518976,76.453434165,239,
120.0,1.225,-0.135469333374,0.0,0.17555016759,0.265711512919,0.976196554649,0.958356613948,72.2571559098,239,
126.0,1.225,-0.0185998193168,-12.0,0.265642821428,0.322900901941,0.984123275377,0.940168185653,74.4670825629,239,
