LeadTime (HRS), obsMax (m MSL), Peak (m), PLag (min), Bias(m), RMSD (m), RVal, Skil, VExp (%), nPts,
-0.0,0.179,0.649924903133,-96.0,0.705043144818,0.706164127071,0.826931613983,0.12282185305,26.83768115,239,
6.0,0.179,0.652118045448,-96.0,0.706919950609,0.708156428228,0.788377674193,0.122208143016,23.0558225505,239,
12.0,0.179,0.648245517506,-78.0,0.707407001656,0.70875884867,0.742307187504,0.121749368631,19.5152642828,239,
18.0,0.179,0.65937548779,-132.0,0.721080514312,0.72245589457,0.728790887941,0.119531644408,18.0369794827,239,
24.0,0.179,0.665374679191,-72.0,0.715393927999,0.716567330685,0.807925794151,0.1212628033,24.5981739064,239,
30.0,0.179,0.657477757928,-60.0,0.703519909344,0.704548315962,0.864927897106,0.123577326314,30.0017840736,239,
36.0,0.179,0.654386223559,-72.0,0.71085670948,0.71222851662,0.761458620043,0.121331274167,18.7254310324,239,
42.0,0.179,0.664157868926,-78.0,0.722090752235,0.723412081199,0.795375193097,0.119613865861,19.6089609914,239,
48.0,0.179,0.657854542993,-84.0,0.712972273572,0.714298642204,0.773052984901,0.121153936553,19.9653555745,239,
54.0,0.179,0.656661378708,-60.0,0.709062562029,0.710330184086,0.804912230455,0.121990110406,21.9740841599,239,
60.0,0.179,0.662434196016,-60.0,0.713753386264,0.715071929957,0.800811085149,0.121091725701,20.1583466345,239,
66.0,0.179,0.67558966093,-42.0,0.731092154638,0.732499013689,0.760856116685,0.118115607558,16.5304878475,239,
72.0,0.179,0.667994266565,-72.0,0.717279986155,0.718474150168,0.855578622532,0.120931168122,23.8333739426,239,
78.0,0.179,0.664446292144,-60.0,0.717617516352,0.719016587153,0.820408860729,0.120372600536,17.5319695023,239,
84.0,0.179,0.658954137489,-90.0,0.713011646872,0.714384642414,0.756795083466,0.121127802044,18.5671685181,239,
90.0,0.179,0.677611840888,-54.0,0.735945211131,0.737202477117,0.829513794842,0.117820814603,20.8356923244,239,
96.0,0.179,nan,nan,nan,nan,nan,nan,nan,0,
102.0,0.179,0.660286953767,-84.0,0.716828509192,0.718140668416,0.796399342226,0.120827530894,20.2649728808,239,
108.0,0.179,0.668658932679,-138.0,0.723563479975,0.725155768543,0.607723764379,0.119214537396,11.745350448,239,
114.0,0.179,0.676889514771,-108.0,0.733541729979,0.735048856194,0.696770143452,0.117831220603,13.5510400038,239,
120.0,0.179,0.689001161463,-132.0,0.741325897893,0.742723228633,0.713722761885,0.11712284998,16.3225693497,239,
126.0,0.179,0.669404038345,-66.0,0.715522158364,0.716785888734,0.812715296593,0.121513049146,21.8228168169,239,
