LeadTime (HRS), obsMax (m MSL), Peak (m), PLag (min), Bias(m), RMSD (m), RVal, Skil, VExp (%), nPts,
-0.0,1.424,-0.0745735363343,12.0,-0.054605208574,0.112769659246,0.995484769049,0.996984023897,90.4629715493,239,
6.0,1.424,-0.0539474593678,12.0,-0.0204311121336,0.101293065069,0.995446641581,0.997561837689,90.4104180232,239,
12.0,1.424,-0.136136265556,0.0,-0.102573191093,0.14083953294,0.995956740667,0.995232128346,90.6713402939,239,
18.0,1.424,-0.0926810707224,12.0,-0.0555150638519,0.110187048967,0.996067276478,0.997077630344,90.8000475244,239,
24.0,1.424,-0.19106529831,6.0,-0.131212771976,0.169903556869,0.995478380762,0.992940245429,89.5669794508,239,
30.0,1.424,-0.0773258529842,12.0,-0.0459553881824,0.103163281514,0.996289777461,0.997441252047,91.0724328139,239,
36.0,1.424,-0.162816466046,6.0,-0.118288112711,0.158118880827,0.995723157345,0.99389096427,89.8580143038,239,
42.0,1.424,-0.0454814375491,6.0,-0.0226169179472,0.0850727235278,0.997098927313,0.998264171466,92.0729333072,239,
48.0,1.424,-0.169763975707,6.0,-0.134170874197,0.169570528272,0.995849589648,0.992981811115,89.9771635134,239,
54.0,1.424,-0.0283229537742,6.0,-0.0109588125257,0.0855998499759,0.996713003285,0.998257462597,91.7941496294,239,
60.0,1.424,-0.164062949859,0.0,-0.115950900626,0.151729466921,0.996269806548,0.994396060595,90.5407029,239,
66.0,1.424,-0.00366362348669,6.0,0.015352224573,0.0841735189656,0.996922167575,0.998310744098,92.0003999768,239,
72.0,1.424,-0.180273594724,6.0,-0.134774149377,0.165209485677,0.996315984976,0.993394662825,90.7641478192,239,
78.0,1.424,-0.0353575795697,12.0,-0.015295014083,0.0801367112666,0.997228375309,0.998469978071,92.3965146419,239,
84.0,1.424,-0.11763226072,6.0,-0.114459271651,0.148066871351,0.996279957724,0.994717944227,90.9208714314,239,
90.0,1.424,0.039965190967,6.0,0.00595436225091,0.0818618430301,0.996888748004,0.998421363796,92.1083328121,239,
96.0,1.424,nan,nan,nan,nan,nan,nan,nan,0,
102.0,1.424,-0.0137772736318,6.0,-0.0433342319517,0.116470509453,0.994718470841,0.996737154764,89.540854652,239,
108.0,1.424,-0.108550869442,-6.0,-0.11431582487,0.157825414386,0.99474416102,0.994000063039,89.4725154155,239,
114.0,1.424,-0.0223200627488,6.0,-0.0348983462704,0.100677478753,0.995845499308,0.997596441091,90.8637044351,239,
120.0,1.424,-0.126769164089,-6.0,-0.119567836888,0.166893854617,0.994104311171,0.993244873619,88.7353371173,239,
126.0,1.424,-0.0551256999192,0.0,-0.083973572614,0.134957716214,0.994905148736,0.995640648104,89.7786932204,239,
