LeadTime (HRS), obsMax (m MSL), Peak (m), PLag (min), Bias(m), RMSD (m), RVal, Skil, VExp (%), nPts,
-0.0,1.065,0.0246453392685,-12.0,-0.064960212792,0.0978703314546,0.99665533582,0.995941931296,90.2304474992,239,
6.0,1.065,-0.121483496514,12.0,-0.153014769096,0.168348983701,0.996822950867,0.988049012022,90.6314749274,239,
12.0,1.065,0.149772042394,12.0,0.109957254583,0.126629510739,0.99777783777,0.9932239146,91.6182554612,239,
18.0,1.065,0.0414230010278,6.0,0.0195195906708,0.0664898670663,0.997606935971,0.998118515094,91.5174452306,239,
24.0,1.065,0.101261879515,0.0,0.0659781168001,0.0901318505505,0.997872594355,0.996551709985,91.8049904585,239,
30.0,1.065,-0.00672424954863,12.0,-0.0233629362674,0.0657828959794,0.997727869708,0.99815466582,91.7931280454,239,
36.0,1.065,0.204001052818,-6.0,0.173499407013,0.183838636813,0.998095731052,0.985863656946,91.8880412868,239,
42.0,1.065,0.12383358322,-6.0,0.0888573648246,0.109152610505,0.997757267131,0.994960228292,91.5397596534,239,
48.0,1.065,0.14503623192,0.0,0.0985309935886,0.11585472631,0.997909595454,0.994314964338,91.8668145692,239,
54.0,1.065,0.0535454627905,0.0,0.000383142051654,0.062427219116,0.997702433221,0.998340301127,91.6687950304,239,
60.0,1.065,0.196803699329,-6.0,0.154153997616,0.165535945547,0.998004801937,0.988473993204,91.9496494089,239,
66.0,1.065,0.138428499568,-6.0,0.0959389846807,0.114310412403,0.997773956784,0.994462890994,91.7056789142,239,
72.0,1.065,0.103811660198,-18.0,0.0709069272719,0.0950913652005,0.997673103182,0.996163204188,91.5440614294,239,
78.0,1.065,0.029442547141,6.0,-0.00291758678044,0.0638046596053,0.997591108605,0.998267235853,91.4937158252,239,
84.0,1.065,0.162705125933,0.0,0.122276662123,0.137367764294,0.997782523291,0.992033251155,91.6460476907,239,
90.0,1.065,0.162942436004,0.0,0.125085050242,0.140981343083,0.997584303899,0.991621277201,91.3206950358,239,
96.0,1.065,nan,nan,nan,nan,nan,nan,nan,0,
102.0,1.065,0.0609977344206,-12.0,0.0305914289061,0.0558115666388,0.999117322935,0.998679771711,93.7855261976,239,
108.0,1.065,0.132667495571,-12.0,0.096879015496,0.108266014157,0.999130925263,0.995065727371,93.5656990654,239,
114.0,1.065,0.204700993866,-12.0,0.159503893381,0.167233147604,0.999097632653,0.988338952891,93.3098752427,239,
120.0,1.065,0.0945664141728,-6.0,0.0601530858194,0.0778614375582,0.999002925788,0.997439457346,93.418608899,239,
126.0,1.065,0.0889588661695,-12.0,0.0439403835723,0.0684200368839,0.998815700978,0.998024133851,93.0180691355,239,
