LeadTime (HRS), obsMax (m MSL), Peak (m), PLag (min), Bias(m), RMSD (m), RVal, Skil, VExp (%), nPts,
-0.0,0.388,0.0262942738985,78.0,0.0446735333069,0.0481692388472,0.988367035512,0.959246162234,84.7835412644,240,
6.0,0.388,0.033524255457,78.0,0.0569276182063,0.0602178923958,0.986286566501,0.936558010497,83.3891084903,239,
12.0,0.388,nan,nan,nan,nan,nan,nan,nan,0,
18.0,0.388,0.0513650448746,72.0,0.0481462092391,0.0551433996135,0.97496249368,0.948394692675,77.2571141213,239,
24.0,0.388,0.0382013350893,72.0,0.031088546573,0.0439968524776,0.966289118649,0.966153718247,73.6629103685,239,
30.0,0.388,0.0366406254801,72.0,0.0452499865276,0.0560429357276,0.960111596756,0.943183248969,72.0285469555,239,
36.0,0.388,0.0752232987186,78.0,0.103661155684,0.110043144385,0.950443062521,0.808079661881,68.757911619,239,
42.0,0.388,0.124987430727,66.0,0.127892835275,0.133934404302,0.947332069704,0.766651451222,66.3536703871,239,
48.0,0.388,0.136134829109,60.0,0.132964527878,0.138017217264,0.95518315669,0.7586581282,68.696944675,239,
54.0,0.388,0.154078728702,60.0,0.15774727806,0.16390801716,0.938085675734,0.704905181783,62.3411397402,239,
60.0,0.388,0.0729495840267,60.0,0.0698560260189,0.0853638410256,0.924614405419,0.886893351524,58.4946223216,239,
66.0,0.388,0.0646442027794,42.0,0.0807229401174,0.0909775413129,0.936134964798,0.864385889384,64.5022722108,239,
72.0,0.388,0.0697906851211,66.0,0.0559696722479,0.0656274371772,0.960826895245,0.929289144465,71.0095236457,239,
78.0,0.388,0.031597839637,54.0,0.0397883505273,0.051499043281,0.961816071356,0.953166378522,72.3400042953,239,
84.0,0.388,-0.0555967651626,60.0,-0.0343731692193,0.0488141605352,0.956964413737,0.957582319647,70.6787482939,239,
90.0,0.388,-0.0836264878204,78.0,-0.0529513380167,0.0579470360611,0.980074516645,0.940702439062,80.087944673,239,
96.0,0.388,-0.111968387796,54.0,-0.093242168947,0.100537313209,0.949573526887,0.845271447513,68.1927407662,239,
102.0,0.388,-0.13272242647,36.0,-0.103044780217,0.107812762174,0.963443462754,0.824144389964,73.2086661944,240,
108.0,0.388,-0.170335022341,42.0,-0.12645748554,0.129616257227,0.970859686109,0.76557048683,75.9366706911,239,
114.0,0.388,-0.157181510551,48.0,-0.111757083846,0.115918789226,0.966201643521,0.797930662293,73.9559666463,239,
120.0,0.388,-0.205761095785,66.0,-0.148586806284,0.152152476069,0.96285249869,0.703426879405,72.2936247718,239,
126.0,0.388,-0.237840580327,72.0,-0.184447623642,0.189118530332,0.935523344284,0.636104375967,64.6574054948,239,
