LeadTime (HRS), obsMax (m MSL), Peak (m), PLag (min), Bias(m), RMSD (m), RVal, Skil, VExp (%), nPts,
-0.0,0.597,0.394245529078,-66.0,0.291664292425,0.340907444944,0.92221516632,0.866257018593,59.3287242317,240,
6.0,0.597,0.327087870027,-30.0,0.232858670675,0.291888080978,0.924398226579,0.899030703084,59.5272520304,239,
12.0,0.597,nan,nan,nan,nan,nan,nan,nan,0,
18.0,0.597,0.415918582917,-78.0,0.373006312382,0.420927576243,0.903468178155,0.809902832827,55.1743799169,239,
24.0,0.597,0.430116960521,-78.0,0.386586753177,0.433367387015,0.902859650404,0.801557962544,54.9911582816,239,
30.0,0.597,0.364727417666,-36.0,0.316736556615,0.370919267651,0.906378423134,0.844885591226,55.6405724831,239,
36.0,0.597,0.408413183035,-36.0,0.376066532307,0.423277944107,0.904712455063,0.808785275893,55.3562685286,239,
42.0,0.597,0.403774391669,-72.0,0.372421379749,0.419136793244,0.906534271232,0.811711545644,55.8082172768,239,
48.0,0.597,0.378917906846,-48.0,0.343591466441,0.392798719504,0.908187291158,0.829620563924,56.2539785989,239,
54.0,0.597,0.319415599787,-42.0,0.237683723281,0.304498128264,0.910335439201,0.889455852291,56.2601242528,239,
60.0,0.597,0.381254233271,-42.0,0.342758232609,0.391787493228,0.908942802932,0.830536670947,56.3878904588,239,
66.0,0.597,0.405288011937,-54.0,0.356268921086,0.403985451776,0.908600494099,0.822562500283,56.2292591227,239,
72.0,0.597,0.380577546946,-54.0,0.332268227424,0.381447510976,0.912131062785,0.83872688195,56.944985495,239,
78.0,0.597,0.359986871037,-48.0,0.222317984433,0.291117769251,0.916334879339,0.900371217286,56.8076734205,239,
84.0,0.597,0.42713790658,-60.0,0.370523051475,0.414804536681,0.91255390998,0.816018949565,57.1445045076,239,
90.0,0.597,0.468964973462,-60.0,0.419140131782,0.459493350091,0.910807691442,0.785416994227,56.7274023025,239,
96.0,0.597,0.433562493363,-42.0,0.385224158506,0.428209134498,0.911698772433,0.806171825745,57.0276286236,239,
102.0,0.597,0.360159488195,-48.0,0.259197657856,0.316452980441,0.918412102197,0.882432091839,58.1915787815,240,
108.0,0.597,0.442132393255,-60.0,0.393647322085,0.434437019763,0.913264026199,0.800427004835,57.7364357106,239,
114.0,0.597,0.527116332354,-54.0,0.478714278226,0.513333915315,0.912985866233,0.749160392269,57.383161219,239,
120.0,0.597,0.46333228274,-54.0,0.420032594542,0.458331200266,0.914327363542,0.785127977644,57.8223590152,239,
126.0,0.597,0.357275280124,-60.0,0.32363555731,0.371733984523,0.915261963625,0.844502033987,57.9441068529,239,
