LeadTime (HRS), obsMax (m MSL), Peak (m), PLag (min), Bias(m), RMSD (m), RVal, Skil, VExp (%), nPts,
-0.0,4.983,0.539343082389,12.0,1.4016107174,1.83174996663,0.91512253034,0.892163248348,59.2588229773,108,
6.0,4.983,0.0657054237102,6.0,1.05478077402,1.59254387042,0.921148807896,0.913525787137,59.4273063963,109,
12.0,4.983,-0.139295158541,12.0,0.977211680331,1.63569283772,0.909881806826,0.9051400142,55.9972997013,109,
18.0,4.983,-0.366928818549,12.0,0.755109285132,1.54578073731,0.90624191774,0.913146111972,55.1110246358,109,
24.0,4.983,0.0278406998847,18.0,1.13521455595,1.74467243964,0.906653120688,0.893794642627,55.4476905548,109,
30.0,4.983,-0.0155003765462,18.0,1.06659722651,1.67259947588,0.911820128583,0.902536682375,56.6307028115,109,
36.0,4.983,-0.265626965749,18.0,0.856224521429,1.60720127573,0.90339621384,0.906957708061,54.6672193923,109,
42.0,4.983,-0.356400012067,12.0,0.76589199838,1.56558939002,0.903447183972,0.910915727137,54.59659915,109,
48.0,4.983,-0.168424557805,18.0,0.959083447807,1.66498212751,0.902706334607,0.900936888246,54.5324237581,109,
54.0,4.983,0.0200338489328,18.0,1.1039441758,1.70392998311,0.910067654782,0.899137565121,56.2988338189,109,
60.0,4.983,-0.417826911258,12.0,0.718747271088,1.56385752723,0.90012237093,0.910386129113,53.9116688008,109,
66.0,4.983,-0.305916150147,12.0,0.802874632045,1.60645022631,0.897495555738,0.906680423848,53.7493751531,109,
72.0,4.983,-0.333126297861,18.0,0.801883293252,1.61086528815,0.897657784111,0.905633909696,53.5759096069,109,
78.0,4.983,-0.0187027040061,18.0,1.0780214979,1.70307069461,0.907541428358,0.898596769509,55.7124696459,109,
84.0,4.983,-0.414368623994,12.0,0.710179048127,1.54122435138,0.903717957733,0.913200935055,54.5815834495,109,
90.0,4.983,-0.186779223221,18.0,0.919637847547,1.62142725682,0.906260070245,0.90636317228,55.3586263285,109,
96.0,4.983,-0.390741248203,12.0,0.730155345079,1.55384319901,0.902716420776,0.911903486012,54.4399864717,109,
102.0,4.983,0.140637404592,18.0,1.21403473418,1.75385857746,0.914044194015,0.89474090565,57.14156775,109,
108.0,4.983,-0.459910655265,12.0,0.647436722235,1.48261591112,0.909929985152,0.919648927455,55.7146557949,109,
114.0,4.983,-0.279533051191,12.0,0.826498836159,1.56019874697,0.909672420715,0.912508563736,55.8402467693,109,
120.0,4.983,-0.547044621463,12.0,0.560634245376,1.48038396194,0.90448993715,0.919123801917,54.6721386162,109,
126.0,4.983,-0.144187557131,18.0,0.949150666149,1.61773370082,0.909956734971,0.907375595148,56.1075748884,109,
