LeadTime (HRS), obsMax (m MSL), Peak (m), PLag (min), Bias(m), RMSD (m), RVal, Skil, VExp (%), nPts,
-0.0,0.029,-0.212575211142,12.0,-0.206068280921,0.209590998595,0.749424021284,0.309955179111,27.617886251,240,
6.0,0.029,-0.22968382869,6.0,-0.209080149999,0.212443342841,0.741806318667,0.303877464434,27.8105465089,239,
12.0,0.029,-0.149005793424,6.0,-0.119762817658,0.125184302989,0.739379981329,0.437141392716,30.1313600019,239,
18.0,0.029,-0.12530129467,6.0,-0.093781991918,0.0999567294101,0.764442254945,0.511557230237,33.6861197099,239,
24.0,0.029,-0.095394648839,6.0,-0.0635656110482,0.0727912398949,0.748035016185,0.631198885019,31.9977241329,239,
30.0,0.029,-0.0607169285966,6.0,-0.0390904848207,0.0534061014116,0.74484549958,0.757297622072,30.2322273388,239,
36.0,0.029,-0.0266296107086,6.0,-0.015926978836,0.0426287436283,0.71465684887,0.828393627412,24.1873579856,239,
42.0,0.029,-0.0137912264323,6.0,0.012566829209,0.0391410707906,0.722852635573,0.836261040596,28.9284370203,239,
48.0,0.029,-0.000185798353282,6.0,0.0267501923831,0.0453236403956,0.730344658688,0.799460168702,29.8509081453,239,
54.0,0.029,-0.0326785203832,6.0,-0.000248134388933,0.0359863229664,0.736183136931,0.854035170913,31.0055549463,239,
60.0,0.029,-0.0436343706015,6.0,-0.00572897524704,0.0390251473388,0.695950656435,0.829206096765,25.9882532329,239,
66.0,0.029,-0.0113844812189,6.0,0.0274014432777,0.0457822145563,0.725111907867,0.793076336646,29.6804798426,239,
72.0,0.029,0.0187005967246,6.0,0.0675762146068,0.0756894365748,0.757778012166,0.63377380355,34.6335807825,239,
78.0,0.029,-0.0167216477672,6.0,0.018191353023,0.0378407850331,0.771862823442,0.838640658762,36.3819175471,239,
84.0,0.029,0.0346777976771,6.0,0.0853992149272,0.0918901343235,0.759890211154,0.566037526035,34.9598689109,239,
90.0,0.029,nan,nan,nan,nan,nan,nan,nan,0,
96.0,0.029,0.124181898343,0.0,0.186475671833,0.189150374665,0.795821906114,0.339338915884,38.2514495175,239,
102.0,0.029,0.108825914896,0.0,0.150306581082,0.153451355373,0.798556928404,0.412154719868,39.7898504518,239,
108.0,0.029,0.00762180831413,0.0,0.0573061387311,0.0642630184726,0.829529216769,0.677250360894,43.3460624097,239,
114.0,0.029,0.0111984747029,0.0,0.0547196555265,0.0621292118179,0.82177198286,0.691712197078,42.6782417507,239,
120.0,0.029,0.034235659796,0.0,0.0750289916196,0.0801681784554,0.840722940218,0.610239879686,44.9825761319,239,
126.0,0.029,-0.00505152064243,0.0,0.0512636527171,0.060157792485,0.79504222995,0.685745046651,38.6735935007,239,
