LeadTime (HRS), obsMax (m MSL), Peak (m), PLag (min), Bias(m), RMSD (m), RVal, Skil, VExp (%), nPts,
-0.0,0.693,0.451654529077,48.0,0.119997064893,0.168093356471,0.952150001653,0.94653192272,65.7784641285,240,
6.0,0.693,0.495579385404,48.0,0.16114507989,0.195467400698,0.957042435799,0.928823416506,67.7909723193,239,
12.0,0.693,0.273994016642,-24.0,0.0786760403418,0.121816871025,0.969709859208,0.971057228437,72.923982566,239,
18.0,0.693,0.316682562653,-24.0,0.144889416166,0.166163569816,0.976949612512,0.947706171747,76.3171286707,239,
24.0,0.693,0.303591583039,-24.0,0.123203390073,0.141562163934,0.983300830297,0.961426179047,79.7024509379,239,
30.0,0.693,0.294053557903,-24.0,0.145890230443,0.155886164631,0.989902160744,0.953645500883,84.0326215507,240,
36.0,0.693,0.188339842352,42.0,0.0722800059588,0.0880924654716,0.991553474121,0.984576942129,85.3236065148,239,
42.0,0.693,0.275767241824,42.0,0.147221342057,0.154410240897,0.993247450193,0.954416931025,86.4286104803,239,
48.0,0.693,0.219673678874,42.0,0.129644993489,0.13635516195,0.994484098941,0.963936737401,87.6870425219,239,
54.0,0.693,0.176011672114,42.0,0.120833150361,0.126804548111,0.996009299677,0.968830136716,88.7926972915,239,
60.0,0.693,0.111939473542,48.0,0.0591058259903,0.0716397503224,0.995365544199,0.989814357402,88.201908531,239,
66.0,0.693,0.172050701009,0.0,0.132796543522,0.139863690088,0.994485325533,0.962424266164,87.2065500889,239,
72.0,0.693,0.18527531087,6.0,0.145848904648,0.152235344041,0.994504805691,0.95579322741,87.2839087962,239,
78.0,0.693,0.124360822802,6.0,0.0936733426241,0.101732947695,0.995504407793,0.979648723817,88.4340616396,239,
84.0,0.693,0.0872259013199,0.0,0.0604621252946,0.0712417375221,0.996127674835,0.989917863335,89.0186546869,239,
90.0,0.693,0.18886397865,0.0,0.125961972164,0.132842405945,0.99490051181,0.965918033134,87.7016048781,239,
96.0,0.693,0.223481975815,6.0,0.18684709648,0.190486691716,0.996013617855,0.932220563211,89.199493701,239,
102.0,0.693,0.124649407877,6.0,0.0934143862782,0.0995421810213,0.996942799403,0.980491118313,89.9784104901,239,
108.0,0.693,0.106080954829,18.0,0.0730506866037,0.081214092283,0.996485984546,0.986886775256,89.6575411202,239,
114.0,0.693,0.138217502351,6.0,0.121247645522,0.12610046389,0.996618871322,0.968950817737,89.9026818889,239,
120.0,0.693,nan,nan,nan,nan,nan,nan,nan,0,
126.0,0.693,0.124084977503,0.0,0.0935623430313,0.0989642274113,0.997341349938,0.980698397614,90.6112234775,239,
