LeadTime (HRS), obsMax (m MSL), Peak (m), PLag (min), Bias(m), RMSD (m), RVal, Skil, VExp (%), nPts,
-0.0,1.242,-0.0470300080556,-1434.0,-0.0662519902278,0.0890930060845,0.997283589187,0.996960032355,92.617276641,240,
6.0,1.242,0.0702911917352,0.0,0.032918802261,0.0720380073395,0.996833353435,0.997996334045,92.0377222472,239,
12.0,1.242,-0.0596812836287,0.0,-0.095281209264,0.118785032337,0.996108986394,0.994534172304,91.1858517885,239,
18.0,1.242,0.0117905034761,0.0,-0.0281042918972,0.075418346663,0.996212093199,0.997789863572,91.3033948428,239,
24.0,1.242,-0.0758402280226,0.0,-0.111198234021,0.135297670995,0.995404618923,0.992909788409,90.422651189,239,
30.0,1.242,-0.0534984784426,-6.0,-0.0736199719939,0.100693564068,0.996369491663,0.996089239133,91.4857038927,240,
36.0,1.242,-0.0799456607301,0.0,-0.104436869691,0.12532743026,0.996290402226,0.993929433355,91.394021008,239,
42.0,1.242,-0.0563156997478,0.0,-0.0752542926157,0.100646165914,0.99655286124,0.996069569745,91.6983424105,239,
48.0,1.242,-0.0945804135866,0.0,-0.0984178085512,0.119720077201,0.996433989833,0.994424321836,91.5323589821,239,
54.0,1.242,-0.124941338529,0.0,-0.131221933076,0.149956061851,0.99594278994,0.991287762979,90.9844676734,239,
60.0,1.242,0.00582497577369,0.0,-0.0175617526159,0.0743185302113,0.995975507093,0.997848952196,91.0297615806,239,
66.0,1.242,0.0112405216656,0.0,-0.0206048474764,0.075564612907,0.995917608714,0.997778328108,90.9692257836,239,
72.0,1.242,0.089601211132,0.0,0.056416696991,0.0914092999715,0.996004046379,0.996753981955,91.0659682296,239,
78.0,1.242,-0.0535426445915,0.0,-0.0725086483227,0.0986093113811,0.996548541139,0.996240600744,91.6984817625,239,
84.0,1.242,0.114096279561,0.0,0.0963653944658,0.116256761622,0.99673217275,0.994785316019,91.9216896215,239,
90.0,1.242,0.0527637416124,0.0,0.0352156570852,0.0661711795095,0.997626264251,0.998288635641,93.0410484186,239,
96.0,1.242,0.196376594768,0.0,0.178585185585,0.1871465241,0.997605037948,0.986522301663,93.0491790354,239,
102.0,1.242,0.0223952739277,0.0,-0.00848110991984,0.0615661486261,0.99712826372,0.998529374656,92.4252971553,239,
108.0,1.242,0.130504176975,0.0,0.107413576496,0.117574358732,0.998248865367,0.994649777573,94.0608109917,239,
114.0,1.242,0.0783925078258,0.0,0.017899902985,0.0672608633659,0.996751744731,0.998247512007,91.946298288,239,
120.0,1.242,nan,nan,nan,nan,nan,nan,nan,0,
126.0,1.242,-0.00894359542316,0.0,-0.0486584702552,0.101001574294,0.993958943877,0.996058833534,89.0018491006,239,
