LeadTime (HRS), obsMax (m MSL), Peak (m), PLag (min), Bias(m), RMSD (m), RVal, Skil, VExp (%), nPts,
-0.0,0.307,-0.0845655024634,600.0,0.045715173576,0.0756292765117,0.19509437936,0.432311311363,0.0,239,
6.0,0.307,-0.108854615111,600.0,0.0341490194417,0.0648472659119,0.347257344213,0.454404828786,6.20635995181,240,
12.0,0.307,-0.040359504191,444.0,0.0944679447306,0.109923428873,0.328852327026,0.434193847745,4.37317311627,240,
18.0,0.307,-0.0579979583888,600.0,0.0837672008711,0.10085742714,0.295369517865,0.43362115195,4.42905506541,240,
24.0,0.307,-0.0542211017949,150.0,0.0927812645953,0.112044008245,-0.0316704769322,0.380934822448,0.0,240,
30.0,0.307,-0.0367165191401,600.0,0.0993844330932,0.115201412094,0.194128014582,0.403282143274,0.87813573624,240,
36.0,0.307,-0.0569433525398,600.0,0.0952880060181,0.113592785653,0.0843341210275,0.396669396767,0.0,240,
42.0,0.307,0.0206121393438,84.0,0.115399887534,0.124870270573,0.586259968323,0.46789800034,18.8402227272,240,
48.0,0.307,-0.0435480442922,600.0,0.0732300974621,0.0962274101199,0.183837263048,0.4218201897,0.0,240,
54.0,0.307,-0.0771988388409,-96.0,0.0735095867604,0.0959335193691,0.105303211021,0.419494613206,0.0,240,
60.0,0.307,-0.0439987348813,324.0,0.069690367616,0.098924221106,-0.116366855604,0.350063405471,0.0,240,
66.0,0.307,-0.100457132727,-582.0,0.046117751139,0.0866883132671,-0.268319131284,0.27921977848,0.0,240,
72.0,0.307,-0.0837568935984,-612.0,0.0471657404743,0.0858355684441,-0.390095849846,0.288296612343,0.0,240,
78.0,0.307,-0.0426979318746,-594.0,0.0504543735118,0.0982229915933,-0.382157136623,0.186376716691,0.0,240,
84.0,0.307,-0.116055306913,600.0,0.0381680377842,0.0703891755873,0.142586508752,0.431974593774,0.0,240,
90.0,0.307,-0.115678033233,600.0,0.042774553881,0.0740475331601,0.0088551204084,0.417799180906,0.0,240,
96.0,0.307,-0.0914487055886,600.0,0.0373882788361,0.0711112497219,0.0403056052447,0.416753950355,0.0,240,
102.0,0.307,-0.114699394994,324.0,0.0491468838014,0.0801586795239,-0.170914208797,0.397256742125,0.0,240,
108.0,0.307,-0.00410132925024,-582.0,0.138389488009,0.152546974297,-0.0680441429431,0.340899754196,0.0,240,
114.0,0.307,0.0780852014622,600.0,0.167525233643,0.179054366613,0.143251953368,0.33355679594,0.0,240,
120.0,0.307,0.10282547704,600.0,0.19289553471,0.200536188599,0.377818875478,0.322141463277,6.71601118648,240,
126.0,0.307,0.0552288576078,600.0,0.203997490942,0.212728927234,0.153273837434,0.290290734914,0.0,240,
