LeadTime (HRS), obsMax (m MSL), Peak (m), PLag (min), Bias(m), RMSD (m), RVal, Skil, VExp (%), nPts,
-0.0,0.479,1.01303347811,-672.0,0.833408722733,0.840225923234,0.989527553318,0.76521690963,85.332224953,239,
6.0,0.479,0.773713687311,36.0,0.767676399932,0.772118983094,0.993701748255,0.79210326888,88.6881845398,240,
12.0,0.479,0.835826139112,18.0,0.908357687487,0.911155720738,0.995352388357,0.739871291387,90.2414096453,240,
18.0,0.479,0.827620023067,12.0,0.86182170404,0.8638254117,0.996889484386,0.758223632883,91.9577754318,240,
24.0,0.479,0.831406159176,6.0,0.867364328304,0.868888305982,0.997689492558,0.756795675075,92.96476217,240,
30.0,0.479,0.787930403289,18.0,0.812460256975,0.813897359325,0.997992590386,0.777891658744,93.3879687797,240,
36.0,0.479,0.93281132626,12.0,0.980050120152,0.981337683396,0.99782243249,0.715375438448,93.1269572965,240,
42.0,0.479,0.914536896342,18.0,0.972078676404,0.973374360586,0.997877237331,0.718424194933,93.1333806043,240,
48.0,0.479,0.888704404524,18.0,0.958168182734,0.959617646653,0.997569310181,0.722830373055,92.7891447272,240,
54.0,0.479,0.860048428576,-24.0,0.923248471096,0.924457077663,0.998075030583,0.735907156339,93.5368850804,240,
60.0,0.479,1.03096676269,24.0,1.09045347881,1.09170614471,0.997584575692,0.67602883816,92.8493765818,240,
66.0,0.479,1.07519544147,24.0,1.11811178841,1.11902576614,0.998247263154,0.667096751519,93.8156056867,240,
72.0,0.479,1.04855558468,24.0,1.08536413937,1.08615425577,0.99847934571,0.677619565363,94.3348643163,240,
78.0,0.479,1.10732234276,24.0,1.1154166786,1.11646407061,0.998156972013,0.669678722404,93.3873864599,240,
84.0,0.479,1.15039537771,18.0,1.15700184294,1.15815228588,0.997889190203,0.656148541489,92.9416121639,240,
90.0,0.479,1.13351355225,24.0,1.18279593404,1.1835162765,0.998491091548,0.64537412751,94.3533801663,240,
96.0,0.479,1.04596966783,24.0,1.09348359934,1.09427403087,0.998510005412,0.675464794343,94.312587168,240,
102.0,0.479,1.02014381007,24.0,1.07243534812,1.07337025739,0.998265247927,0.682525372374,93.8741981946,240,
108.0,0.479,0.987476348014,36.0,1.05807112834,1.05944742965,0.997397704662,0.686704440894,92.6166510224,240,
114.0,0.479,1.09106856964,30.0,1.15632461278,1.15734163199,0.997940994714,0.654595265465,93.3656564783,240,
120.0,0.479,1.00736565617,24.0,1.05425550676,1.05523900929,0.998227992769,0.689259257831,93.7704028487,240,
126.0,0.479,1.10980796425,24.0,1.13356126148,1.13445107753,0.998481103999,0.664209362737,93.8559343852,240,
