LeadTime (HRS), obsMax (m MSL), Peak (m), PLag (min), Bias(m), RMSD (m), RVal, Skil, VExp (%), nPts,
-0.0,2.215,0.210915131326,0.0,0.298957300661,0.3217209512,0.996146173734,0.981909987027,90.2232558322,239,
6.0,2.215,0.256232841498,0.0,0.494936658593,0.511847518597,0.995169283388,0.95582284275,89.3062801994,240,
12.0,2.215,0.216107690728,0.0,0.347717286044,0.363234040415,0.997141444138,0.97731512068,91.3920816344,240,
18.0,2.215,0.311932932494,0.0,0.444757927874,0.460070030211,0.996248282941,0.964033650803,90.3533131722,240,
24.0,2.215,0.210768611364,0.0,0.306145537145,0.323931716894,0.997403453009,0.981740932735,91.3240707468,240,
30.0,2.215,0.422228296834,0.0,0.573292349419,0.58201577537,0.997489058031,0.94394386529,91.772455957,240,
36.0,2.215,0.303711530262,0.0,0.426287413691,0.436616336558,0.997740606815,0.96770357759,92.2627530597,240,
42.0,2.215,0.329580443507,0.0,0.4568709764,0.46741067518,0.997601311643,0.963031045169,91.9110150388,240,
48.0,2.215,0.285246143574,0.0,0.339536941936,0.352150364741,0.997608750588,0.978840993969,92.3449304234,240,
54.0,2.215,0.331382385311,0.0,0.492467439954,0.506607070757,0.995835821121,0.957061592604,90.2591750912,240,
60.0,2.215,0.169338656872,0.0,0.352644964049,0.370607990637,0.996274127309,0.976491446795,90.6585858431,240,
66.0,2.215,0.265817229263,0.0,0.432699674899,0.446151060581,0.997114295722,0.966010650701,91.0891561083,240,
72.0,2.215,0.223368206027,0.0,0.277838127796,0.30131304331,0.996482315811,0.984169841394,90.444008584,240,
78.0,2.215,0.179043782448,0.0,0.35517935431,0.372068445256,0.996666241436,0.976234316307,90.9171507187,240,
84.0,2.215,0.185305517382,0.0,0.328949101309,0.345504681955,0.996854056546,0.979546638187,91.339836952,240,
90.0,2.215,0.234526766466,0.0,0.394603956796,0.417067002541,0.994242016598,0.97055909192,88.9337089771,240,
96.0,2.215,0.26145073066,0.0,0.386216500785,0.402733631543,0.996308681434,0.972336096482,90.6444388301,240,
102.0,2.215,0.168692091122,0.0,0.305371248517,0.329740755005,0.995387045438,0.981286839983,89.8040830299,240,
108.0,2.215,0.174107244162,0.0,0.43463145111,0.458071981631,0.99336847814,0.964628137957,88.1446308006,240,
114.0,2.215,0.216064986265,0.0,0.452361828898,0.473916007742,0.993801805046,0.962144930146,88.4198512001,240,
120.0,2.215,0.266793703094,0.0,0.554618805309,0.574461293086,0.992860968375,0.945590574746,87.7330046824,240,
126.0,2.215,0.155055736171,0.0,0.38928974333,0.423557650046,0.991013851552,0.969447046321,86.3218910322,240,
