LeadTime (HRS), obsMax (m MSL), Peak (m), PLag (min), Bias(m), RMSD (m), RVal, Skil, VExp (%), nPts,
-0.0,0.165,0.360606315376,-108.0,0.331819743283,0.334762866641,0.37770236391,0.150962008313,0.0,240,
6.0,0.165,0.366556068251,-42.0,0.321430810685,0.325076658522,0.365301330606,0.154950295359,0.0,239,
12.0,0.165,0.359766180114,-96.0,0.303030948986,0.30621456636,0.387829547989,0.164030348052,0.0,239,
18.0,0.165,0.345994287452,702.0,0.292445909866,0.29656905162,0.317653608897,0.166422952722,0.0,239,
24.0,0.165,0.334704392104,-120.0,0.290144678315,0.293445124583,0.468739096163,0.172907140963,0.0,239,
30.0,0.165,0.334686301078,288.0,0.286969455811,0.291107114093,0.375147368039,0.172303464962,0.0,239,
36.0,0.165,0.356600820069,-54.0,0.323700990392,0.326778848181,0.414777129621,0.155756090799,0.0,239,
42.0,0.165,0.371675105332,-174.0,0.34249936771,0.344842557853,0.39654807616,0.146264692575,0.0,239,
48.0,0.165,0.363431950143,30.0,0.340668820568,0.343554719346,0.398550258664,0.148962004938,0.0,239,
54.0,0.165,0.370032884467,-6.0,0.339389767994,0.341639840371,0.525785065304,0.151524422255,0.0,239,
60.0,0.165,0.384012833377,162.0,0.355028883564,0.357173665272,0.515299301296,0.144647037542,0.0,239,
66.0,0.165,nan,nan,nan,nan,nan,nan,nan,0,
72.0,0.165,0.388161837463,-66.0,0.375361016655,0.377555593309,0.5089022941,0.13881452641,0.0,239,
78.0,0.165,0.397941408682,-78.0,0.390116446606,0.391231219882,0.689798531667,0.13462513203,19.3583594432,239,
84.0,0.165,0.380750514315,1116.0,0.341819339095,0.344169470073,0.523272939298,0.148804068062,0.0,239,
90.0,0.165,0.374570128356,-78.0,0.350902905,0.353140090633,0.486269676312,0.146810026872,0.0,239,
96.0,0.165,0.353891136398,-120.0,0.32489039151,0.327662712048,0.45744007133,0.155684417228,0.0,239,
102.0,0.165,0.344217083162,-60.0,0.315109853179,0.318741304367,0.396210737349,0.158830247503,0.0,239,
108.0,0.165,0.342297281746,996.0,0.294174683853,0.297820176261,0.417350649592,0.168763455265,0.0,239,
114.0,0.165,0.335341970441,-150.0,0.291331338464,0.294990227679,0.470109930234,0.171277258309,0.0,239,
120.0,0.165,0.363304339719,-114.0,0.306456622163,0.310135285205,0.433993454508,0.164764741839,0.0,239,
126.0,0.165,0.371452206927,-48.0,0.314756309718,0.318514911945,0.327188741704,0.158450488684,0.0,239,
