LeadTime (HRS), obsMax (m MSL), Peak (m), PLag (min), Bias(m), RMSD (m), RVal, Skil, VExp (%), nPts,
-0.0,0.127,0.10730582066,-840.0,0.0528356503559,0.0648887181808,0.5070520308,0.381067101198,0.0,240,
6.0,0.127,0.110448270252,-840.0,0.0559353671467,0.0633041173815,0.565662420436,0.380051930921,0.0,239,
12.0,0.127,0.0657678932462,102.0,0.056548289375,0.0590729515453,0.770867007708,0.40859229124,13.5309670058,239,
18.0,0.127,0.0646056187205,102.0,0.0516019558288,0.054421163366,0.788198764873,0.434154773155,12.5008235949,239,
24.0,0.127,0.057356004536,66.0,0.0489672452878,0.0513406124617,0.818709321116,0.452231611436,21.9109577774,239,
30.0,0.127,0.0630773212535,72.0,0.0543920959706,0.0564852266108,0.815772601487,0.423177485611,22.8990577695,239,
36.0,0.127,0.0563487166018,72.0,0.0469907989741,0.049494592502,0.816269193973,0.463855997445,21.3370569773,239,
42.0,0.127,0.0454132099472,84.0,0.0389928290394,0.0418994785789,0.80793851917,0.512194614893,22.3949289702,239,
48.0,0.127,0.0459130059177,66.0,0.0360650338278,0.0396531577215,0.800876002511,0.535588773694,16.5792703166,239,
54.0,0.127,0.0452480593203,66.0,0.0390255415477,0.0430856270364,0.756744259252,0.499239388723,7.59215160878,239,
60.0,0.127,0.043517526702,48.0,0.0330614947471,0.0383339848152,0.765275407676,0.558379243541,1.80635185066,239,
66.0,0.127,nan,nan,nan,nan,nan,nan,nan,0,
72.0,0.127,0.0359325390843,30.0,0.0190605239951,0.0297901273066,0.721046352838,0.683872041698,0.0,239,
78.0,0.127,0.0476252226035,66.0,0.0372194472023,0.0428942718522,0.701974683762,0.491124260451,0.0,239,
84.0,0.127,0.0421705319494,126.0,0.0322566216621,0.0375500073313,0.736990300517,0.547501358585,2.74417382254,239,
90.0,0.127,0.0235358657164,126.0,0.0157454986044,0.0262530730302,0.691763238469,0.707142109545,0.0,239,
96.0,0.127,-0.0129768381708,102.0,-0.0245971616871,0.0344335714093,0.69090000846,0.65611045142,0.0,239,
102.0,0.127,0.0004104689442,96.0,-0.0209133225711,0.0354271385362,0.632545307013,0.649239159689,0.0,239,
108.0,0.127,0.0543780617145,78.0,0.0341287111138,0.0435091104483,0.683751653183,0.52099064382,0.0,239,
114.0,0.127,0.0334085416507,90.0,0.0190987302742,0.030764348909,0.68842133664,0.664274579896,0.0,239,
120.0,0.127,0.00112716895314,84.0,-0.0132526723286,0.0281161467821,0.704329411383,0.734227532741,0.0,239,
126.0,0.127,-0.00501853584916,96.0,-0.0154993857793,0.0261162209414,0.765017643352,0.760457312779,0.0,239,
