LeadTime (HRS), obsMax (m MSL), Peak (m), PLag (min), Bias(m), RMSD (m), RVal, Skil, VExp (%), nPts,
-0.0,0.161,0.0144245907248,0.0,-0.00453963058774,0.0242042528804,0.878257760827,0.929353720794,44.6323235593,240,
6.0,0.161,0.0118879874354,6.0,-0.011359768643,0.0236339986939,0.896923244387,0.929629262797,51.080037495,239,
12.0,0.161,0.0440915605104,6.0,0.0204107099934,0.0299264157265,0.877168520819,0.883844050903,48.3395310175,239,
18.0,0.161,0.0637512722737,6.0,0.0401145273211,0.0456950705634,0.871684595001,0.773323922547,48.3464935712,239,
24.0,0.161,0.0653190582938,6.0,0.0525599487457,0.0562067366957,0.88607371524,0.710947083013,52.989286938,239,
30.0,0.161,0.0803149744956,6.0,0.0658179133087,0.0689544819849,0.878465471125,0.647520040032,51.4687463434,239,
36.0,0.161,0.108513159141,6.0,0.0891732409262,0.0914833406263,0.882137525051,0.555956900084,51.7790355833,239,
42.0,0.161,0.130844391027,6.0,0.108013083373,0.110209625309,0.869534098322,0.495282169059,48.3210886099,239,
48.0,0.161,0.129324758481,6.0,0.114421599517,0.116067190184,0.891755168175,0.47569669902,54.0294767029,239,
54.0,0.161,0.117896619389,6.0,0.0935956689755,0.0956741659977,0.904501054277,0.550892177665,53.1824113906,239,
60.0,0.161,0.0542732889006,6.0,0.0225871813581,0.0324144384188,0.883646850867,0.876692995601,45.1220936718,239,
66.0,0.161,nan,nan,nan,nan,nan,nan,nan,0,
72.0,0.161,0.0672353264707,0.0,0.0190071542719,0.0332849428464,0.875941921586,0.879879412978,34.6915855227,239,
78.0,0.161,0.0263480054854,0.0,-0.0137686310081,0.032884151997,0.823843923815,0.880172316973,28.6239541224,239,
84.0,0.161,-0.0432263650578,0.0,-0.0720271474874,0.0758632572495,0.864022422754,0.604763157338,43.0706600238,239,
90.0,0.161,-0.00587110635306,0.0,-0.0407240909499,0.0494815549945,0.824802326988,0.769187664006,32.8220604418,239,
96.0,0.161,0.0336383277262,0.0,-0.0127778715393,0.0333031116206,0.843392482364,0.88474354151,26.493519612,239,
102.0,0.161,0.0835046421607,0.0,0.0033934571361,0.0412253141093,0.802831094933,0.84648705451,1.80072756962,239,
108.0,0.161,0.0150032506409,0.0,-0.056261388034,0.0696571113057,0.773073767269,0.678354367426,1.8368489753,239,
114.0,0.161,0.0237942726296,0.0,-0.024558391688,0.0446418237573,0.755681870612,0.807875949032,10.8967948189,239,
120.0,0.161,0.0182037037077,0.0,-0.0331658866976,0.0536878014127,0.750910892088,0.764611112516,0.0,239,
126.0,0.161,0.0386804804716,0.0,-0.00167040590613,0.0324971540316,0.793514676459,0.878008655199,22.4304134012,239,
