LeadTime (HRS), obsMax (m MSL), Peak (m), PLag (min), Bias(m), RMSD (m), RVal, Skil, VExp (%), nPts,
-0.0,1.263,0.204550801551,-66.0,0.239467475318,0.37263493928,0.885445690873,0.859628256142,50.5072717648,240,
6.0,1.263,0.181492901351,-72.0,0.211681018194,0.339899593112,0.901329244688,0.885739245389,53.8493368543,239,
12.0,1.263,0.181394593772,-66.0,0.260251418603,0.369393764382,0.913891310208,0.863955337502,54.5072111124,239,
18.0,1.263,0.132006899449,-66.0,0.233171920694,0.352590802056,0.911843739161,0.874199094777,54.1018330223,239,
24.0,1.263,0.0708841358615,-78.0,0.20406682695,0.357689340631,0.891114634285,0.859962089489,49.0200582032,239,
30.0,1.263,0.185622040619,-66.0,0.285365179382,0.390346768774,0.915548833295,0.847554104603,53.7794245603,239,
36.0,1.263,0.151233593249,-60.0,0.258260005529,0.362501400579,0.923110876421,0.869285662025,55.8551100338,239,
42.0,1.263,0.155123659593,-66.0,0.249486607865,0.351556956356,0.925406455572,0.878713848386,57.016601368,239,
48.0,1.263,0.0544327223309,-72.0,0.203418308137,0.353153610931,0.898286434507,0.863845894159,49.9019611534,239,
54.0,1.263,0.169391163977,-66.0,0.258179734018,0.349663623978,0.934531841905,0.882316481666,59.0771260186,239,
60.0,1.263,0.108538915159,-72.0,0.225325466048,0.355377337841,0.90685211262,0.868029729931,52.3093499394,239,
66.0,1.263,0.155997144607,-66.0,0.255360299074,0.356683573512,0.924893308901,0.875372169005,56.7840700888,239,
72.0,1.263,0.0959788655545,-66.0,0.222942807747,0.380800560273,0.875077829678,0.839230355776,46.4256239989,239,
78.0,1.263,nan,nan,nan,nan,nan,nan,nan,0,
84.0,1.263,0.148506825631,-72.0,0.222367044142,0.356822365545,0.893703847986,0.869149716451,51.4552990619,239,
90.0,1.263,0.273141550767,-66.0,0.284385781934,0.381766580155,0.909251898474,0.863647143041,55.6936496504,239,
96.0,1.263,0.209045690503,-66.0,0.233599179822,0.363584386459,0.889932716402,0.867043725379,51.5333040003,239,
102.0,1.263,0.168894490984,-84.0,0.243052460822,0.369604231983,0.886072119005,0.866716948069,51.5621083769,239,
108.0,1.263,0.0469957653381,-90.0,0.189617100162,0.358448035421,0.865421488606,0.863058337136,47.0842900465,239,
114.0,1.263,0.0356777870409,-90.0,0.230481389225,0.389161600709,0.862959759736,0.834825843879,45.4525212306,239,
120.0,1.263,-0.0995751232836,-90.0,0.172185705262,0.353830111025,0.893191460277,0.850967083109,46.2284022514,239,
126.0,1.263,-0.047492768957,-96.0,0.181706060725,0.364029077394,0.863188932142,0.850332284566,45.1275648487,239,
