LeadTime (HRS), obsMax (m MSL), Peak (m), PLag (min), Bias(m), RMSD (m), RVal, Skil, VExp (%), nPts,
-0.0,1.509,0.0535166197687,-18.0,0.268819722119,0.40005918497,0.968836788867,0.90996075143,62.1069299613,240,
6.0,1.509,0.105606774146,-12.0,0.328429976733,0.450538394755,0.965636883044,0.886830321529,60.6309799599,239,
12.0,1.509,-0.0881789532943,-12.0,0.183540153831,0.387276948683,0.963889019002,0.90720359278,56.4683515515,239,
18.0,1.509,-0.0855734853375,-12.0,0.190040193053,0.394818788281,0.964235901109,0.902709284857,55.8236579953,239,
24.0,1.509,-0.22850754211,-12.0,0.0861746345042,0.380939122926,0.959936374292,0.903817775312,52.6335540276,239,
30.0,1.509,-0.119715046215,-18.0,0.19212090883,0.415561055596,0.960320899935,0.888142447004,52.962885985,239,
36.0,1.509,-0.145040892104,-18.0,0.151581678352,0.39078605294,0.960079991649,0.901845468075,54.0216512211,239,
42.0,1.509,-0.0260246034092,-18.0,0.210568892898,0.380328939335,0.969094616272,0.914335937328,59.5707363838,239,
48.0,1.509,-0.136404308754,-18.0,0.162285748194,0.402700486938,0.958582203817,0.894503946738,52.9541447477,239,
54.0,1.509,0.00291721793993,-18.0,0.276520590961,0.448440710019,0.960544428062,0.876715831753,54.9346598139,239,
60.0,1.509,-0.106544396026,-12.0,0.183303397987,0.401772454868,0.959976723375,0.897505703062,54.3623845947,239,
66.0,1.509,-0.00176022767386,-18.0,0.264839699691,0.436989992563,0.96054633984,0.883683576527,55.6297738803,239,
72.0,1.509,-0.168027898293,-18.0,0.138724022699,0.392666024676,0.956391269648,0.899812007747,53.1083118977,239,
78.0,1.509,nan,nan,nan,nan,nan,nan,nan,0,
84.0,1.509,-0.128677494236,-24.0,0.12732131998,0.377580235017,0.950039625843,0.910401735465,54.6209637632,239,
90.0,1.509,-0.0575342270493,-30.0,0.165635982243,0.38572787254,0.94826808685,0.908859270785,55.5288560112,239,
96.0,1.509,-0.157088457737,-30.0,0.115547236264,0.391724645462,0.94331693609,0.900576855035,52.2171988308,239,
102.0,1.509,-0.160123017577,-36.0,0.125833827229,0.409863668095,0.932672905243,0.889442171504,50.2034874549,239,
108.0,1.509,-0.253909646963,-36.0,0.0723100463108,0.426063522469,0.928937658899,0.872133271286,46.3975063484,239,
114.0,1.509,-0.188577110038,-36.0,0.0907190920603,0.400249222843,0.933277133934,0.894019567727,50.233702254,239,
120.0,1.509,-0.27988141172,-30.0,0.0115148607541,0.384147826977,0.941709182992,0.9021033194,50.9814657963,239,
126.0,1.509,-0.262566034472,-30.0,0.0131370350459,0.397291207219,0.918991766639,0.896050733213,49.3092716742,239,
