LeadTime (HRS), obsMax (m MSL), Peak (m), PLag (min), Bias(m), RMSD (m), RVal, Skil, VExp (%), nPts,
-0.0,1.108,0.121352568316,12.0,-0.00581794647842,0.0985591583718,0.993343142808,0.994723362525,84.8568571893,240,
6.0,1.108,0.0531464481471,18.0,-0.0677933729314,0.112924358431,0.994030402525,0.992933044266,86.0045928136,239,
12.0,1.108,0.164585158136,12.0,0.0642603015146,0.109474467629,0.994469014871,0.993365194034,86.2650089597,239,
18.0,1.108,0.130813048192,12.0,0.0253572092911,0.0891463298035,0.994718370603,0.995572321099,86.7556542655,239,
24.0,1.108,0.078940804377,12.0,-0.0241693260241,0.0888432940434,0.994758140914,0.995605209113,86.7512174384,239,
30.0,1.108,0.0192920004662,12.0,-0.0785528233337,0.1152197601,0.994845714481,0.992621384888,86.9373519279,239,
36.0,1.108,0.100312491041,12.0,0.0183635664926,0.0881769085654,0.994670241792,0.995672783038,86.6348365047,239,
42.0,1.108,0.108039635365,12.0,0.0213338781864,0.0870312034566,0.994892607283,0.995778262,86.9242601194,239,
48.0,1.108,0.0295477120198,12.0,-0.0541665376743,0.09947259433,0.995140114131,0.9944992009,87.0706467488,239,
54.0,1.108,-0.00189128952589,12.0,-0.0802483943623,0.115592101662,0.995107882449,0.992580733027,87.10696837,239,
60.0,1.108,0.0428835388155,12.0,-0.0404980352179,0.0944122301839,0.994780914782,0.995039261902,86.7833372675,239,
66.0,1.108,0.088192702834,6.0,0.00549189411012,0.0860683638953,0.994792874496,0.995879583695,86.6891628878,239,
72.0,1.108,-0.00972338499596,6.0,-0.0903051150401,0.123687688151,0.99487820866,0.9915153096,86.9019321673,239,
78.0,1.108,nan,nan,nan,nan,nan,nan,nan,0,
84.0,1.108,0.0106740578577,0.0,-0.0820417239389,0.114539409453,0.995620638695,0.992698671031,87.6011817468,239,
90.0,1.108,0.0705374152781,-6.0,-0.018792583331,0.0796795493447,0.996038617792,0.996452113356,87.988368515,239,
96.0,1.108,-0.0287908519129,-6.0,-0.117973505827,0.142647247503,0.995619062794,0.988731693513,87.5604358091,239,
102.0,1.108,0.00650539984312,0.0,-0.0859223906695,0.117694978905,0.995590514951,0.992299413734,87.5228076744,239,
108.0,1.108,-0.0233993547886,0.0,-0.109372976434,0.13576727764,0.995682685214,0.989794384143,87.5219833437,239,
114.0,1.108,0.050603766784,0.0,-0.0367979972118,0.0890446065283,0.99562265992,0.995583913257,87.4215808077,239,
120.0,1.108,-0.0467054512981,-6.0,-0.147603825126,0.168516410079,0.995424385747,0.984350635807,87.3871518216,239,
126.0,1.108,0.0284588505543,-6.0,-0.0779081759506,0.114783446837,0.995247350783,0.992700930248,86.9237809365,239,
