LeadTime (HRS), obsMax (m MSL), Peak (m), PLag (min), Bias(m), RMSD (m), RVal, Skil, VExp (%), nPts,
-0.0,0.361,-0.0990127557806,6.0,-0.153669201571,0.165006006972,0.90534915456,0.736636739869,54.7355555757,240,
6.0,0.361,-0.137201678,6.0,-0.18730965927,0.19500753368,0.920136019886,0.676816622753,59.1618078661,239,
12.0,0.361,-0.125354063896,6.0,-0.171637369904,0.180424391272,0.91515313697,0.702578231937,58.130338214,239,
18.0,0.361,-0.14910817003,6.0,-0.188876813219,0.198378099193,0.89745448371,0.661867842058,54.3375882725,239,
24.0,0.361,-0.119217041896,0.0,-0.160286174322,0.171115975071,0.898963714151,0.714629202647,54.9020213646,239,
30.0,0.361,-0.0942355892675,0.0,-0.121511215085,0.135445749752,0.89596584501,0.78432392504,54.9551012577,239,
36.0,0.361,-0.0164954909678,6.0,-0.0545750072047,0.0839668536579,0.885424786575,0.901364684944,51.9633042546,239,
42.0,0.361,-0.0286069830262,6.0,-0.0691345674729,0.0959014516335,0.875872730754,0.875382028979,49.9668942229,239,
48.0,0.361,0.0304501449133,6.0,-0.0289408520748,0.0853289847206,0.825231853982,0.894823495997,39.5733048053,239,
54.0,0.361,0.00900153420341,6.0,-0.0402166518578,0.0817977657863,0.860799228648,0.905244717059,46.3804927693,239,
60.0,0.361,0.0947023661319,6.0,0.0457974472752,0.0852623152613,0.857305484128,0.896489956684,45.8611285454,239,
66.0,0.361,0.0926058193584,6.0,0.0371287854325,0.0803134476995,0.86329922889,0.908976135146,46.3899642307,239,
72.0,0.361,0.130498002845,0.0,0.0861448584987,0.115625909697,0.834976516002,0.824135405717,41.9409682044,239,
78.0,0.361,nan,nan,nan,nan,nan,nan,nan,0,
84.0,0.361,0.116366679596,0.0,0.0673451461721,0.10294343957,0.836191968341,0.856467340086,41.4052983025,239,
90.0,0.361,0.102021250161,0.0,0.0482727737976,0.0888043300747,0.852109425231,0.891043423652,43.9042331859,239,
96.0,0.361,0.0921822297889,0.0,0.0386415313933,0.0876643825126,0.834572368503,0.891464539044,40.7808574387,239,
102.0,0.361,0.0574191406439,6.0,0.00972506778052,0.0674653740751,0.88045063503,0.935112429971,49.7573781594,239,
108.0,0.361,0.0223087341356,0.0,-0.00496602671549,0.0670378228915,0.874564483967,0.933556370155,49.6874877239,239,
114.0,0.361,0.00589979963321,-6.0,-0.0189028216542,0.0726014242465,0.862296871425,0.922432445178,47.2462782361,239,
120.0,0.361,0.0163682671665,6.0,-0.0375605313235,0.0824715425288,0.863325590349,0.909546770578,44.7444303102,239,
126.0,0.361,-0.0233114225612,-24.0,-0.053843703948,0.103244855655,0.778968445292,0.844593598792,33.7033162508,239,
