LeadTime (HRS), obsMax (m MSL), Peak (m), PLag (min), Bias(m), RMSD (m), RVal, Skil, VExp (%), nPts,
-0.0,0.964,0.230202513101,-24.0,0.233030021477,0.28148588975,0.96878083381,0.935856291421,73.0488957685,240,
6.0,0.964,0.213155138616,-24.0,0.24562570472,0.281561297879,0.979676238223,0.936496151303,76.5554244313,239,
12.0,0.964,0.216930381037,-24.0,0.206449945928,0.260235105008,0.969728599207,0.94437971807,73.0138585619,239,
18.0,0.964,0.263717155118,-24.0,0.269963230482,0.304814773638,0.980428149539,0.925047169711,75.8921381009,239,
24.0,0.964,0.17623927598,-18.0,0.201056674608,0.249539756466,0.982495071434,0.946734124808,74.8240074368,239,
30.0,0.964,0.275126145935,-6.0,0.290153416463,0.322438705693,0.981991598897,0.916544897741,76.0455798191,239,
36.0,0.964,0.216937567916,-12.0,0.21023796681,0.264661904645,0.969504255426,0.942074289244,72.6162055852,239,
42.0,0.964,0.159736459605,-6.0,-0.00891248267116,0.119557064044,0.985425080509,0.990498735921,79.6922041179,239,
48.0,0.964,0.217114583,-30.0,0.21940114288,0.270016597452,0.971735772756,0.939783695455,73.1910970064,239,
54.0,0.964,0.25072264968,-24.0,0.258785950049,0.287141457768,0.98284127925,0.935646831973,78.8074224138,239,
60.0,0.964,0.162956581518,-12.0,0.0383143416137,0.121714103444,0.985000561988,0.990006527652,80.3221060102,239,
66.0,0.964,0.227806709537,0.0,0.117406251198,0.162369271777,0.985465546772,0.982270380251,80.8957401618,239,
72.0,0.964,0.16611462185,-18.0,0.0417612918413,0.130268621833,0.983016803866,0.988606896481,78.9821047053,239,
78.0,0.964,nan,nan,nan,nan,nan,nan,nan,0,
84.0,0.964,0.156345984822,-18.0,0.0136092920139,0.148921946575,0.974480159437,0.985115797485,74.7544086584,239,
90.0,0.964,0.180757074121,-12.0,0.0764714677298,0.158822943413,0.975448890689,0.982715160924,76.3032156074,239,
96.0,0.964,0.154804521433,-18.0,0.0273771504515,0.158257961469,0.971235271319,0.983153993862,73.4651907985,239,
102.0,0.964,0.142718396989,-12.0,0.0158411642459,0.131993729817,0.978869416002,0.988083012713,77.6925052727,239,
108.0,0.964,0.172184423072,-24.0,0.0650732422109,0.15794596782,0.975017671486,0.983127464989,75.5001655048,239,
114.0,0.964,0.207350869629,-6.0,0.109406522753,0.177711774954,0.975511005371,0.978555443368,76.1600465445,239,
120.0,0.964,0.219316755266,-18.0,0.15172493742,0.211207618746,0.973150809649,0.970078184163,74.9875547696,239,
126.0,0.964,0.244657060289,-6.0,0.149279946065,0.197213508725,0.979109387071,0.973683188713,78.0610776749,239,
