LeadTime (HRS), obsMax (m MSL), Peak (m), PLag (min), Bias(m), RMSD (m), RVal, Skil, VExp (%), nPts,
-0.0,0.641,0.483681620068,-36.0,0.434223996434,0.50690639518,0.916126961675,0.804920813706,56.6827603721,240,
6.0,0.641,0.345769118469,-24.0,0.405061767515,0.477415490599,0.929190620799,0.820392162093,58.2179853772,239,
12.0,0.641,0.565923461571,-42.0,0.570940077753,0.614159197495,0.950711319827,0.751554419854,62.5783873745,239,
18.0,0.641,0.594851479568,-48.0,0.555364265838,0.596631903202,0.954481298594,0.763932265003,63.9473249558,239,
24.0,0.641,0.638975790309,-66.0,0.616520738499,0.652417375241,0.950995933299,0.740510377208,64.7097873728,239,
30.0,0.641,0.562154442368,-42.0,0.508941890509,0.562350669382,0.93216027367,0.781938574668,60.4480825597,239,
36.0,0.641,0.565997942947,-12.0,0.562246921392,0.608347433365,0.948100316453,0.751548771485,61.5883236545,239,
42.0,0.641,0.409826049929,-42.0,0.454373138577,0.510916655048,0.94384614544,0.804612983359,61.3697571772,239,
48.0,0.641,0.484872179884,-30.0,0.52289804998,0.573286809893,0.943902810558,0.771189086381,61.138826691,239,
54.0,0.641,nan,nan,nan,nan,nan,nan,nan,0,
60.0,0.641,0.369365707794,-30.0,0.403639936223,0.4913570101,0.909481819195,0.803532505488,53.7135888709,239,
66.0,0.641,0.332974588799,-36.0,0.398426455807,0.497226893178,0.894818188028,0.794790693213,50.8583115162,239,
72.0,0.641,0.305200263325,-48.0,0.367733908558,0.467467996045,0.903813594891,0.814009054789,52.3219800354,239,
78.0,0.641,0.312557263608,-54.0,0.36845526442,0.469420342947,0.899191708015,0.814007961598,51.9519207459,239,
84.0,0.641,0.442199232406,-18.0,0.482192918006,0.545098735878,0.930463589566,0.780955296499,58.0054482082,239,
90.0,0.641,0.553260580985,-48.0,0.573232978241,0.618206674919,0.93702086165,0.755286685093,61.7601674204,239,
96.0,0.641,0.547155093031,-42.0,0.540435946364,0.595829282206,0.923761867827,0.761732213523,58.5552731086,239,
102.0,0.641,0.472552458091,-48.0,0.564053907867,0.609963425679,0.940488500812,0.756799883813,61.6478880756,239,
108.0,0.641,0.408350734972,-60.0,0.500212772236,0.563332013864,0.928627549352,0.769763652034,57.1984554435,239,
114.0,0.641,0.349213073198,-30.0,0.449463733574,0.517200005895,0.930305597594,0.795284645053,57.7283671074,239,
120.0,0.641,0.25493257808,-48.0,0.394541868049,0.481511775394,0.926286275361,0.804891841099,54.4015040677,239,
126.0,0.641,0.298747507757,-42.0,0.427395489583,0.49534759255,0.941618186908,0.806006364115,58.6340965699,239,
