LeadTime (HRS), obsMax (m MSL), Peak (m), PLag (min), Bias(m), RMSD (m), RVal, Skil, VExp (%), nPts,
-0.0,0.917,0.322439032433,6.0,0.325281268597,0.33566266022,0.991017156761,0.903576734154,84.4758389892,240,
6.0,0.917,0.164181554886,6.0,0.21454183344,0.227601974747,0.993271302411,0.952794152349,85.7878740971,239,
12.0,0.917,0.164885581967,6.0,0.21772092268,0.229186132624,0.994647276181,0.952148851333,86.6123932824,239,
18.0,0.917,0.16790521636,6.0,0.229193458133,0.238974580721,0.995894877687,0.948198544764,87.343938797,239,
24.0,0.917,0.243223907951,6.0,0.305657926962,0.313084701733,0.995913996569,0.915010083149,87.3217742612,239,
30.0,0.917,0.0902546690978,6.0,0.173394946491,0.186504054299,0.995783465603,0.967533246561,87.1536360311,239,
36.0,0.917,0.218118437341,6.0,0.313908048386,0.320084630498,0.997184406762,0.911706441653,88.2963974314,239,
42.0,0.917,0.091122008815,6.0,0.199153929841,0.208553523402,0.997114090082,0.96002453669,88.4220359316,239,
48.0,0.917,0.220598513571,6.0,0.324967360896,0.330487372621,0.997380143254,0.906892274345,88.7502029774,239,
54.0,0.917,nan,nan,nan,nan,nan,nan,nan,0,
60.0,0.917,0.0300595296357,0.0,0.161159619802,0.173194191151,0.997029584601,0.97191151785,88.1371431167,239,
66.0,0.917,0.0248486992706,0.0,0.164441197519,0.176520139314,0.997200962455,0.970757180613,87.9984358456,239,
72.0,0.917,0.0188453769086,36.0,0.159028355099,0.172305930717,0.996606030676,0.972091277224,87.5959525204,239,
78.0,0.917,0.0151363243294,42.0,0.155657675254,0.170237506793,0.996267040124,0.972632395332,87.1090162143,239,
84.0,0.917,0.0592263582826,6.0,0.196001008384,0.206948325805,0.996705772568,0.960315227674,87.579190077,239,
90.0,0.917,-0.0268751094052,12.0,0.109636441145,0.127262704976,0.996678267287,0.98460775763,87.9153877519,239,
96.0,0.917,0.0487253305442,6.0,0.197452081177,0.208382319991,0.996792695918,0.959742171065,87.5445307596,239,
102.0,0.917,-0.0333853454651,0.0,0.108089630458,0.126805987734,0.996522554783,0.984665499583,87.6000778013,239,
108.0,0.917,0.0339512738379,0.0,0.177917628456,0.189400647295,0.996350004703,0.966718525967,87.8543672172,239,
114.0,0.917,-0.0166855716874,12.0,0.132727740753,0.148523200035,0.996522667698,0.979078270273,87.5352388708,239,
120.0,0.917,0.0430892110956,6.0,0.173930097611,0.186243829491,0.996365689965,0.967621293996,87.5456283532,239,
126.0,0.917,-0.0205822831275,6.0,0.119784506905,0.137057589966,0.996731658918,0.982083897221,87.543705336,239,
