LeadTime (HRS), obsMax (m MSL), Peak (m), PLag (min), Bias(m), RMSD (m), RVal, Skil, VExp (%), nPts,
-0.0,0.26,1.64842828529,-12.0,1.69435537521,1.69496623175,0.874983725036,0.0584259154273,16.4314412675,237,
6.0,0.26,1.64708489727,-12.0,1.69174431818,1.69233596935,0.897584387669,0.058542639629,17.4620082885,236,
12.0,0.26,1.61717716947,-24.0,1.67774307798,1.67835677244,0.913980589065,0.0589762655575,16.5793096709,236,
18.0,0.26,1.61017475945,-12.0,1.66732158028,1.66789546524,0.912533900458,0.0593740639859,19.7917811393,236,
24.0,0.26,1.63049746331,18.0,1.689337626,1.68995066916,0.899618005528,0.0586014235091,17.7998541409,236,
30.0,0.26,1.63129630163,-6.0,1.69135519536,1.69191786073,0.929273058673,0.0585679024096,19.219024524,236,
36.0,0.26,1.62907606272,84.0,1.6932104969,1.69386266617,0.892196118935,0.0584354114174,15.1745934944,236,
42.0,0.26,1.624888823,18.0,1.68916945892,1.68973103252,0.949430640889,0.0586366435063,19.2654948674,236,
48.0,0.26,nan,nan,nan,nan,nan,nan,nan,0,
54.0,0.26,1.65514164245,0.0,1.72284239328,1.72334028713,0.950545261663,0.0576745457288,19.5337487679,236,
60.0,0.26,1.64889965058,36.0,1.71181242396,1.71246006437,0.876273843551,0.0579843625631,16.3119741152,236,
66.0,0.26,1.65234958859,12.0,1.71525798554,1.71587794801,0.910018745207,0.0578802018044,16.7614947498,236,
72.0,0.26,1.6672674717,6.0,1.73670422403,1.73729089278,0.939909693825,0.0572246860529,18.2105160824,236,
78.0,0.26,1.67482935634,30.0,1.74562842406,1.74622177159,0.944956883961,0.0569225340447,16.4743041615,236,
84.0,0.26,1.65134239006,36.0,1.71758824624,1.71810137702,0.949767570944,0.0578405973217,18.6289598972,236,
90.0,0.26,1.65297267649,24.0,1.72084792664,1.72136686576,0.955065658447,0.0577639798685,19.9250479758,236,
96.0,0.26,1.666503972,42.0,1.73580978739,1.7363745409,0.960307386573,0.0572490668031,18.0871968698,236,
102.0,0.26,1.67954670412,18.0,1.7504236669,1.75094504361,0.95934568372,0.0568232789184,19.1587075596,236,
108.0,0.26,1.65878700093,0.0,1.72773314331,1.72821225355,0.964358952342,0.0575555260519,20.6678275037,236,
114.0,0.26,1.66382714217,12.0,1.72631974966,1.72685161546,0.961164421907,0.0575923417806,20.3545237981,236,
120.0,0.26,1.670044043,0.0,1.73871231002,1.73932251327,0.934545292874,0.0571360846416,16.8272482492,236,
126.0,0.26,1.69395876872,48.0,1.76106592307,1.76159122936,0.941438443598,0.056494496861,19.2029051,236,
