LeadTime (HRS), obsMax (m MSL), Peak (m), PLag (min), Bias(m), RMSD (m), RVal, Skil, VExp (%), nPts,
-0.0,1.381,0.310238757221,-18.0,0.32122147461,0.386172653195,0.953132365704,0.924965360832,69.7434367379,240,
6.0,1.381,0.161006751077,-18.0,0.222303650747,0.336866621645,0.934053831143,0.939043045593,64.2735779586,240,
12.0,1.381,0.240639027086,-12.0,0.290034194689,0.366022246173,0.949242160212,0.930283260714,68.4834544702,240,
18.0,1.381,0.222353887436,-6.0,0.268045510133,0.354864228786,0.944307590172,0.933291818042,67.052513576,239,
24.0,1.381,0.317332831144,-6.0,0.332791270159,0.386766130622,0.960423771519,0.924029594339,72.0789640626,239,
30.0,1.381,0.211950666819,-12.0,0.250728398599,0.342973834123,0.943482403293,0.93771675868,66.8441760294,239,
36.0,1.381,0.276603377924,-6.0,0.298274681603,0.361722426699,0.957435695479,0.931871160417,71.0077344596,239,
42.0,1.381,0.246899783846,-12.0,0.285730616692,0.353352911236,0.956054749024,0.934550917543,70.5471853169,239,
48.0,1.381,0.330974615752,-12.0,0.349372957127,0.394949996684,0.965620108684,0.921559461242,73.9050299008,239,
54.0,1.381,0.289601787847,0.0,0.324674951847,0.381989869077,0.958605417506,0.925887789434,71.4869541764,239,
60.0,1.381,0.256377858519,-6.0,0.291475118585,0.349618823877,0.962583888293,0.935985124929,72.6463534946,239,
66.0,1.381,0.279380940719,-6.0,0.298287664183,0.352405648619,0.964332155487,0.93608382004,73.4134478606,239,
72.0,1.381,0.315191999309,-6.0,0.331547507625,0.376006928728,0.968621280417,0.927658365897,74.8715979403,239,
78.0,1.381,0.297262096906,-6.0,0.323725354085,0.376065513122,0.962707302529,0.928270228216,72.8853067603,239,
84.0,1.381,0.188012828812,-12.0,0.228679236111,0.312082836748,0.955061039881,0.946625345507,69.9116374546,239,
90.0,1.381,0.219758024631,-6.0,0.253707039142,0.328784133094,0.955863842506,0.942095199847,70.3720609753,239,
96.0,1.381,0.192149055532,-6.0,0.234099315065,0.304805564642,0.962458674986,0.949627439488,72.3440870022,239,
102.0,1.381,nan,nan,nan,nan,nan,nan,nan,0,
108.0,1.381,0.184560100734,-12.0,0.217420159762,0.325168055415,0.94067734516,0.941841589475,65.8529840472,239,
114.0,1.381,0.292267031039,-12.0,0.299492548986,0.371207970875,0.951118180003,0.928352961101,69.0269637484,239,
120.0,1.381,0.227398193214,-12.0,0.250509615126,0.340720302217,0.946045033512,0.937338955425,67.3847751512,239,
126.0,1.381,0.320272801538,-12.0,0.326380594241,0.385189555117,0.957726635693,0.924073886112,71.11024932,239,
