LeadTime (HRS), obsMax (m MSL), Peak (m), PLag (min), Bias(m), RMSD (m), RVal, Skil, VExp (%), nPts,
-0.0,2.048,0.190154450234,24.0,0.167634835031,0.192296340642,0.997804851681,0.99531057703,93.2431591588,240,
6.0,2.048,-0.136508950621,6.0,-0.147069867175,0.176465082525,0.997674850908,0.996055653579,93.0060409182,240,
12.0,2.048,-0.221891029663,12.0,-0.232905500887,0.250178362676,0.997941277233,0.992091610985,93.4488494861,240,
18.0,2.048,-0.0373968894332,12.0,-0.057901700416,0.107810960805,0.997968562081,0.998526737691,93.4894278383,239,
24.0,2.048,0.0588022786607,12.0,0.0504587423714,0.104485920551,0.997942079874,0.998615939593,93.4499412214,239,
30.0,2.048,0.0614361590777,12.0,0.0484224629174,0.107969267874,0.997735607051,0.998525177926,93.0914505755,239,
36.0,2.048,0.0920903696101,18.0,0.0908593432149,0.134161051386,0.997650910759,0.997727854994,92.9333399541,239,
42.0,2.048,0.0940202460886,18.0,0.0878061216414,0.134325324081,0.997493860857,0.997720888076,92.7226729048,239,
48.0,2.048,0.0959017986557,18.0,0.0870479917898,0.135851588761,0.997429656365,0.997677702557,92.5332555888,239,
54.0,2.048,0.0385941333731,12.0,0.0346676923088,0.111503780511,0.997335630294,0.998433759784,92.413094431,239,
60.0,2.048,0.0530167952574,18.0,0.0572299654766,0.121432478684,0.997269260626,0.998142298556,92.3326834478,239,
66.0,2.048,0.0345505203173,18.0,0.0430740430678,0.120710440445,0.996914943728,0.998159867281,91.9272814967,239,
72.0,2.048,0.272730591151,18.0,0.277652742308,0.300848191183,0.996804144962,0.988719037165,91.7071431893,239,
78.0,2.048,0.0483098999238,18.0,0.0602652681716,0.133361457303,0.996592261214,0.997758591292,91.4831154111,239,
84.0,2.048,0.0637430628652,18.0,0.0695918437732,0.137749216474,0.996579732936,0.997606972328,91.4896029586,239,
90.0,2.048,0.0145718237197,18.0,0.0288884510525,0.125075880685,0.99638753932,0.998023675951,91.2879579218,239,
96.0,2.048,0.251877024423,18.0,0.266382405804,0.295042807867,0.996025071765,0.989079807553,90.9189129301,239,
102.0,2.048,nan,nan,nan,nan,nan,nan,nan,0,
108.0,2.048,0.0907604659172,12.0,0.088082517766,0.120629807104,0.998467118416,0.998167998815,94.0947475332,239,
114.0,2.048,0.0141107451842,12.0,0.0215105596306,0.0791400718133,0.998747780011,0.999212016078,94.5432038125,239,
120.0,2.048,0.163807961513,12.0,0.171512769089,0.190526277958,0.99840260833,0.995432858717,94.0554928765,239,
126.0,2.048,0.0634683403742,12.0,0.0627197523572,0.105969576657,0.998360557068,0.998586818986,93.8801188428,239,
