LeadTime (HRS), obsMax (m MSL), Peak (m), PLag (min), Bias(m), RMSD (m), RVal, Skil, VExp (%), nPts,
-0.0,0.138,0.0669444019645,-18.0,0.111801150513,0.130939277836,0.907791001939,0.780044467779,53.8439666319,240,
6.0,0.138,0.0606650284589,-24.0,0.108505975411,0.126923457603,0.920120180836,0.788798149226,55.3575955967,239,
12.0,0.138,nan,nan,nan,nan,nan,nan,nan,0,
18.0,0.138,0.179162616151,-42.0,0.213012701062,0.221594935884,0.923538681675,0.624780215936,58.5120964384,239,
24.0,0.138,0.186891981107,-30.0,0.222581310729,0.230850702606,0.923865729171,0.611119384947,58.4026664495,239,
30.0,0.138,0.179436821771,-12.0,0.213527503034,0.222170817289,0.926045773773,0.622467024352,58.3125134565,239,
36.0,0.138,0.238527615145,-18.0,0.262822383663,0.269182087572,0.930089214394,0.566001400979,60.4862083147,239,
42.0,0.138,0.299209374269,-54.0,0.309274625442,0.314543893116,0.928846548067,0.518626580238,61.0527428127,239,
48.0,0.138,0.287599407017,-24.0,0.315045041997,0.320278835309,0.929817958866,0.511114003451,60.8277525495,239,
54.0,0.138,0.222527323401,-24.0,0.265605594846,0.271975985632,0.935287061929,0.558479689628,60.2462736679,239,
60.0,0.138,0.25896486067,-18.0,0.298465856636,0.304044044797,0.934170753137,0.524551728634,60.6176805634,239,
66.0,0.138,0.298832031388,-60.0,0.330814665023,0.336352385636,0.917317580458,0.494793592623,58.7089970519,239,
72.0,0.138,0.344483261915,-24.0,0.375574452055,0.37967803603,0.932314025622,0.45941208923,62.1818429179,239,
78.0,0.138,0.300794620823,-6.0,0.334406659594,0.339330093264,0.93047050535,0.492162688537,60.8752314198,239,
84.0,0.138,0.278251271745,-12.0,0.310394171117,0.317315851327,0.899924724133,0.512658640388,55.2226989206,239,
90.0,0.138,0.301485656172,-12.0,0.340311081148,0.347822349512,0.877346773178,0.481490889193,51.1611325295,239,
96.0,0.138,0.320058635069,756.0,0.358725416754,0.365586208217,0.88295329461,0.465442264277,52.1124681602,239,
102.0,0.138,0.245733104348,756.0,0.292903000509,0.300333571652,0.90023279318,0.527114149198,54.9423643011,240,
108.0,0.138,0.125454559633,756.0,0.168657648383,0.185127347338,0.868729265071,0.663208294183,48.2494934445,239,
114.0,0.138,0.148360597173,762.0,0.182813687107,0.199571133589,0.84687050772,0.642355852146,45.7304385375,239,
120.0,0.138,0.217179355488,762.0,0.229743463267,0.24521316727,0.814114739737,0.584092920252,41.887434445,239,
126.0,0.138,0.145481281651,768.0,0.158152093383,0.17953347975,0.820647614532,0.669451206568,42.3928680617,239,
