LeadTime (HRS), obsMax (m MSL), Peak (m), PLag (min), Bias(m), RMSD (m), RVal, Skil, VExp (%), nPts,
-0.0,0.194,0.0335103861851,48.0,-0.00690690472033,0.0372515795146,0.913794850567,0.887224685442,12.9951617197,239,
6.0,0.194,0.043213479991,48.0,0.0015233286951,0.0359426248105,0.924116366179,0.895177638583,14.4697082197,240,
12.0,0.194,0.0191467550818,96.0,-0.010487978134,0.0368196028616,0.95395042459,0.896289093055,15.9370230687,240,
18.0,0.194,0.0213063797761,78.0,-0.0105692004639,0.0332096423367,0.95175633832,0.908830243477,25.0148689895,240,
24.0,0.194,0.0343951820818,792.0,0.00562145908815,0.0326244227287,0.946287986438,0.91146117913,23.4582087404,240,
30.0,0.194,0.0313762704024,792.0,0.00514368647245,0.0343422696237,0.934909397348,0.902957798161,19.1271432262,240,
36.0,0.194,-0.00629272249822,66.0,-0.0316927235504,0.0506062226358,0.897213795933,0.812644740468,6.03120778872,240,
42.0,0.194,0.00119534387164,66.0,-0.0311146252535,0.0561920386865,0.877887174249,0.789640602334,0.0,240,
48.0,0.194,0.0104936190749,66.0,-0.0340522974861,0.0555228851529,0.903407317337,0.79579721163,0.0,240,
54.0,0.194,0.0285702730384,60.0,-0.0213667999573,0.0507464764124,0.885874848096,0.821849330567,0.0,240,
60.0,0.194,-0.051098656653,84.0,-0.0911526532578,0.101815431854,0.894205490139,0.566503426652,0.0,240,
66.0,0.194,-0.0817901857803,66.0,-0.115342408698,0.121679372476,0.916312835733,0.49993774037,7.69285739996,240,
72.0,0.194,-0.0839261414075,66.0,-0.114220621333,0.120358805889,0.921454131529,0.504762459751,9.62142318858,240,
78.0,0.194,-0.0651950014662,54.0,-0.106120939276,0.115461544674,0.892099252225,0.520171510142,0.0,240,
84.0,0.194,-0.185250037166,30.0,-0.215880919031,0.221086419535,0.857216017683,0.314266196581,0.0,240,
90.0,0.194,-0.202837377633,72.0,-0.238543983144,0.242522907459,0.876262630718,0.288783014697,0.0,240,
96.0,0.194,-0.219848146413,48.0,-0.263428053937,0.267143428263,0.918929444492,0.269154130772,0.0,240,
102.0,0.194,-0.222522561991,24.0,-0.275209132128,0.278837339204,0.902034656941,0.256104756645,0.0,240,
108.0,0.194,-0.2418892099,72.0,-0.304347766422,0.309330429247,0.861110796023,0.235204472423,0.0,240,
114.0,0.194,-0.294709988901,108.0,-0.340931461987,0.344731759243,0.843076024816,0.210377797558,0.0,240,
120.0,0.194,-0.293049354241,84.0,-0.320039856529,0.322966349856,0.865008284889,0.222128966615,0.0,240,
126.0,0.194,-0.263909013511,84.0,-0.293591568101,0.297077084916,0.859807815627,0.240558680465,0.0,240,
