LeadTime (HRS), obsMax (m MSL), Peak (m), PLag (min), Bias(m), RMSD (m), RVal, Skil, VExp (%), nPts,
-0.0,-0.043,-0.008633707361,-108.0,0.0877287319412,0.103250683563,0.428984063333,0.491432840731,9.44502785533,239,
6.0,-0.043,-0.0468274987769,84.0,0.0859816206595,0.10435839717,0.249260051117,0.464907841969,1.53815693061,240,
12.0,-0.043,0.0692023925088,-126.0,0.178625594137,0.186700094596,0.428053968799,0.338291991669,9.57965101982,240,
18.0,-0.043,0.0489966499745,-126.0,0.180775484274,0.18800662363,0.554277669599,0.331483374048,14.0280993788,240,
24.0,-0.043,0.0789027387773,-132.0,0.208927472148,0.215522063488,0.510607445791,0.294716419772,11.9204237428,240,
30.0,-0.043,0.0974128365161,-138.0,0.22299159465,0.229911624768,0.374740826364,0.274347256839,6.79806317621,240,
36.0,-0.043,0.0787922977833,-126.0,0.221852678302,0.229192835608,0.287025646087,0.275702803965,4.20758799086,240,
42.0,-0.043,0.0683244735624,624.0,0.210939487976,0.220237963232,-0.0393383989807,0.272338716027,0.0,240,
48.0,-0.043,0.0818459345357,-120.0,0.221333315331,0.229867151152,0.0981461347172,0.271767852274,0.0,240,
54.0,-0.043,0.0733876341385,-72.0,0.222442173876,0.229562229528,0.357326078288,0.279128886961,5.55450042078,240,
60.0,-0.043,0.0487717554268,-246.0,0.19813806052,0.208907290617,-0.37984669073,0.277047334109,0.0,240,
66.0,-0.043,0.0373288832763,258.0,0.185800635963,0.198010571925,-0.762922654765,0.282845124415,0.0,240,
72.0,-0.043,0.0479239251367,48.0,0.191819776947,0.20026564161,0.290753473908,0.303928913197,4.19666093616,240,
78.0,-0.043,0.0719551915567,-144.0,0.200765191852,0.209903803295,0.138407394857,0.298254860246,0.0,240,
84.0,-0.043,0.0525771032619,630.0,0.195608762537,0.203712794621,0.322457358145,0.300792842449,5.2934110015,240,
90.0,-0.043,0.0412878949304,216.0,0.185059942129,0.195723835298,-0.0194481391567,0.303689127816,0.0,240,
96.0,-0.043,0.0448369183052,-90.0,0.193658972696,0.202763776828,0.150838630553,0.302535251221,0.0,240,
102.0,-0.043,0.0600694230784,210.0,0.204277404864,0.2142041099,-0.258286007405,0.280621066559,0.0,240,
108.0,-0.043,0.0715640226771,918.0,0.206616355288,0.216534877376,0.0646662633287,0.278523647722,0.0,240,
114.0,-0.043,0.068884392357,918.0,0.177545146538,0.19004118643,0.0767666539827,0.298114770894,0.0,240,
120.0,-0.043,0.0928160264687,918.0,0.18876307606,0.201327490059,0.0602394898239,0.283817782402,0.0,240,
126.0,-0.043,0.0767948139378,918.0,0.188630093672,0.202271770695,0.114125942872,0.293558668671,0.0,240,
