LeadTime (HRS), obsMax (m MSL), Peak (m), PLag (min), Bias(m), RMSD (m), RVal, Skil, VExp (%), nPts,
-0.0,1.361,0.250246652954,-6.0,0.211400484318,0.227658250455,0.99289946058,0.972871722972,87.4365721014,240,
6.0,1.361,0.208139727105,-6.0,0.17600816768,0.195114079471,0.99276149368,0.979828271544,87.4811815763,239,
12.0,1.361,0.123193272764,-12.0,0.0931912304341,0.113273985484,0.995687875994,0.993064981664,90.4268237539,239,
18.0,1.361,0.105715441234,-18.0,0.0785428729385,0.103075831269,0.995349948352,0.994247622875,90.0762410057,239,
24.0,1.361,0.0973807635647,-18.0,0.101472070772,0.119726894345,0.995540104019,0.992112828391,90.5507623816,240,
30.0,1.361,0.115551209454,-24.0,0.107605518488,0.125320561506,0.99551310587,0.991447484488,90.463524801,239,
36.0,1.361,0.0712786543914,-24.0,0.0700819257266,0.101562785008,0.994298102288,0.994414708007,89.0869480979,239,
42.0,1.361,0.0879278470178,-24.0,0.0761777001956,0.108287982139,0.993677587289,0.993635629757,88.5741749516,239,
48.0,1.361,0.0808613210693,-18.0,0.0699992885341,0.0980469123222,0.994932644537,0.99476591391,89.8077491222,239,
54.0,1.361,0.113550417148,-24.0,0.10264562435,0.127833964878,0.99388386031,0.991186079965,88.6884079828,239,
60.0,1.361,0.0997920641025,-24.0,0.0607105952465,0.0918569498458,0.995297572357,0.995478768786,89.7660707541,239,
66.0,1.361,0.157712512704,-24.0,0.0938221429733,0.117176872268,0.995784497949,0.992785686163,89.5783771543,239,
72.0,1.361,0.0396127663074,-18.0,0.04437308661,0.0773750100511,0.99567045175,0.996731832228,90.5895923825,239,
78.0,1.361,0.222639606748,-24.0,0.148603669201,0.164772844136,0.995477083123,0.98578776977,89.4321930503,239,
84.0,1.361,0.0746778891145,-12.0,0.029027698151,0.0811373429227,0.993869534499,0.99641585476,88.7516537679,239,
90.0,1.361,0.144172889714,-18.0,0.071222673865,0.103218204453,0.994699026826,0.994337758277,88.9088517653,239,
96.0,1.361,0.0479168172398,-12.0,0.0109880752585,0.0776129605271,0.993757423593,0.996728520084,88.5936851396,239,
102.0,1.361,0.0909820230026,-24.0,0.117585952488,0.143341029842,0.992682715317,0.988817761722,87.8297739692,239,
108.0,1.361,-0.0245412550752,-18.0,0.0110863379025,0.0783036968545,0.993486245979,0.996643151512,88.4921817432,239,
114.0,1.361,nan,nan,nan,nan,nan,nan,nan,0,
120.0,1.361,-0.040424309944,-24.0,-0.0183542617385,0.0925264229877,0.990972885852,0.995274750664,86.5175326243,239,
126.0,1.361,0.172457405757,-24.0,0.139726592602,0.164347367051,0.992218562493,0.985542898827,87.1364324591,239,
