LeadTime (HRS), obsMax (m MSL), Peak (m), PLag (min), Bias(m), RMSD (m), RVal, Skil, VExp (%), nPts,
-0.0,0.973,-0.0160841666956,-6.0,-0.1160797171,0.18292341299,0.991076905051,0.987371105643,81.594998258,240,
6.0,0.973,-0.0847064510266,-6.0,-0.153609181241,0.201125647182,0.992853303777,0.984782608565,83.1331052592,239,
12.0,0.973,0.118548126025,-12.0,0.0386018168432,0.125676207563,0.994717917772,0.994007853352,84.4619644325,239,
18.0,0.973,0.0192828734855,-6.0,-0.0489860252597,0.127897023055,0.994713048459,0.993781157949,84.6512494529,239,
24.0,0.973,0.0151535277056,-6.0,-0.0440214638318,0.129409825731,0.994203580112,0.993638512545,84.1902784447,239,
30.0,0.973,-0.0275025402496,-6.0,-0.0924886769314,0.150322113005,0.994651887272,0.991397849557,84.5726526783,240,
36.0,0.973,0.204293699368,-6.0,0.154044984954,0.194184444654,0.994392375138,0.985717126211,84.6257197558,239,
42.0,0.973,0.108992556578,-6.0,0.0587214593117,0.13076271462,0.994486995678,0.993461949165,84.8066548638,239,
48.0,0.973,0.133606778066,-6.0,0.0803983342538,0.143009593324,0.994670096672,0.992222161017,84.6201604458,239,
54.0,0.973,0.087991901907,-12.0,0.0246653342761,0.11906821546,0.995279453495,0.994611863788,84.8522546157,239,
60.0,0.973,0.34348946091,-6.0,0.269075424681,0.292059248653,0.995862982627,0.968503624369,85.2320235103,239,
66.0,0.973,0.250794401398,-18.0,0.18184446055,0.215743493654,0.995940828572,0.982628019751,84.9031423235,239,
72.0,0.973,0.269527705603,-6.0,0.179891494771,0.215982974173,0.996101930517,0.982698583213,84.4561933538,239,
78.0,0.973,0.160837322525,-12.0,0.0922031556281,0.148303341872,0.995723885626,0.991697051871,84.8949608702,239,
84.0,0.973,0.347652603095,-18.0,0.279251670739,0.303250845247,0.995745591008,0.966317596023,84.6247087632,239,
90.0,0.973,0.280262571755,-6.0,0.201416359451,0.23307989065,0.995942231682,0.979819087616,84.7472207092,239,
96.0,0.973,0.211448959536,-6.0,0.140371622008,0.183617898123,0.995160885475,0.987304858556,84.6072528316,239,
102.0,0.973,0.151994432838,0.0,0.0770102258531,0.141733166189,0.995490766969,0.9924258439,84.5270583809,239,
108.0,0.973,0.371927278526,-6.0,0.30026402633,0.321416678992,0.996925967331,0.962532128981,85.0877763103,239,
114.0,0.973,0.267764280122,-12.0,0.247411298398,0.270629784609,0.995015727698,0.972442921706,85.7381669496,239,
120.0,0.973,nan,nan,nan,nan,nan,nan,nan,0,
126.0,0.973,0.175325199789,-18.0,0.129172924005,0.170682737541,0.994874042569,0.988881591476,85.5058526804,239,
