LeadTime (HRS), obsMax (m MSL), Peak (m), PLag (min), Bias(m), RMSD (m), RVal, Skil, VExp (%), nPts,
-0.0,0.642,-0.375351938309,-750.0,-0.327301490722,0.332184398405,0.994345193395,0.888173711245,88.1584576175,240,
6.0,0.642,-0.334842518323,-6.0,-0.266472595237,0.270754107975,0.995862733179,0.922959774438,89.9765342731,239,
12.0,0.642,-0.351778495547,-18.0,-0.292976582027,0.297491171591,0.995707555401,0.90758151749,89.209347098,239,
18.0,0.642,-0.296067812272,-6.0,-0.229973596243,0.236009495249,0.994809085956,0.939953587031,88.9159990285,239,
24.0,0.642,-0.359585239812,0.0,-0.292258506135,0.297896861321,0.993545800477,0.908234082233,87.9440929837,239,
30.0,0.642,-0.309851714883,-48.0,-0.211883126167,0.218227806747,0.994890902702,0.948418293983,89.0991243503,240,
36.0,0.642,-0.346904851703,0.0,-0.254228024579,0.259394457777,0.994875261491,0.928945704539,89.2347800051,239,
42.0,0.642,-0.286774390932,6.0,-0.197535404243,0.204277361704,0.994688118611,0.954603860805,89.1229692386,239,
48.0,0.642,-0.346556207988,-18.0,-0.258178344649,0.262379557135,0.995958059897,0.927432575048,90.2270127348,239,
54.0,0.642,-0.319360964136,-750.0,-0.223635789047,0.228154580491,0.996351333277,0.943957591444,90.5575407132,239,
60.0,0.642,-0.354206413201,-6.0,-0.283358716636,0.28700428338,0.996163023013,0.914748211828,90.4706410387,239,
66.0,0.642,-0.325543995557,-12.0,-0.252693605262,0.256833508419,0.996232392863,0.930116913153,90.4019230361,239,
72.0,0.642,-0.395375204079,-12.0,-0.306509134655,0.310512976259,0.995655385969,0.901013517353,89.612900422,239,
78.0,0.642,-0.385046308076,-12.0,-0.32311604397,0.326058091441,0.996520434558,0.893153382496,90.8670531642,239,
84.0,0.642,-0.347615702122,-18.0,-0.266495972565,0.270316445164,0.996281137377,0.923403460593,90.5359874215,239,
90.0,0.642,-0.3214703773,666.0,-0.237512587527,0.24324668849,0.994962656749,0.936452510999,89.0275909046,239,
96.0,0.642,-0.347863349013,666.0,-0.240186585805,0.246993364296,0.99464642292,0.93348321907,87.9656954,239,
102.0,0.642,-0.374133324377,-18.0,-0.274501359349,0.281388339941,0.993376780662,0.915750244417,87.0695324011,239,
108.0,0.642,-0.248753657494,-12.0,-0.216278547608,0.220762601277,0.996435300686,0.947518079523,90.7487151531,239,
114.0,0.642,-0.295543197781,-18.0,-0.252061463634,0.256085663298,0.996211191892,0.930822266947,90.5498220846,239,
120.0,0.642,nan,nan,nan,nan,nan,nan,nan,0,
126.0,0.642,-0.260979222265,-24.0,-0.239841550174,0.245580736142,0.994689358384,0.935629046276,88.9687304126,239,
