LeadTime (HRS), obsMax (m MSL), Peak (m), PLag (min), Bias(m), RMSD (m), RVal, Skil, VExp (%), nPts,
-0.0,0.683,0.040934187719,12.0,-0.0614783243612,0.113062723574,0.993013799063,0.990619253842,82.78295021,240,
6.0,0.683,-0.0290504288038,36.0,-0.12219268208,0.151961445981,0.9930103603,0.983032413708,83.6159313583,239,
12.0,0.683,0.133271121692,24.0,0.0306061628188,0.0998512556222,0.992462813717,0.992638752092,82.7625565631,239,
18.0,0.683,0.0606144921161,30.0,-0.0466703954303,0.103596550807,0.992887065978,0.99206640751,83.2261938228,239,
24.0,0.683,0.0726114436689,30.0,-0.0187377237247,0.0970470541724,0.992406284179,0.993043426907,82.7306316897,239,
30.0,0.683,-0.00781205957403,36.0,-0.0920342080711,0.1297616274,0.992775887728,0.987560782465,83.4019908102,240,
36.0,0.683,0.171865907475,36.0,0.0786109550244,0.124786389067,0.991781773934,0.988490486976,82.3873968907,239,
42.0,0.683,0.102999247308,36.0,0.00497145008008,0.0974380219886,0.991857016442,0.992960319147,82.3148862035,239,
48.0,0.683,0.112694312593,30.0,0.0279931285226,0.102297531324,0.991995372247,0.99227544613,82.1182782669,239,
54.0,0.683,0.0443206577431,24.0,-0.0467155896311,0.10777538016,0.99227025214,0.99143020903,82.3487843342,239,
60.0,0.683,0.169856200319,30.0,0.0738070241973,0.124440092488,0.991223292171,0.988584089743,81.7918434272,239,
66.0,0.683,0.104967979573,36.0,0.0126157152917,0.101070066665,0.991196317655,0.99243795526,81.775396255,239,
72.0,0.683,0.0948554949651,30.0,-0.00162386037192,0.0996954434473,0.991507398995,0.992650710591,81.8839667997,239,
78.0,0.683,-9.73042875057e-05,30.0,-0.0891801354741,0.131404472642,0.991850084052,0.987251817008,82.4606118395,239,
84.0,0.683,0.126683911283,30.0,0.0336661735792,0.109099699124,0.990000446438,0.99118076244,81.1400810655,239,
90.0,0.683,0.108174681044,30.0,0.00887193039594,0.106168274572,0.990050124127,0.991687539517,80.77269121,239,
96.0,0.683,0.0773927790356,30.0,-0.0187139892297,0.106260864346,0.989881666106,0.991637200717,80.9902213766,239,
102.0,0.683,0.00856111717076,36.0,-0.0830455646842,0.132478063084,0.990020240106,0.987039469281,81.2414553504,239,
108.0,0.683,0.109390372864,30.0,0.0157459841766,0.106288653449,0.989471196566,0.991612782456,80.8964701498,239,
114.0,0.683,0.106226061296,30.0,0.0138154770416,0.106093194998,0.98902457268,0.99161122164,80.8830265904,239,
120.0,0.683,nan,nan,nan,nan,nan,nan,nan,0,
126.0,0.683,0.0191513496445,12.0,-0.0626475514859,0.103585802727,0.995021237645,0.992053304947,85.0387565224,239,
