LeadTime (HRS), obsMax (m MSL), Peak (m), PLag (min), Bias(m), RMSD (m), RVal, Skil, VExp (%), nPts,
-0.0,0.056,-0.0245217260544,-150.0,-0.0653650728322,0.0781743265743,0.714227609737,0.671456130551,18.3345633884,240,
6.0,0.056,-0.0227630662806,-174.0,-0.0818076959106,0.0966626388526,0.639915101704,0.599766299602,2.13694590507,239,
12.0,0.056,-0.0686172749914,-204.0,-0.0710572036225,0.0813085475846,0.688542216967,0.629319652913,24.8836748295,239,
18.0,0.056,-0.0687596087775,-168.0,-0.0876909076319,0.0984288787188,0.635228952279,0.567410440361,15.0315609991,239,
24.0,0.056,-0.0310728979467,-162.0,-0.0783803723912,0.0948670240946,0.502307029757,0.555458640563,0.0,239,
30.0,0.056,-0.0552942119151,-180.0,-0.0908143666611,0.105385370254,0.478462176485,0.5167314614,0.0,240,
36.0,0.056,-0.0558060120043,-180.0,-0.0819147308188,0.0964056724073,0.506444119001,0.543554208458,3.36379501911,239,
42.0,0.056,-0.0430625532965,-168.0,-0.0867108921769,0.101159047679,0.575286098193,0.56314405086,0.956518841851,239,
48.0,0.056,-0.0518026951082,-186.0,-0.0819257937685,0.0966769113474,0.539094540536,0.557847005362,2.42298615693,239,
54.0,0.056,-0.0302545458322,-174.0,-0.0872241294368,0.104709057599,0.497745150544,0.533822738084,0.0,239,
60.0,0.056,-0.00940153115458,-168.0,-0.0708788967115,0.0910589336473,0.496343549558,0.577874115208,0.0,239,
66.0,0.056,-0.0107644687003,-168.0,-0.0719696794644,0.0901576440891,0.574186778864,0.603469448719,0.0,239,
72.0,0.056,-0.00576519185555,-162.0,-0.0714592694084,0.0917188690164,0.522349617452,0.583666894545,0.0,239,
78.0,0.056,-0.00684394773726,-162.0,-0.0813132460999,0.10167986297,0.560035614803,0.570949001967,0.0,239,
84.0,0.056,0.0202606496107,-162.0,-0.0484936350036,0.0791872457994,0.45097786495,0.611797264219,0.0,239,
90.0,0.056,0.0376204877559,-138.0,-0.0496252171503,0.0800813059573,0.557819184268,0.650158080682,0.0,239,
96.0,0.056,0.0518878281767,-120.0,-0.0283404590789,0.0638810138159,0.59035073808,0.721297243712,0.0,239,
102.0,0.056,0.0270310927877,-24.0,-0.0204453913799,0.0565434855881,0.564045768605,0.727762303684,0.0,239,
108.0,0.056,-0.00293359501139,-24.0,-0.0316879757409,0.0569756639971,0.64760160627,0.748258110823,9.98427433444,239,
114.0,0.056,-0.0105891279197,-156.0,-0.0360105684064,0.0605632615393,0.599468057483,0.70777223405,7.42998370822,239,
120.0,0.056,nan,nan,nan,nan,nan,nan,nan,0,
126.0,0.056,-0.0139280195147,-138.0,-0.049934912898,0.0789363581701,0.448217240709,0.593190671945,0.0,239,
