LeadTime (HRS), obsMax (m MSL), Peak (m), PLag (min), Bias(m), RMSD (m), RVal, Skil, VExp (%), nPts,
-0.0,1.274,0.293510601923,18.0,0.217408494237,0.265445614496,0.985771022576,0.977708669688,83.07574826,240,
6.0,1.274,0.117160280549,18.0,0.0358789511135,0.143034706653,0.98844844822,0.9934395224,84.6428628181,239,
12.0,1.274,0.0815282174732,18.0,0.0575611034944,0.141822588326,0.990008426886,0.993548689867,85.6239314305,239,
18.0,1.274,-0.0392105906611,18.0,0.00432564883117,0.118418872088,0.991801742003,0.995500453779,86.8746241816,239,
24.0,1.274,0.161147100136,24.0,0.190641125395,0.222148268681,0.992496843386,0.984340952414,87.3511936357,239,
30.0,1.274,-0.0111020830519,18.0,0.037458917444,0.118432757337,0.992750601469,0.99549399419,87.5386643587,239,
36.0,1.274,-0.0150870107652,24.0,0.0436832306824,0.120103391675,0.99279205133,0.995371080076,87.5913666393,239,
42.0,1.274,-0.0740233119187,24.0,-0.0075509733154,0.109554496351,0.993284288859,0.996133074152,87.8779257155,239,
48.0,1.274,0.0434436716053,12.0,0.138439531805,0.177141521442,0.993055113866,0.989971124769,87.7424726254,239,
54.0,1.274,-0.083795028184,18.0,0.0302533451493,0.114425108794,0.9931841638,0.995776979672,87.7604371119,239,
60.0,1.274,-0.0847232547738,24.0,0.0262188156798,0.114444972132,0.993011523493,0.995777396952,87.6442077103,239,
66.0,1.274,-0.102046291456,24.0,-0.00464478107387,0.111235678978,0.993196276757,0.995995396425,87.6733254258,239,
72.0,1.274,-0.0260433962003,18.0,0.0757616565448,0.137609631567,0.992557892511,0.993896070865,87.2587658496,239,
78.0,1.274,-0.0934242464206,24.0,0.00849459972113,0.113809731311,0.992734033977,0.995819989459,87.4122800955,239,
84.0,1.274,nan,nan,nan,nan,nan,nan,nan,0,
90.0,1.274,-0.103008678594,24.0,0.0248656749297,0.0913224977161,0.996134298123,0.997311801493,90.2595763159,239,
96.0,1.274,-0.0854269726258,24.0,0.05831692301,0.110689806327,0.995509291364,0.996044203196,89.5712479784,239,
102.0,1.274,-0.0912523572109,18.0,0.0481555486303,0.108494969356,0.995253664556,0.996186631571,89.2231066251,239,
108.0,1.274,-0.090138606734,6.0,0.0549666109718,0.112405444635,0.995331940586,0.995892927441,89.1314556603,239,
114.0,1.274,-0.0418831218828,6.0,0.0942658651892,0.137066963216,0.995032133109,0.993918640351,88.9700590006,239,
120.0,1.274,-0.0493176546521,-6.0,0.0819197939887,0.121943105257,0.995994149036,0.995201291626,89.9872653608,239,
126.0,1.274,-0.0441654905319,0.0,0.0808090024826,0.119422236343,0.996185839412,0.99540632517,90.253221313,239,
