LeadTime (HRS), obsMax (m MSL), Peak (m), PLag (min), Bias(m), RMSD (m), RVal, Skil, VExp (%), nPts,
-0.0,1.827,-0.085143697584,-30.0,0.0396691537095,0.184254348494,0.996492127341,0.99409387108,85.8803854303,240,
6.0,1.827,-0.0383208539762,12.0,0.103043068741,0.1998294281,0.996826195157,0.993136304869,86.5901852542,239,
12.0,1.827,-0.176991107499,0.0,-0.0121231870602,0.189824846611,0.996517354157,0.993693751597,85.1628209196,239,
18.0,1.827,-0.104584274772,6.0,0.0533137219879,0.197979478318,0.996297367205,0.993145675184,85.0665888681,239,
24.0,1.827,-0.148672778159,12.0,0.00717453287303,0.192383730044,0.996171119152,0.993519824262,84.9425331994,239,
30.0,1.827,0.0212701694305,0.0,0.158172100217,0.237904650026,0.996665669474,0.990243854826,86.0814727623,239,
36.0,1.827,-0.218379917887,6.0,-0.0371692526555,0.206505385714,0.996396371007,0.992441661849,84.0901616758,239,
42.0,1.827,-0.0965061291832,6.0,0.0597789385748,0.201545487651,0.996207989537,0.992888821875,84.9248143597,239,
48.0,1.827,-0.219359990845,6.0,-0.0459520952446,0.207598237514,0.996319816881,0.992371472464,84.1437477235,239,
54.0,1.827,-0.0340674221821,0.0,0.123396519502,0.22334283396,0.996519770062,0.991321900565,85.4195562491,239,
60.0,1.827,-0.269404573229,6.0,-0.0841572046557,0.226805275483,0.995875106635,0.990853899859,83.5042248099,239,
66.0,1.827,-0.128864099506,0.0,0.0393747243227,0.205943937525,0.995853588742,0.992516720802,84.1675384158,239,
72.0,1.827,-0.267232238786,12.0,-0.0895610184173,0.232101826105,0.995775925957,0.990395344678,83.2291204816,239,
78.0,1.827,-0.100607178478,6.0,0.0553779328058,0.203169157587,0.99601297827,0.992760806374,84.6898327952,239,
84.0,1.827,nan,nan,nan,nan,nan,nan,nan,0,
90.0,1.827,-0.206794081908,0.0,-0.0449324791522,0.204167915663,0.996815202628,0.992618479157,84.3979431793,239,
96.0,1.827,-0.33670521772,6.0,-0.173487033044,0.277536035746,0.996140800982,0.986255793574,83.0295591385,239,
102.0,1.827,-0.241529658473,6.0,-0.0690350174762,0.218740475029,0.996715817137,0.991467213883,83.7400013462,239,
108.0,1.827,-0.339265707722,0.0,-0.162333054855,0.274824083925,0.995800713935,0.986471062014,82.627892099,239,
114.0,1.827,-0.213970931523,0.0,-0.0698845830106,0.220446002465,0.99545378452,0.99138893545,83.6213526907,239,
120.0,1.827,-0.272345716903,0.0,-0.124100038575,0.245047486413,0.99577482116,0.989335456295,83.4471369984,239,
126.0,1.827,-0.208713252577,0.0,-0.0759516629304,0.19466291142,0.99733516396,0.993400396955,85.9590558014,239,
