LeadTime (HRS), obsMax (m MSL), Peak (m), PLag (min), Bias(m), RMSD (m), RVal, Skil, VExp (%), nPts,
-0.0,0.575,0.252922522208,-894.0,0.310810274802,0.316647528197,0.959693566037,0.578180398362,66.6591375399,238,
6.0,0.575,0.266556373932,0.0,0.358946729378,0.364087075841,0.951665664177,0.537145296065,66.0812580887,237,
12.0,0.575,0.330265598074,102.0,0.407393490718,0.411520932857,0.949097507979,0.503665830964,67.5243341347,237,
18.0,0.575,0.315165392397,120.0,0.404391581532,0.408233146358,0.953792955493,0.506038197109,69.1307834133,237,
24.0,0.575,0.331581431262,120.0,0.40910597128,0.412404367852,0.961274078386,0.505445684123,71.1562390124,237,
30.0,0.575,0.368968410277,114.0,0.461884636871,0.464892866415,0.95907565948,0.467207796355,70.3420468291,237,
36.0,0.575,0.402638434244,0.0,0.498315680838,0.500992356343,0.958880379348,0.444094995231,70.3156142372,237,
42.0,0.575,0.391361292983,108.0,0.47481353586,0.478369072776,0.946467114965,0.460040470134,67.5695370411,237,
48.0,0.575,0.359915898244,84.0,0.458644354222,0.463038768926,0.935120409909,0.466541133499,64.4564154303,237,
54.0,0.575,0.431843126894,102.0,0.518055470055,0.521829216523,0.934410471118,0.432195580581,64.3099173466,237,
60.0,0.575,0.525803852628,96.0,0.617890757821,0.620947665524,0.934822286438,0.380633901866,64.2793836725,237,
66.0,0.575,0.548362472012,96.0,0.634620484886,0.637486653046,0.936804777149,0.374307951038,64.9076819174,237,
72.0,0.575,0.551948947279,102.0,0.645620927652,0.647908907436,0.950947560837,0.369546326256,68.040597163,237,
78.0,0.575,0.608799958802,108.0,0.692698698716,0.695347744151,0.937530092435,0.351058788009,64.9771510178,237,
84.0,0.575,nan,nan,nan,nan,nan,nan,nan,0,
90.0,0.575,0.433917790926,108.0,0.510597741784,0.514663336252,0.930837807182,0.438341369737,63.513703354,237,
96.0,0.575,0.401768145052,108.0,0.467512418576,0.472978861643,0.916765944149,0.465065665392,59.7661319726,237,
102.0,0.575,0.335180733641,102.0,0.402036130306,0.407470391373,0.928542634899,0.510944863167,62.9382317204,237,
108.0,0.575,0.288933768728,102.0,0.350358564142,0.356706205055,0.92810461545,0.556338368369,62.6105991401,237,
114.0,0.575,0.28116870548,102.0,0.360177920058,0.365648415916,0.936702166144,0.547604942732,64.9164202968,237,
120.0,0.575,0.280755340268,96.0,0.346746916567,0.352674122821,0.933168097268,0.558437457311,64.05248077,237,
126.0,0.575,0.314885666662,102.0,0.384171426457,0.390061273351,0.926251760118,0.524730241379,62.300497338,237,
