LeadTime (HRS), obsMax (m MSL), Peak (m), PLag (min), Bias(m), RMSD (m), RVal, Skil, VExp (%), nPts,
-0.0,0.908,-0.116771442547,24.0,-0.087610258184,0.10864817596,0.988096930466,0.981112577727,84.1074297888,239,
6.0,0.908,-0.139758441962,-42.0,-0.0834831887779,0.106215994346,0.988079918927,0.981701633683,83.7580620714,239,
24.0,0.908,-0.0875100097427,-24.0,-0.0716957016799,0.0898463787271,0.991963611568,0.987047417454,86.607309028,239,
30.0,0.908,-0.100588099828,-18.0,-0.0703452642061,0.085297648332,0.994314610836,0.988245433025,88.0684052424,239,
36.0,0.908,-0.102073383932,-12.0,-0.0624068808582,0.0820978904787,0.992787480177,0.989123846477,86.8433104586,239,
42.0,0.908,-0.0967741561773,-6.0,-0.0596175419452,0.0798671135762,0.993351883428,0.989618829785,86.8918114919,239,
48.0,0.908,-0.0767797950347,-6.0,-0.0559481557815,0.0812513199455,0.991560221361,0.989189262611,85.4676722668,239,
54.0,0.908,-0.0588579408423,-6.0,-0.0511075425637,0.0753663216129,0.991763325241,0.990865317284,86.3382477791,239,
