LeadTime (HRS), obsMax (m MSL), Peak (m), PLag (min), Bias(m), RMSD (m), RVal, Skil, VExp (%), nPts,
-0.0,0.483,0.249474346487,78.0,0.247922127409,0.269547128432,0.959557201427,0.869601812631,71.2621136098,240,
6.0,0.483,0.286195070027,24.0,0.310868173522,0.323796512197,0.973244737221,0.822875892309,75.3931113775,239,
12.0,0.483,0.169774344706,24.0,0.244291930878,0.257740440688,0.980702851907,0.877271679574,77.6788729552,239,
18.0,0.483,0.080293198589,0.0,0.20184737679,0.215484374278,0.986117655442,0.910094668967,79.5066352251,239,
24.0,0.483,0.122643876141,0.0,0.232850737061,0.242885459781,0.988840218932,0.89018210363,81.2306616689,239,
30.0,0.483,0.182668937522,6.0,0.316161963721,0.32305263235,0.989880773644,0.8246466599,81.9711842378,239,
36.0,0.483,0.173500223302,6.0,0.301510198155,0.309461476709,0.988508104997,0.835422462747,81.0660075886,239,
42.0,0.483,0.139108692066,6.0,0.246159915944,0.255297913432,0.990799407067,0.879619991635,81.61109362,239,
48.0,0.483,0.179054666486,6.0,0.273208085288,0.280909880683,0.991138188985,0.85965619268,82.2535994118,239,
54.0,0.483,0.27569764405,6.0,0.368417301155,0.374351253473,0.990755150035,0.78024260806,81.964289323,240,
60.0,0.483,0.221633493098,6.0,0.317001501015,0.322925507189,0.992452284836,0.823803278896,83.1917386824,239,
66.0,0.483,0.148444911889,0.0,0.253634591282,0.260507295063,0.993515709205,0.87599317713,83.7723689,239,
72.0,0.483,0.159144890058,6.0,0.250714817176,0.257168439937,0.993288358786,0.87990289275,84.3709148961,239,
78.0,0.483,0.274442917146,6.0,0.371799720573,0.376267739401,0.992884597942,0.780536533082,84.2174309037,239,
84.0,0.483,0.230289865759,6.0,0.355390800458,0.361356266913,0.993196634341,0.78793403482,82.1493108839,239,
90.0,0.483,0.166453409741,6.0,0.262541248615,0.267968385311,0.993255260207,0.872895813469,85.3518817261,239,
96.0,0.483,0.188764412221,6.0,0.277834602869,0.284153375038,0.993015854289,0.856961868564,83.7321679115,239,
102.0,0.483,0.285876136,12.0,0.390410205876,0.394522922453,0.992789428101,0.765916253128,84.4893306263,239,
108.0,0.483,0.308394369114,0.0,0.416653462373,0.420423468593,0.993521301551,0.743842813797,84.6643022592,239,
114.0,0.483,0.263644275525,18.0,0.367494920712,0.372398900878,0.992975360055,0.781787277419,83.555946801,239,
120.0,0.483,0.234850018101,12.0,0.331128638243,0.335684066247,0.994350547104,0.814571376441,84.9541632062,239,
126.0,0.483,0.385538334969,12.0,0.46835026489,0.471397315032,0.994713813618,0.705076142215,85.3918496985,239,
