LeadTime (HRS), obsMax (m MSL), Peak (m), PLag (min), Bias(m), RMSD (m), RVal, Skil, VExp (%), nPts,
-0.0,0.524,0.546534246764,6.0,0.35898497493,0.375036865082,0.989272055975,0.87895424147,76.8311139248,239,
6.0,0.524,0.504779752277,6.0,0.334519752085,0.350831691467,0.990725024264,0.89251568579,77.4168695064,240,
12.0,0.524,0.456280345845,6.0,0.287226672616,0.30457175707,0.991888280111,0.916486381543,78.360371919,240,
18.0,0.524,0.418909169769,12.0,0.263772071929,0.281789032178,0.992565448825,0.927571848488,78.8243310557,240,
24.0,0.524,0.544947820454,6.0,0.388187107674,0.400146097967,0.992453306532,0.863937336616,79.2615236667,240,
30.0,0.524,0.488070167865,0.0,0.332514054974,0.346462053546,0.992360424387,0.894111699162,79.2146246188,240,
36.0,0.524,0.35001630336,12.0,0.196411160455,0.219889558374,0.992208223585,0.954424622971,78.883959391,240,
42.0,0.524,0.279345484938,12.0,0.121723558958,0.156126471472,0.992539775661,0.976471099792,79.1177395289,240,
48.0,0.524,0.394364388555,12.0,0.241580997387,0.260203105663,0.992358549137,0.93713956754,79.353447178,240,
54.0,0.524,0.366304212667,12.0,0.198191750634,0.220462949475,0.992248862824,0.953982065161,79.375925822,240,
60.0,0.524,0.256367229163,6.0,0.104257572796,0.140670874036,0.992818073948,0.980706615114,79.8291444191,240,
66.0,0.524,0.188850562373,12.0,0.036191175872,0.103488863291,0.992318937418,0.989486040967,79.291820393,240,
72.0,0.524,0.318496325765,0.0,0.165372916133,0.190419430928,0.992896226345,0.965237318606,79.8373955048,240,
78.0,0.524,0.343975849896,12.0,0.198663810109,0.219095201483,0.993142327157,0.954384595068,80.26729771,240,
84.0,0.524,0.278970942416,12.0,0.139043662705,0.167532668755,0.993062560926,0.972845864526,80.038984175,240,
90.0,0.524,0.227965659684,12.0,0.091657951345,0.129852492957,0.993657792711,0.983519117092,80.3540771644,240,
96.0,0.524,0.305402083439,12.0,0.15971173062,0.186559807097,0.992684535234,0.966681580475,79.4060494967,240,
102.0,0.524,0.352521486786,18.0,0.255413188421,0.269773940406,0.994981561107,0.932537098396,81.4510083122,240,
108.0,0.524,0.258836734706,12.0,0.160543205082,0.183839773102,0.995235128639,0.967696762888,80.8688317647,240,
114.0,0.524,0.171053762929,0.0,0.0379015469684,0.101031344518,0.993755543409,0.990000532665,79.9970331974,240,
120.0,0.524,0.342409324984,18.0,0.176621540012,0.20356308902,0.990844480966,0.960523556041,78.3836065387,240,
126.0,0.524,0.50556287804,12.0,0.359033802685,0.36916024788,0.992356774963,0.878774539099,81.6588420819,240,
