LeadTime (HRS), obsMax (m MSL), Peak (m), PLag (min), Bias(m), RMSD (m), RVal, Skil, VExp (%), nPts,
-0.0,1.665,0.930999069705,18.0,0.800278063673,0.811357217026,0.995348478731,0.898634126734,88.5914600061,239,
6.0,1.665,0.925217457476,24.0,0.801981832417,0.812905046607,0.99529750389,0.897974543567,88.6521698821,240,
12.0,1.665,0.912542205707,24.0,0.775816733036,0.787089629949,0.995277306719,0.903609483506,88.6590144993,240,
18.0,1.665,0.967171796559,30.0,0.811085540136,0.82225471348,0.995231461454,0.896096340701,88.4597452467,240,
24.0,1.665,0.96908983294,30.0,0.821059125785,0.831416288668,0.995623456472,0.894085368877,88.8222483965,240,
30.0,1.665,0.901483592905,30.0,0.755508301685,0.766862885407,0.995599277196,0.908275081121,88.7665686881,240,
36.0,1.665,0.975867516231,24.0,0.841184727629,0.850797887201,0.995875205411,0.889685114973,89.103235335,240,
42.0,1.665,0.983158719742,30.0,0.860820358481,0.870266928638,0.995771612247,0.885146657084,89.0739518913,240,
48.0,1.665,1.07341948237,24.0,0.957387508484,0.96545856944,0.99602516933,0.862878811208,89.356018236,240,
54.0,1.665,0.969774333939,24.0,0.856722578788,0.865386575669,0.996119421933,0.886046638575,89.563472324,240,
60.0,1.665,1.07921311308,24.0,0.97176124992,0.979299693494,0.996251259015,0.859518084219,89.63801857,240,
66.0,1.665,1.06045336523,24.0,0.949078136948,0.95664113288,0.996320497943,0.864865472568,89.7424665031,240,
72.0,1.665,1.18066881969,12.0,1.08107390313,1.08880573076,0.995363161581,0.832502158611,88.9331136188,240,
78.0,1.665,0.976706843646,18.0,0.887686009113,0.896103945757,0.996029917831,0.878853868529,89.5301314008,240,
84.0,1.665,1.04839931916,18.0,0.92867902873,0.937594598722,0.995656883835,0.869444471118,88.9788030282,240,
90.0,1.665,0.978356853531,18.0,0.874437705369,0.882884496124,0.99627476329,0.882259326085,89.5903023969,240,
96.0,1.665,1.12272510049,18.0,1.02587955287,1.0336359884,0.99576973475,0.84624282665,89.2010836262,240,
102.0,1.665,0.979703045816,18.0,0.874336213104,0.884244515074,0.995251501269,0.881585449179,88.7216045116,240,
108.0,1.665,0.89770250278,24.0,0.787587018214,0.797379169895,0.995851574824,0.901135746808,89.3557365546,240,
114.0,1.665,0.80366946257,30.0,0.717180470263,0.726867453285,0.99613648511,0.915926097915,89.8946439433,240,
120.0,1.665,1.04558089394,24.0,0.947041908344,0.957106787575,0.994533608654,0.86419908302,88.1717291225,240,
126.0,1.665,0.869422460411,24.0,0.773037147279,0.782327891125,0.995861459301,0.903850790634,89.7291128548,240,
