LeadTime (HRS), obsMax (m MSL), Peak (m), PLag (min), Bias(m), RMSD (m), RVal, Skil, VExp (%), nPts,
-0.0,1.09,1.29264311517,-54.0,2.1165542952,2.19718340195,0.860411207321,0.351059882317,10.5150385667,240,
6.0,1.09,1.30785492017,-732.0,2.13484871378,2.21537011614,0.866113178494,0.347583954977,9.95311321166,239,
12.0,1.09,1.33242118972,-6.0,2.11272010531,2.19503030563,0.837485612299,0.349383815689,9.40388359904,239,
18.0,1.09,1.3176020069,-36.0,2.10817479543,2.19198086919,0.803592970675,0.349142953432,8.66498140245,239,
24.0,1.09,1.29215671597,-18.0,2.10620660282,2.18937547761,0.789886845942,0.34974301013,9.06126483931,239,
30.0,1.09,1.30300797284,-786.0,2.10599026838,2.18750179937,0.843684647845,0.350564804437,9.99381727304,239,
36.0,1.09,1.36537274017,0.0,2.09909754299,2.17910499369,0.847487376023,0.352372323816,10.9870135308,239,
42.0,1.09,1.32270351773,-18.0,2.11042020061,2.19550771324,0.765094194095,0.348210566081,7.90760299824,239,
48.0,1.09,1.31569244094,-804.0,2.11747248738,2.20076993596,0.826236572166,0.348236559644,8.75126658581,239,
54.0,1.09,1.30234393829,-12.0,2.11224720367,2.19475201233,0.853222412152,0.349391505562,9.30475619367,239,
60.0,1.09,nan,nan,nan,nan,nan,nan,nan,0,
66.0,1.09,1.35645799982,-642.0,2.14917748086,2.22645815111,0.817161141495,0.34791700502,11.3216341492,239,
72.0,1.09,1.34041742562,-36.0,2.16119806449,2.23791700373,0.866872123606,0.346664205563,11.4077723844,239,
78.0,1.09,1.33166450545,-12.0,2.15089230694,2.22805291126,0.861186131927,0.347463276503,11.3570435178,239,
84.0,1.09,1.34774741626,-756.0,2.17049474882,2.2473045982,0.869401541634,0.345447509879,11.1672480395,239,
90.0,1.09,1.3755023819,-6.0,2.16686260033,2.24224666716,0.880233498771,0.346983329098,12.0821865022,239,
96.0,1.09,1.38707056568,-744.0,2.17088894399,2.24436719707,0.860580017945,0.347610820188,13.1401591671,239,
102.0,1.09,1.36285892423,-750.0,2.16161394843,2.23722477258,0.840096458156,0.347656528294,12.0526674373,239,
108.0,1.09,1.39841605871,-762.0,2.18163384386,2.25598128338,0.83426153849,0.346036417541,12.4069818084,239,
114.0,1.09,1.35413565683,-36.0,2.17369770237,2.24852450393,0.8719879881,0.346324521309,12.2775933906,239,
120.0,1.09,1.37040866039,-852.0,2.17180908662,2.24685064865,0.869996293934,0.345996661241,12.1871891847,239,
126.0,1.09,1.3168899606,-168.0,2.15373879293,2.2314167588,0.896930293062,0.346146503733,10.9973187583,239,
