LeadTime (HRS), obsMax (m MSL), Peak (m), PLag (min), Bias(m), RMSD (m), RVal, Skil, VExp (%), nPts,
-0.0,1.12,-0.195946703994,-24.0,-0.100636525615,0.157498140629,0.97869100279,0.978259976845,78.3240678523,240,
6.0,1.12,-0.196352054818,-744.0,-0.0755358753415,0.15104721799,0.974654139539,0.979531699228,76.485873298,239,
12.0,1.12,-0.256110756454,-12.0,-0.17944893044,0.203442666933,0.987935142881,0.964355464492,82.769579854,239,
18.0,1.12,-0.243283375864,-6.0,-0.185690044718,0.206245893602,0.989488097683,0.963681629367,83.8644319598,239,
24.0,1.12,-0.285673774799,-12.0,-0.206201820044,0.229251421897,0.986278325286,0.955250113077,81.990092381,239,
30.0,1.12,-0.271219691939,-12.0,-0.224938888259,0.242583370366,0.988368514962,0.951039318377,83.6726910364,239,
36.0,1.12,-0.222501707747,-6.0,-0.164214510085,0.190120437906,0.986499027772,0.969313172721,82.7767313018,239,
42.0,1.12,-0.212829669269,-12.0,-0.159360942207,0.184889613438,0.987001876051,0.971046114502,83.1476512844,239,
48.0,1.12,-0.138818085776,-12.0,-0.113428112783,0.149788556507,0.985809337689,0.98070914652,82.4134646669,239,
54.0,1.12,-0.182268963052,-18.0,-0.105487374689,0.146530338501,0.984813514422,0.981385784565,81.7171499392,239,
60.0,1.12,nan,nan,nan,nan,nan,nan,nan,0,
66.0,1.12,-0.0712709947736,-18.0,0.0869632929917,0.151062533648,0.97790598988,0.97934866327,77.695809138,239,
72.0,1.12,-0.0627009257296,-24.0,0.119740216351,0.159806673637,0.984166300646,0.977411457586,80.8897752991,239,
78.0,1.12,-0.0910403707752,-18.0,0.127066980199,0.183877382324,0.975470238202,0.969046057697,76.0004408185,239,
84.0,1.12,-0.0042803951379,-30.0,0.13884518265,0.170862689583,0.986869751931,0.974192304361,82.018833282,239,
90.0,1.12,-0.0752007949632,-18.0,0.117264404524,0.168763899183,0.981058848367,0.973849680891,78.0843690544,239,
96.0,1.12,0.106104756323,-24.0,0.220888646383,0.260227069045,0.970602876181,0.941686530632,75.1583046147,239,
102.0,1.12,0.0946007231484,-24.0,0.174657663713,0.220858371128,0.970521099559,0.958161036932,75.5907548216,239,
108.0,1.12,-0.0318937441312,-30.0,0.217896786125,0.272627565938,0.960243146897,0.932837799568,70.4134658396,239,
114.0,1.12,0.0525469245613,-18.0,0.2304318621,0.30938313463,0.928884730973,0.915647512042,62.722220996,239,
120.0,1.12,-0.010391162987,-750.0,0.232099958724,0.321030940839,0.921453218665,0.903043673646,59.9512935027,239,
126.0,1.12,-0.0146103973673,-36.0,0.123739016503,0.16578095253,0.982749297112,0.975573972118,80.078198673,239,
