LeadTime (HRS), obsMax (m MSL), Peak (m), PLag (min), Bias(m), RMSD (m), RVal, Skil, VExp (%), nPts,
-0.0,1.565,1.62102901712,-18.0,1.3670391439,1.3904304142,0.99081408915,0.781056117172,78.9845382829,240,
6.0,1.565,1.75331063139,-24.0,1.36612852394,1.39076967692,0.990270773311,0.78122798675,78.4326122465,240,
12.0,1.565,1.73340986169,-18.0,1.36581499843,1.38894942934,0.990838108233,0.781011050216,79.1104871367,240,
18.0,1.565,1.69337118231,-24.0,1.37023020898,1.39317150334,0.991301716273,0.780820082335,79.2059015932,239,
24.0,1.565,1.67625730545,-24.0,1.36662392989,1.38810437158,0.991988214484,0.781886626742,79.9104543758,239,
30.0,1.565,1.67096397437,-24.0,1.36583959866,1.38617254089,0.993129935462,0.782794781438,80.4640555789,239,
36.0,1.565,1.66498313755,-24.0,1.36929142561,1.38954426688,0.99367671378,0.782556796615,80.4784174026,239,
42.0,1.565,1.64391432017,-18.0,1.37749459884,1.39718538142,0.99379658535,0.780774794424,80.6960108907,239,
48.0,1.565,1.66418730266,-18.0,1.38741756394,1.40783663759,0.993251242503,0.778309074835,80.2695133401,239,
54.0,1.565,1.69060292739,-18.0,1.40588633228,1.4252997621,0.99365707792,0.774305113066,80.6382562351,239,
60.0,1.565,1.63512575924,-18.0,1.39920017879,1.41885720448,0.993181016621,0.775161478897,80.5623864329,239,
66.0,1.565,1.6312894591,-12.0,1.39636034591,1.4167039473,0.992851583404,0.775929057071,80.2433697013,239,
72.0,1.565,1.60031049114,-12.0,1.39793302864,1.41763111101,0.9925958781,0.775067732519,80.5507072981,239,
78.0,1.565,1.6494698355,-6.0,1.4176169738,1.43612642042,0.992976848674,0.770375379639,81.0192529216,239,
84.0,1.565,1.6197504082,-6.0,1.41657834987,1.43390269218,0.99330189055,0.770419952238,81.6474429914,239,
90.0,1.565,1.5890900642,-6.0,1.41155379102,1.42992740583,0.992774051532,0.771402745527,81.1296992433,239,
96.0,1.565,1.56428423414,0.0,1.39389085638,1.4120548897,0.993770700007,0.776649880336,81.355321249,239,
102.0,1.565,nan,nan,nan,nan,nan,nan,nan,0,
108.0,1.565,1.55995872008,-24.0,1.37684884981,1.40250094584,0.989163814019,0.779282989786,77.8916669188,239,
114.0,1.565,1.66107408449,0.0,1.46379134471,1.48573260594,0.990195727716,0.759441756136,78.9365394416,239,
120.0,1.565,1.66221964458,-12.0,1.47699406375,1.4980741353,0.990669142642,0.756703129416,79.2648362481,239,
126.0,1.565,1.73279729858,-12.0,1.5170377842,1.53811963374,0.990687561843,0.747916824226,78.98670695,239,
