LeadTime (HRS), obsMax (m MSL), Peak (m), PLag (min), Bias(m), RMSD (m), RVal, Skil, VExp (%), nPts,
-0.0,0.862,0.0593182793492,-66.0,0.313836953396,0.434253511788,0.923040359304,0.736555262084,41.4942129477,240,
6.0,0.862,-0.0742378653445,-78.0,0.1842519625,0.327396591403,0.916241151362,0.84067862132,47.2464044857,240,
12.0,0.862,0.0032699420396,-72.0,0.286022086002,0.412831753464,0.935936694161,0.747520879345,41.9706079476,240,
18.0,0.862,-0.0640023350246,-78.0,0.191935550328,0.354541986486,0.866453862396,0.816444764988,41.8722484803,239,
24.0,0.862,0.0393155271488,-54.0,0.26957344925,0.380962221357,0.94799484519,0.788871867823,47.5090096513,239,
30.0,0.862,-0.102191894747,-78.0,0.143803148949,0.323564357915,0.892646500406,0.833585651382,43.4795320738,239,
36.0,0.862,0.0440837143308,-42.0,0.311239148745,0.458937278818,0.885081430537,0.70124555107,34.2325337665,239,
42.0,0.862,-0.00764327044889,-48.0,0.243703293097,0.38751769055,0.922433702748,0.76686567696,41.2483053904,239,
48.0,0.862,0.0874134164941,-42.0,0.323982439966,0.450216941781,0.906466376384,0.723567576148,39.0401420696,239,
54.0,0.862,0.00383501244379,-48.0,0.252889439797,0.39043040528,0.927042143083,0.76738693694,41.9959912316,239,
60.0,0.862,0.104572580311,-42.0,0.315318365227,0.421934969293,0.925234808148,0.759801981796,45.3299720027,239,
66.0,0.862,0.111770607542,-42.0,0.29516869628,0.39722095524,0.945092499593,0.780089954236,48.1659556205,239,
72.0,0.862,0.201110350371,-36.0,0.328414371422,0.404260203066,0.935830800478,0.806426889859,54.0326020991,239,
78.0,0.862,0.0809456205342,-48.0,0.307796434949,0.428222200527,0.904689612324,0.749075410036,41.9459377735,239,
84.0,0.862,0.114758286801,-48.0,0.341470290407,0.45686018912,0.912310178894,0.726781311181,40.8160765519,239,
90.0,0.862,0.0830193486254,-48.0,0.335396541089,0.465364642634,0.900472018427,0.709525909904,37.0930839367,239,
96.0,0.862,0.118856758439,-48.0,0.359492567075,0.472211487523,0.919797611695,0.716427095057,40.2949150516,239,
102.0,0.862,nan,nan,nan,nan,nan,nan,nan,0,
108.0,0.862,0.0294418279708,-60.0,0.274721330989,0.401419599246,0.930036749559,0.760161040023,43.0442125977,239,
114.0,0.862,0.00427770398333,-54.0,0.24702173842,0.375966967214,0.936467562767,0.785650612756,44.8460485331,239,
120.0,0.862,0.0227310434812,-48.0,0.268868316994,0.40231357419,0.927435617966,0.755785749075,41.7621150386,239,
126.0,0.862,0.004991353507,-54.0,0.241720435767,0.369949832841,0.941741404978,0.791396637894,45.5012685797,239,
