LeadTime (HRS), obsMax (m MSL), Peak (m), PLag (min), Bias(m), RMSD (m), RVal, Skil, VExp (%), nPts,
-0.0,0.933,0.39229276684,-12.0,0.282471674632,0.296970238782,0.995392164412,0.971254250702,89.1517440728,240,
6.0,0.933,0.393946949387,-6.0,0.302654470678,0.315348665413,0.995701038278,0.967675078323,89.5168840458,240,
12.0,0.933,0.422254334842,-6.0,0.327579426417,0.337326192585,0.996450042615,0.963102127789,90.4719780916,240,
18.0,0.933,0.534000067448,-6.0,0.444263818529,0.451745462238,0.996437205854,0.936266846191,90.3271275149,239,
24.0,0.933,0.39227306097,-6.0,0.31222515297,0.321684912106,0.996786189276,0.966444489579,90.8514016674,239,
30.0,0.933,0.442045056279,-12.0,0.36917619989,0.376944575432,0.997023601861,0.954661800464,91.0056378522,239,
36.0,0.933,0.386897571334,-12.0,0.308792938856,0.318111147701,0.997100803811,0.967312823757,90.9704217121,239,
42.0,0.933,0.539730961655,-12.0,0.471140117079,0.476832438789,0.997288840397,0.929611335338,91.3215273699,239,
48.0,0.933,0.38290255544,0.0,0.318187259436,0.3269411117,0.997075233652,0.965430281489,91.1218316781,239,
54.0,0.933,0.502898977308,-6.0,0.424595767985,0.430855737917,0.997264083173,0.941606341098,91.3546114102,239,
60.0,0.933,0.31210639676,-12.0,0.24516529546,0.255779637733,0.997230810634,0.978501802776,91.3852587923,239,
66.0,0.933,0.459058928899,-6.0,0.403543694757,0.410093263195,0.997323236716,0.946825845157,91.3757294271,239,
72.0,0.933,0.275247364965,-6.0,0.22296891981,0.23422939794,0.997428800805,0.981944993386,91.5232099862,239,
78.0,0.933,0.377767114051,-12.0,0.314513765208,0.322160326046,0.997441521588,0.966293172407,91.756865995,239,
84.0,0.933,0.627754503341,-12.0,0.587576195782,0.591204583474,0.997551095681,0.895395769767,92.2736555992,239,
90.0,0.933,0.179885732407,-12.0,0.132042326916,0.148138467565,0.997466316694,0.992622472504,92.0662089619,239,
96.0,0.933,0.095757382601,0.0,0.0565930877084,0.0867216037998,0.997859324321,0.997477188679,92.2369045677,239,
102.0,0.933,nan,nan,nan,nan,nan,nan,nan,0,
108.0,0.933,0.100357956422,-18.0,0.0592718986844,0.117716470556,0.99489839954,0.995414097467,87.9487039702,239,
114.0,0.933,0.205089441177,-18.0,0.146927140631,0.172984226301,0.995685835427,0.990071839361,89.1814998319,239,
120.0,0.933,0.220284417166,-12.0,0.161012794662,0.182993075756,0.996047289728,0.988875412743,89.6964033803,239,
126.0,0.933,0.266736259396,-12.0,0.203142727249,0.220197628113,0.99578041416,0.983803414279,89.9316400219,239,
