LeadTime (HRS), obsMax (m MSL), Peak (m), PLag (min), Bias(m), RMSD (m), RVal, Skil, VExp (%), nPts,
-0.0,1.359,-0.0260003633408,-6.0,0.00105985966169,0.103319327951,0.991674124342,0.99486572057,86.1270731285,240,
6.0,1.359,-0.0790327746498,-6.0,-0.0337798441712,0.110145174317,0.991328072092,0.99408042151,85.8298565465,239,
12.0,1.359,0.0570193043882,0.0,0.118969602076,0.155564142269,0.992102812517,0.988306878845,86.4523490973,239,
18.0,1.359,-0.0290314594312,0.0,0.0675299293509,0.119469830081,0.992541534157,0.99305480408,86.6792381298,239,
24.0,1.359,-0.0858890434745,0.0,0.0151728781735,0.099712717817,0.99268219503,0.995139514851,86.6794706505,239,
30.0,1.359,-0.107709110262,12.0,-0.0106434366308,0.10039409573,0.992310520338,0.995082622261,86.5069009866,239,
36.0,1.359,0.0427048835693,12.0,0.1292536561,0.161382517843,0.993044594667,0.987382339677,86.9388779785,239,
42.0,1.359,0.0310498615989,12.0,0.124084274274,0.156626802494,0.9933309747,0.988092617218,87.0814609229,239,
48.0,1.359,-0.0485609991046,12.0,0.0543956047919,0.111219806604,0.993033058652,0.993957652715,86.8878161786,239,
54.0,1.359,nan,nan,nan,nan,nan,nan,nan,0,
60.0,1.359,0.00990897132415,0.0,0.110337480621,0.132051572617,0.996819899831,0.991546051553,90.1790414197,239,
66.0,1.359,0.027374009285,12.0,0.131630020237,0.150190496683,0.996766941523,0.989108919978,90.2094428862,239,
72.0,1.359,-0.0646279308423,12.0,0.0402212992113,0.0857045947454,0.996385560176,0.996416949904,89.7550457112,239,
78.0,1.359,-0.045909654054,24.0,0.0761348064011,0.107506168295,0.996410081246,0.99436956422,89.725090096,239,
84.0,1.359,-0.0195663656422,18.0,0.0917882804753,0.11922005936,0.996498200039,0.993072399781,89.7008036584,239,
90.0,1.359,0.0272366755309,24.0,0.147820949578,0.166947528326,0.996369720869,0.986492110692,89.496336382,239,
96.0,1.359,-0.0732343411727,0.0,0.0587326215082,0.0990767008066,0.995938831445,0.995201727289,89.1985322499,239,
102.0,1.359,0.0114209333286,30.0,0.127070797346,0.149380749886,0.996020767875,0.989184871235,89.3687243894,239,
108.0,1.359,-0.0164479487835,-6.0,0.0886742912715,0.119310674129,0.995730004425,0.993080619066,89.194092223,239,
114.0,1.359,0.00760590978107,24.0,0.1303142998,0.153126424456,0.996002401096,0.988592158364,89.1146967083,239,
120.0,1.359,-0.0872635803313,-12.0,0.0335018013908,0.0895724071433,0.995754057827,0.996052024881,88.7545279294,239,
126.0,1.359,-0.0211690045939,-12.0,0.10923125403,0.136404930568,0.995774644056,0.990925719292,88.9402091614,239,
