LeadTime (HRS), obsMax (m MSL), Peak (m), PLag (min), Bias(m), RMSD (m), RVal, Skil, VExp (%), nPts,
-0.0,1.286,0.0413643691383,0.0,-0.0164043226028,0.0884133073067,0.995637363197,0.997492654182,90.015591905,240,
6.0,1.286,0.0171424812632,6.0,-0.0128237875074,0.0818926762106,0.996104511249,0.997836363073,90.7024149257,239,
18.0,1.286,-0.0155133404627,-732.0,-0.00379315439086,0.0686950917546,0.997447066926,0.998486243577,92.1154154314,239,
24.0,1.286,-0.0492758607142,0.0,-0.00841213375077,0.0647990752277,0.997460550402,0.998634564654,92.6142560453,239,
30.0,1.286,-0.053328076106,0.0,-0.0128282111914,0.0648752491841,0.997443106614,0.998625674935,92.689713828,239,
42.0,1.286,-0.0899146327594,-6.0,-0.0586168483561,0.0939680029615,0.996886168628,0.997159405944,91.55744886,239,
48.0,1.286,-0.148435881345,-12.0,-0.0843388458454,0.113189238044,0.996343495028,0.995818680215,91.3222631661,239,
54.0,1.286,-0.144699187787,-6.0,-0.0846169335049,0.115600623392,0.995952504678,0.995617687425,90.9461387096,239,
66.0,1.286,nan,nan,nan,nan,nan,nan,nan,0,
72.0,1.286,-0.138573190846,-30.0,-0.110432978507,0.132289486125,0.996540660368,0.9941311743,91.6147587792,239,
78.0,1.286,-0.0319343183602,-750.0,-0.0257625066772,0.130820107359,0.989148904636,0.994323305456,85.234243638,239,
90.0,1.286,-1.08328625625e-07,-84.0,-0.0438507747841,0.205280383729,0.976185655074,0.986640107068,76.9125583533,239,
96.0,1.286,0.0295923104766,-90.0,-0.00231016699921,0.144437573352,0.987066639288,0.993255339229,83.3737304808,239,
102.0,1.286,-0.0747681475109,-756.0,-0.0443536341587,0.163736022709,0.98407598797,0.991236231427,81.8546408508,239,
114.0,1.286,-0.0280410764303,-768.0,-0.101838228021,0.181039329139,0.988037266747,0.989788164698,82.7680253977,239,
120.0,1.286,-0.128386153136,-30.0,-0.116065293477,0.140553106296,0.995838718961,0.993476765006,90.8738188651,239,
126.0,1.286,0.163118010008,-30.0,0.0275183054361,0.113096572443,0.994346875061,0.996005570893,87.371040502,239,
138.0,1.286,-0.144296918846,-48.0,-0.107220457635,0.125128739998,0.997259425925,0.994844776224,92.5737811306,239,
144.0,1.286,-0.0973664175517,-750.0,-0.0814259345448,0.118384906294,0.995277878284,0.995422561543,90.1067347462,239,
150.0,1.286,-0.141838996336,-30.0,-0.0929184824444,0.11816949758,0.99649662982,0.995401575239,91.5949294581,239,
