LeadTime (HRS), obsMax (m MSL), Peak (m), PLag (min), Bias(m), RMSD (m), RVal, Skil, VExp (%), nPts,
-0.0,0.512,0.00264987386646,-24.0,-0.0125174538917,0.0546821667631,0.974524216913,0.98412310196,74.41574582,240,
6.0,0.512,0.000377068876019,0.0,-0.0102948798735,0.0507965489317,0.977804968031,0.986275442126,76.1099696598,239,
18.0,0.512,-0.0479021167868,-738.0,-0.0400902587648,0.0601372235452,0.982555639675,0.980939695663,78.471794819,239,
24.0,0.512,-0.0646605781195,-732.0,-0.0412632904457,0.0659346057898,0.975125346059,0.976861167656,75.3009992633,239,
30.0,0.512,-0.0768817771873,6.0,-0.0461008567767,0.0663748540313,0.978106047425,0.976428364198,77.0655059058,239,
42.0,0.512,-0.112821167776,6.0,-0.0841764999792,0.0960787141683,0.980371337759,0.952476648327,77.7542066531,239,
48.0,0.512,-0.123275603621,6.0,-0.0936080991615,0.10550596837,0.977627159607,0.943018147246,76.6237056559,239,
54.0,0.512,-0.128088145689,6.0,-0.0924804897363,0.104269033549,0.978672917788,0.944553741377,76.8699258496,239,
66.0,0.512,nan,nan,nan,nan,nan,nan,nan,0,
72.0,0.512,-0.140213980371,0.0,-0.118469590594,0.120548624569,0.995197995062,0.925636674219,89.294552299,239,
78.0,0.512,-0.0876122861078,-726.0,-0.0603230294236,0.0870213127451,0.962018457223,0.960198883152,69.8791694957,239,
90.0,0.512,-0.0047688191065,-12.0,-0.059340119527,0.121558616049,0.930683028414,0.934106719801,49.0509531977,239,
96.0,0.512,-0.00456645959342,-6.0,-0.0321115990679,0.0988988455457,0.930638158356,0.952019404997,55.0780840432,239,
102.0,0.512,-0.0705069577932,18.0,-0.0545127373696,0.109550101386,0.917747142807,0.938709833167,54.3655873654,239,
114.0,0.512,0.0607289487824,-708.0,-0.069820006574,0.141835294471,0.887906851975,0.907342501117,40.7094516283,239,
120.0,0.512,-0.117182791617,0.0,-0.0960849250872,0.101987312141,0.989694394819,0.946670444477,83.5795827872,239,
126.0,0.512,0.0701554361448,12.0,-0.00813932587276,0.0879065499715,0.947375513974,0.963234589426,57.9650881049,239,
138.0,0.512,-0.137911572421,12.0,-0.11027776393,0.115517433168,0.988202936693,0.931627634264,83.4816057443,239,
144.0,0.512,-0.11013639821,-738.0,-0.0929470144824,0.104777337919,0.979110515181,0.944543395466,76.773330972,239,
150.0,0.512,-0.108817109156,-732.0,-0.0969904706841,0.106962059862,0.98169931879,0.942086149525,78.3426517853,239,
