LeadTime (HRS), obsMax (m MSL), Peak (m), PLag (min), Bias(m), RMSD (m), RVal, Skil, VExp (%), nPts,
-0.0,0.384,-0.0482178568713,870.0,0.0361245475378,0.0593452385382,0.858671357402,0.848351559172,46.8831510507,240,
6.0,0.384,-0.0514145988889,852.0,0.038052316119,0.0613459112385,0.847592579569,0.84188348694,45.7712015139,239,
18.0,0.384,-0.26232302027,-6.0,-0.156326283654,0.165301172452,0.800600756417,0.536255318163,39.4500906625,239,
24.0,0.384,-0.250736560367,-6.0,-0.145531094029,0.15454892916,0.813985517785,0.558866758774,41.3737535815,239,
30.0,0.384,-0.260033199399,822.0,-0.153485464444,0.161369627343,0.834905364226,0.547206213668,43.8492506816,239,
42.0,0.384,-0.0225850183617,12.0,0.0609595567287,0.0767862316189,0.852158298201,0.796772296002,47.379326024,239,
48.0,0.384,-0.0292860872028,6.0,0.0582347852313,0.0764626487669,0.82999184385,0.794569387783,44.1568450188,239,
54.0,0.384,-0.0272677195655,12.0,0.0586265934081,0.0755491487798,0.844510098129,0.801119779101,46.2977630764,239,
66.0,0.384,nan,nan,nan,nan,nan,nan,nan,0,
72.0,0.384,0.0495488436406,24.0,0.132495175202,0.142398094854,0.812648728918,0.60045363419,41.7133994707,239,
78.0,0.384,0.0461541115131,1416.0,0.132207259524,0.145727757687,0.733452818631,0.574298092546,31.5185376852,239,
90.0,0.384,0.0420018336373,1416.0,0.114604583736,0.134283600011,0.650290483561,0.581054822756,21.8176218306,239,
96.0,0.384,0.0525908965145,1416.0,0.132627483993,0.148745218064,0.675607888004,0.552872759048,24.7687948996,239,
102.0,0.384,0.0373917749762,1416.0,0.129705711443,0.146273970133,0.668414139784,0.557580618226,24.4591211561,239,
114.0,0.384,-0.0145664752884,1416.0,0.0586273878949,0.0812854482681,0.779487713954,0.778668433905,37.100790119,239,
120.0,0.384,0.00877046756599,12.0,0.0699580073386,0.0837660177351,0.857445927188,0.785048429764,48.5315047261,239,
126.0,0.384,-0.0150430958517,6.0,0.0637185597554,0.0831257883799,0.802712189128,0.769267204369,40.3630500509,239,
138.0,0.384,0.058145685127,12.0,0.0788562584435,0.0907194083429,0.866000166132,0.771213262388,49.8943361105,239,
144.0,0.384,0.0621883208752,6.0,0.0657046987019,0.0823066309734,0.842100013626,0.806570743105,44.6226914839,239,
150.0,0.384,0.0512055531396,12.0,0.0918393563609,0.103073270872,0.852559778904,0.722298412426,47.7254154357,239,
