LeadTime (HRS), obsMax (m MSL), Peak (m), PLag (min), Bias(m), RMSD (m), RVal, Skil, VExp (%), nPts,
-0.0,0.888,0.762157814624,-12.0,0.256517103674,0.336978394201,0.969896852859,0.958547922576,71.970430637,240,
6.0,0.888,0.397545866804,-18.0,0.130739943631,0.234755585538,0.975644912192,0.979351166084,75.0286441151,239,
12.0,0.888,nan,nan,nan,nan,nan,nan,nan,0,
18.0,0.888,0.577386468074,0.0,0.296247362102,0.333631892714,0.986984664738,0.959891404643,80.3821750405,239,
24.0,0.888,0.604541656457,6.0,0.380335307489,0.406680065642,0.988839272932,0.941598087889,81.5916462072,239,
30.0,0.888,0.485213534871,0.0,0.280530843468,0.31381260814,0.989470435261,0.964316551707,82.0196496244,239,
36.0,0.888,0.61673803326,0.0,0.446624464436,0.46574956576,0.990894081624,0.924777547621,83.1125309345,239,
42.0,0.888,0.531055050375,0.0,0.391155107986,0.412436652776,0.991093267017,0.939960212868,83.2815677738,239,
48.0,0.888,0.601890405109,6.0,0.434996545745,0.455516887818,0.990272371441,0.927782152168,82.7182080561,239,
54.0,0.888,0.504979459873,18.0,0.360875097444,0.384116764081,0.991121905364,0.947559156205,83.1776898906,239,
60.0,0.888,0.564706529517,24.0,0.426145588768,0.445043401961,0.991380758612,0.930713381627,83.5964365921,239,
66.0,0.888,0.507629158968,18.0,0.385867110305,0.40635331631,0.992080753702,0.941806501005,83.7134152912,239,
72.0,0.888,0.468214326436,24.0,0.363945797944,0.386726750929,0.991171432512,0.94680581676,83.2818796312,239,
78.0,0.888,0.416327422722,12.0,0.31476026415,0.340513637982,0.991257064001,0.958193303175,83.3924817494,239,
84.0,0.888,0.480962521138,18.0,0.376249112865,0.399286843419,0.99024480059,0.943264978784,82.9117711008,239,
90.0,0.888,0.480007509121,12.0,0.378038205912,0.400143775343,0.990478650728,0.942912402848,83.232524702,239,
96.0,0.888,0.456308322203,18.0,0.340255798797,0.365336961402,0.990224064312,0.951948968487,82.9930229157,239,
102.0,0.888,0.457049974355,18.0,0.334435445607,0.35898963942,0.989872127925,0.952989022738,83.2907391581,240,
108.0,0.888,0.520753741473,18.0,0.410184668537,0.430240476511,0.990547159457,0.934352143829,83.3727141462,239,
114.0,0.888,0.57966149986,30.0,0.46633639748,0.483649954027,0.990620565457,0.918403495278,83.5750676056,239,
120.0,0.888,0.531692820294,36.0,0.40248483224,0.423219600417,0.990190947519,0.936200013509,83.2423288747,239,
126.0,0.888,0.488356437139,18.0,0.381078299636,0.405314088033,0.98881261556,0.941137721053,82.319278257,239,
