LeadTime (HRS), obsMax (m MSL), Peak (m), PLag (min), Bias(m), RMSD (m), RVal, Skil, VExp (%), nPts,
-0.0,1.246,-0.0628136094211,12.0,0.389647911683,0.54412920578,0.982761636356,0.847538411076,55.0185004256,240,
6.0,1.246,-0.0124539484818,12.0,0.403758333482,0.551609217018,0.981435755566,0.845293255895,55.4530039949,239,
12.0,1.246,nan,nan,nan,nan,nan,nan,nan,0,
18.0,1.246,-0.0138566949813,24.0,0.42321806497,0.56037863687,0.98752494747,0.841911361136,56.3589973909,239,
24.0,1.246,0.0288909036155,24.0,0.451836759244,0.578879988267,0.987769898769,0.835290590551,57.0050971355,239,
30.0,1.246,-0.0147797993994,18.0,0.417345182136,0.558058475426,0.986060582747,0.842268833773,55.9818995025,239,
36.0,1.246,0.0324222322127,18.0,0.460122195936,0.585950940979,0.986354695941,0.83226043264,56.8935258769,239,
42.0,1.246,-0.0200379814754,30.0,0.424258505331,0.564059314041,0.985924491312,0.839233654418,55.8353595937,239,
48.0,1.246,0.0481711091167,30.0,0.470211594198,0.593284588875,0.98650750098,0.829226172079,57.0146075774,239,
54.0,1.246,-0.0320727923561,36.0,0.39461166517,0.535585291701,0.982715813438,0.854991417522,56.9743007467,239,
60.0,1.246,0.142434338079,30.0,0.526887433963,0.633567568433,0.985372007587,0.815332141288,58.1950725866,239,
66.0,1.246,0.105766684559,30.0,0.496727035315,0.611428288338,0.986212703757,0.822890016535,57.6400007545,239,
72.0,1.246,0.205586132221,24.0,0.567346625516,0.663382245668,0.984575016961,0.805292959269,59.1521774414,239,
78.0,1.246,0.104179995229,30.0,0.505091187225,0.619235965903,0.986310259569,0.819162728863,57.4356585157,239,
84.0,1.246,0.212805910414,30.0,0.576082434553,0.670397040213,0.985384267607,0.802608948214,59.2616358053,239,
90.0,1.246,0.15432080823,12.0,0.539145002856,0.644461765002,0.985309569886,0.810301721848,58.0507680977,239,
96.0,1.246,0.286312626784,24.0,0.622548901856,0.707013407716,0.983733027671,0.79050844522,60.1835061461,239,
102.0,1.246,0.154536130234,24.0,0.534364938335,0.641451023249,0.98354687627,0.811662270238,57.884116486,240,
108.0,1.246,0.169256726542,24.0,0.555971181226,0.6594834824,0.983869497036,0.804741918837,57.9576888794,239,
114.0,1.246,0.153583448907,24.0,0.529008812423,0.638876938908,0.983626526159,0.812368314968,57.5422224587,239,
120.0,1.246,0.205390622223,18.0,0.580453478415,0.677553617332,0.984456120191,0.798891449322,58.5740297604,239,
126.0,1.246,0.162257497455,18.0,0.534186789556,0.640803677386,0.983060752348,0.813089389798,58.0481236467,239,
