LeadTime (HRS), obsMax (m MSL), Peak (m), PLag (min), Bias(m), RMSD (m), RVal, Skil, VExp (%), nPts,
-0.0,0.391,0.284499307814,-48.0,0.192061690816,0.203660219777,0.940879753707,0.788696871076,65.1456229293,240,
6.0,0.391,0.285188370802,-48.0,0.183166236178,0.192894136124,0.952317941343,0.805524694773,68.7983474105,239,
12.0,0.391,nan,nan,nan,nan,nan,nan,nan,0,
18.0,0.391,0.264494094964,6.0,0.189505370148,0.195624133842,0.968452617791,0.800367860632,74.8580894068,239,
24.0,0.391,0.251119713951,6.0,0.195921129945,0.201193575714,0.971722902213,0.791235191042,76.3011600703,239,
30.0,0.391,0.239823408692,6.0,0.178267693666,0.183318690313,0.975383376032,0.819177250372,77.8661166825,239,
36.0,0.391,0.220953435367,0.0,0.186874430549,0.190923877652,0.979302733151,0.807214045437,79.7422637959,239,
42.0,0.391,0.234188458866,12.0,0.201467867917,0.204374095135,0.984059455672,0.786288804909,82.2128527705,239,
48.0,0.391,0.242266410904,6.0,0.206962011737,0.209317592074,0.986761342557,0.779945817686,83.7817284216,239,
54.0,0.391,0.212572531007,12.0,0.180098483754,0.182337731295,0.989098005943,0.820448654179,85.245316833,239,
60.0,0.391,0.215199205704,0.0,0.189362945775,0.1913733326,0.989741737598,0.806504780241,85.6710295527,239,
66.0,0.391,0.227756406042,-12.0,0.203507968452,0.205683744777,0.988019013785,0.784851426824,84.546260742,239,
72.0,0.391,0.228010420143,6.0,0.210371106599,0.212205066274,0.989701990242,0.774104352565,85.5818202383,239,
78.0,0.391,0.201760313024,-12.0,0.168434237619,0.170804023168,0.989223469516,0.83787854939,85.3151342879,239,
84.0,0.391,0.209824546932,-24.0,0.184218149742,0.186465991419,0.988849294539,0.813692168053,85.0497689478,239,
90.0,0.391,0.23490279353,-12.0,0.202960685415,0.204836197296,0.989747008847,0.786207635059,85.6766401637,239,
96.0,0.391,0.225429053057,-30.0,0.206510066407,0.208193338728,0.990609527325,0.781994964119,86.3161270315,239,
102.0,0.391,0.189610081547,-12.0,0.162496441014,0.16479353965,0.989982994743,0.847840868954,85.8401931697,240,
108.0,0.391,0.194881455853,0.0,0.170690562444,0.172931058689,0.989739358269,0.836114470074,85.6863097446,239,
114.0,0.391,0.222014720754,-12.0,0.196528362504,0.198352452105,0.990465209019,0.797017084799,86.1549233548,239,
120.0,0.391,0.226328225071,-18.0,0.202889296449,0.204568030405,0.990986794597,0.787402588271,86.5081573707,239,
126.0,0.391,0.190776260005,-24.0,0.166354763247,0.168055916207,0.992611827245,0.842650280535,87.6958670498,239,
