LeadTime (HRS), obsMax (m MSL), Peak (m), PLag (min), Bias(m), RMSD (m), RVal, Skil, VExp (%), nPts,
-0.0,0.878,0.137772870496,24.0,0.092687285348,0.129618239005,0.984359828237,0.980946560711,79.8821906396,240,
6.0,0.878,0.17823365812,24.0,0.155116358948,0.17913609773,0.984616826499,0.964350950427,80.1447951047,239,
12.0,0.878,nan,nan,nan,nan,nan,nan,nan,0,
18.0,0.878,0.134049939313,24.0,0.115780263162,0.133546436998,0.992818432799,0.980028815436,85.2669822093,239,
24.0,0.878,0.100357365887,0.0,0.0775996300101,0.103970082436,0.99205600666,0.987791982837,84.6823952697,239,
30.0,0.878,0.147569425458,24.0,0.131151567821,0.148275427497,0.992169327709,0.975532393172,84.6875256006,239,
36.0,0.878,0.0935766670208,24.0,0.0727421183472,0.101133553663,0.991907426177,0.988463171916,84.4466677265,239,
42.0,0.878,0.111771912435,12.0,0.0907871820889,0.115026020909,0.991925450119,0.98515155453,84.3648199716,239,
48.0,0.878,0.0884726821449,30.0,0.0609095231834,0.0948306272503,0.991567355394,0.989885908445,83.9103850955,239,
54.0,0.878,0.125287188916,24.0,0.106510771469,0.127690813254,0.991781912265,0.981726806825,84.4091897456,239,
60.0,0.878,0.082570251418,18.0,0.059962931733,0.0930289841387,0.991559508455,0.99020903993,84.2552495515,239,
66.0,0.878,0.0818729507279,24.0,0.0572697853054,0.0906691367124,0.991585946186,0.990669734501,84.4396053856,239,
72.0,0.878,0.0539734618544,0.0,0.0430565542854,0.0827775478179,0.991447871237,0.992208351693,84.3498107444,239,
78.0,0.878,0.0899784107339,24.0,0.071959148175,0.102252087385,0.990828392778,0.98815765077,83.9187741183,239,
84.0,0.878,0.0749329895804,18.0,0.0552362694662,0.0926066608314,0.99071346477,0.99031067991,83.5458872466,239,
90.0,0.878,0.0593764534067,24.0,0.0416312848578,0.0836936680418,0.990779222856,0.992026711621,83.927772253,239,
96.0,0.878,0.0579534430734,12.0,0.0376474066942,0.0849259979665,0.990114434127,0.991834055611,83.1484150648,239,
102.0,0.878,0.0781375994982,24.0,0.0477335922268,0.0918274695787,0.98958082329,0.990456550149,82.5995243666,240,
108.0,0.878,0.062585156746,12.0,0.0522115425416,0.0932276695785,0.989593583894,0.990140901719,82.8852322331,239,
114.0,0.878,0.0413961938542,12.0,0.0214233924522,0.0790424473003,0.989755313246,0.992874244452,83.1404800915,239,
120.0,0.878,0.0556294987219,30.0,0.0344328270434,0.0864012424292,0.98902990434,0.991527645911,82.4402888606,239,
126.0,0.878,0.0542655919907,6.0,0.0292032523943,0.0844162865916,0.989245744131,0.991927615147,82.4490654126,239,
