LeadTime (HRS), obsMax (m MSL), Peak (m), PLag (min), Bias(m), RMSD (m), RVal, Skil, VExp (%), nPts,
-0.0,0.417,0.439486492057,-12.0,0.407135751364,0.410373755097,0.960326673404,0.530522291114,71.8763769152,240,
6.0,0.417,0.448910055126,-6.0,0.416691920304,0.419675422165,0.962115771708,0.521181102579,72.5426630631,239,
12.0,0.417,nan,nan,nan,nan,nan,nan,nan,0,
18.0,0.417,0.447010502812,-12.0,0.422183748149,0.425059584258,0.962685279617,0.51546896521,72.7395014371,239,
24.0,0.417,0.442072024719,-12.0,0.414983729561,0.417766276289,0.964359412986,0.520915507036,73.4156403501,239,
30.0,0.417,0.44787363594,-12.0,0.416324602112,0.418987380691,0.9657898157,0.520046037188,73.9540902524,239,
36.0,0.417,0.425250156925,-6.0,0.401805645781,0.404607974847,0.965245159591,0.531572750571,73.7465645926,239,
42.0,0.417,0.44716388102,-12.0,0.424454743208,0.426965050047,0.966995705935,0.513651635497,74.4681123863,239,
48.0,0.417,0.443757239296,-12.0,0.420731511331,0.42324472533,0.967329009783,0.516818917773,74.5652488614,239,
54.0,0.417,0.418584512147,-12.0,0.40176035982,0.404370161239,0.967531876301,0.53121823913,74.6688992672,239,
60.0,0.417,0.421566469285,-6.0,0.400477615407,0.40292830276,0.969636706737,0.532830075744,75.4947511898,239,
66.0,0.417,0.434604690391,-6.0,0.418286443591,0.420713513996,0.968581814843,0.518342307985,75.0787509692,239,
72.0,0.417,0.442165262692,-6.0,0.424783235532,0.427153067778,0.968755510425,0.512844832412,75.1852437741,239,
78.0,0.417,0.407511356239,0.0,0.389416402723,0.39213615575,0.967119554257,0.540705370875,74.5380607717,239,
84.0,0.417,0.419238785341,-6.0,0.398371119046,0.401000542704,0.967496916369,0.533581262051,74.6806643876,239,
90.0,0.417,0.432870918169,0.0,0.414097106717,0.416547755367,0.968570522478,0.521327451671,75.0829935102,239,
96.0,0.417,0.436563523299,-6.0,0.426493247206,0.428679822086,0.971171471935,0.512236463528,76.1187621824,239,
102.0,0.417,0.389594283337,-6.0,0.383954956673,0.386289167144,0.972581858323,0.548354971548,76.7251341954,240,
108.0,0.417,0.392577029689,-6.0,0.385186272891,0.387572338398,0.971803645406,0.546853883049,76.3974008194,239,
114.0,0.417,0.411309031222,0.0,0.402788953264,0.405001658668,0.972632853645,0.532192063111,76.7615090729,239,
120.0,0.417,0.431900866472,-6.0,0.422730827319,0.42497104131,0.970919363019,0.516398693033,76.0468272797,239,
126.0,0.417,0.390610689452,0.0,0.379268294909,0.381578652651,0.973089529135,0.551986653951,76.9545607255,239,
