LeadTime (HRS), obsMax (m MSL), Peak (m), PLag (min), Bias(m), RMSD (m), RVal, Skil, VExp (%), nPts,
-0.0,2.152,1.79353502655,48.0,1.34800285155,1.3743692581,0.995607490717,0.859714561613,83.0991001151,240,
6.0,2.152,1.83043572814,12.0,1.34466636645,1.37123203477,0.995695152249,0.860359685656,83.0555820811,239,
12.0,2.152,nan,nan,nan,nan,nan,nan,nan,0,
18.0,2.152,1.86262453995,12.0,1.35106258378,1.37604090212,0.997140308697,0.860462989557,83.563888422,239,
24.0,2.152,1.75637342351,18.0,1.35327597727,1.37630577641,0.997877076816,0.860391567472,84.2108117877,239,
30.0,2.152,1.76670172931,18.0,1.35027763018,1.37316290576,0.997982267841,0.860991866062,84.2781483029,239,
36.0,2.152,1.81683682208,12.0,1.35620138868,1.37970914209,0.998051243475,0.860202834409,84.0293283025,239,
42.0,2.152,1.77643152307,6.0,1.35096204274,1.37433939651,0.998152321415,0.861149412311,84.1045941604,239,
48.0,2.152,1.78691985642,6.0,1.34916534516,1.37296997709,0.997903905429,0.861360608911,83.9693082117,239,
54.0,2.152,1.7841901568,12.0,1.35725000994,1.38068522547,0.998198917079,0.860180708869,84.0480883759,239,
60.0,2.152,1.76378933114,18.0,1.36483059376,1.38748441543,0.997972347643,0.858614734494,84.2751510853,239,
66.0,2.152,1.78291303993,18.0,1.35379333499,1.37873912454,0.997820311483,0.860760328081,83.5582528414,239,
72.0,2.152,1.7651207864,24.0,1.36392265723,1.38650208819,0.998138312609,0.858890677412,84.306382868,239,
78.0,2.152,1.75598567995,24.0,1.35969411738,1.38236687503,0.998125668578,0.859575631951,84.2979121909,239,
84.0,2.152,1.76560514056,24.0,1.36469049801,1.38762080571,0.997828494681,0.858553996958,84.179493205,239,
90.0,2.152,1.75196075182,24.0,1.37686759429,1.39854625928,0.998118953362,0.856553716029,84.5529050377,239,
96.0,2.152,1.75003213569,18.0,1.36136815253,1.38413015203,0.998128298976,0.859354527501,84.2571822376,239,
102.0,2.152,1.731248285,24.0,1.35775242744,1.37945844247,0.998027508246,0.859557093856,84.6459767533,240,
108.0,2.152,1.73293990634,24.0,1.36560041947,1.3870745998,0.998163860236,0.85805170076,84.6628279203,239,
114.0,2.152,1.71228710951,18.0,1.36452146305,1.38515159317,0.998402400604,0.858243430336,84.9754651904,239,
120.0,2.152,1.71071463981,18.0,1.35187340224,1.37339582229,0.997979941114,0.860143582132,84.7222366297,239,
126.0,2.152,1.73346979127,18.0,1.37736227337,1.39733157542,0.998071159601,0.855620605202,85.1509557882,239,
