LeadTime (HRS), obsMax (m MSL), Peak (m), PLag (min), Bias(m), RMSD (m), RVal, Skil, VExp (%), nPts,
-0.0,0.543,0.197818710525,-48.0,0.162409913991,0.168337271567,0.980057913547,0.869526258157,79.1322886947,240,
6.0,0.543,0.16692550235,-30.0,0.166278519036,0.170327419887,0.986098465925,0.866928000998,82.6291740815,239,
18.0,0.543,0.0267718573255,6.0,0.0472802225219,0.0609508869831,0.983674959547,0.979605489184,81.9006958932,239,
24.0,0.543,0.0357111856172,12.0,0.0426205172486,0.0550157507642,0.986828991504,0.983512257132,83.630932038,239,
30.0,0.543,0.0220735267743,12.0,0.0352454213057,0.0465537184512,0.989808598437,0.988082065324,85.6891976351,239,
