LeadTime (HRS), obsMax (m MSL), Peak (m), PLag (min), Bias(m), RMSD (m), RVal, Skil, VExp (%), nPts,
-0.0,0.786,0.604227369625,12.0,0.195137865964,0.332403218405,0.988995128214,0.930157824727,45.7324417171,239,
6.0,0.786,0.57446749074,6.0,0.174663700939,0.328147192668,0.985133882728,0.931773347599,43.9356904462,240,
12.0,0.786,0.520644098347,12.0,0.129210817188,0.303550944269,0.9857556975,0.940875881427,44.5659738248,240,
18.0,0.786,0.617583605025,12.0,0.219725634602,0.355906012527,0.986149491743,0.921176114131,43.4955174185,240,
24.0,0.786,0.612933669247,6.0,0.209155691837,0.351979159921,0.986126517908,0.923054408092,42.8670416476,240,
30.0,0.786,0.548937382812,6.0,0.161732309496,0.321325793767,0.985248561578,0.93439835169,43.9648462835,240,
36.0,0.786,0.500044269585,12.0,0.116180063783,0.298277591492,0.984930171418,0.942667682936,44.557167312,240,
42.0,0.786,0.584534778014,6.0,0.194210616974,0.338581906149,0.985444458527,0.92772251972,44.0277478896,240,
48.0,0.786,0.603889937575,6.0,0.201390827149,0.345486418868,0.986388377416,0.925474524965,43.3469131854,240,
54.0,0.786,0.525933561888,6.0,0.139886593687,0.309134840774,0.985621937337,0.93887561236,44.3648927357,240,
60.0,0.786,0.487755803232,6.0,0.109135329767,0.292874534429,0.985455521631,0.944472839877,45.1505124473,240,
66.0,0.786,0.565899345789,6.0,0.177935060441,0.327392501831,0.985957973624,0.931956585158,44.5376115161,240,
72.0,0.786,0.610126018156,6.0,0.208969036393,0.350367245977,0.986499213502,0.923595385235,43.2440033375,240,
78.0,0.786,0.509846229613,6.0,0.126484492356,0.302422102143,0.985597141636,0.941264233735,44.5611760096,240,
84.0,0.786,0.49472041807,6.0,0.108955067993,0.295415276975,0.985926725289,0.943841920161,44.5838900731,240,
90.0,0.786,0.554524519977,6.0,0.164025698518,0.320330391463,0.986090086156,0.934712340352,44.4707644592,240,
96.0,0.786,0.616704195748,6.0,0.214561759711,0.353521007536,0.98667001431,0.922331381737,43.2974175891,240,
102.0,0.786,0.508734252383,6.0,0.123145400886,0.301897156326,0.985810127877,0.941559913343,44.3718433217,240,
108.0,0.786,0.517043143763,6.0,0.127986282482,0.304490992008,0.986342437411,0.940748232069,44.2412411469,240,
114.0,0.786,0.560509846582,6.0,0.164825158264,0.324401614001,0.986676259894,0.933626520058,43.6112044044,240,
120.0,0.786,0.653520644238,6.0,0.243099061679,0.375732999911,0.986902824891,0.913826340178,42.1814708716,240,
126.0,0.786,0.538701612973,6.0,0.144060972355,0.315477851295,0.985977061223,0.936973256832,43.3576583309,240,
