LeadTime (HRS), obsMax (m MSL), Peak (m), PLag (min), Bias(m), RMSD (m), RVal, Skil, VExp (%), nPts,
-0.0,1.5,-0.127141377742,12.0,-0.127415717016,0.149335507009,0.997885577222,0.995393080462,92.8101407293,239,
6.0,1.5,-0.00640960920012,6.0,0.00286216540088,0.0607489106629,0.99852199052,0.999220539977,94.3898106631,240,
12.0,1.5,-0.0626797996535,0.0,-0.0343486808687,0.0649695626542,0.998742376896,0.999104850204,94.901470423,240,
18.0,1.5,0.0673385390367,0.0,0.0981924222683,0.112036940099,0.998759158345,0.997325826778,95.0122211942,240,
24.0,1.5,-0.0674295779103,6.0,-0.0301458002284,0.0646889260081,0.998599697373,0.999102999089,94.7084111114,240,
30.0,1.5,0.111907944033,0.0,0.144762960097,0.156046385634,0.998553880998,0.99479223741,94.6137348633,240,
36.0,1.5,0.027487399177,6.0,0.0512007685846,0.0774509176709,0.998565465969,0.998710439074,94.6272676014,240,
42.0,1.5,0.190026534992,0.0,0.208048649519,0.215465266737,0.998664606595,0.99011562898,94.8184659475,240,
48.0,1.5,0.059808682662,0.0,0.0667639948056,0.0890458480523,0.998515566868,0.998305072191,94.5525320849,240,
54.0,1.5,0.207313979548,0.0,0.215136478426,0.221629401808,0.998787334561,0.9895960755,95.076589215,240,
60.0,1.5,0.0426139961355,0.0,0.067970609769,0.0902335137167,0.998512400071,0.998247314317,94.5131714827,240,
66.0,1.5,0.17592972389,0.0,0.19729712857,0.206916153909,0.998388522307,0.99081595399,94.2350916672,240,
72.0,1.5,0.0236382108806,0.0,0.0517518111217,0.0687221215714,0.999131235284,0.998986760615,95.8196463984,240,
78.0,1.5,0.110075113361,0.0,0.135557563297,0.142033653523,0.999231408351,0.995701112937,96.0800467541,240,
84.0,1.5,0.050749252186,0.0,0.057738173366,0.073225553639,0.999150375077,0.998860351419,95.836236293,240,
90.0,1.5,0.160530674529,0.0,0.162355081398,0.168433759015,0.999157731842,0.994000436697,95.854264773,240,
96.0,1.5,0.0756114538066,0.0,0.081380948645,0.0924558093459,0.999217208418,0.998190151426,95.943406181,240,
102.0,1.5,0.0665046119277,0.0,0.0705490510601,0.0852546278121,0.999022668967,0.998449626837,95.5746108515,240,
108.0,1.5,0.0111021591627,0.0,0.0113764319242,0.056562621558,0.998689927768,0.999313393538,94.8774738069,240,
114.0,1.5,0.0244231298156,0.0,0.0280887404148,0.0564712582379,0.998974370122,0.999318375042,95.470716296,240,
120.0,1.5,0.0334411128567,0.0,0.0381312317106,0.0653110396031,0.998804480583,0.999083792028,95.0977687197,240,
126.0,1.5,-0.0675165379516,0.0,-0.0734916359993,0.088086374391,0.999005246876,0.998350039468,95.5103667383,240,
