LeadTime (HRS), obsMax (m MSL), Peak (m), PLag (min), Bias(m), RMSD (m), RVal, Skil, VExp (%), nPts,
-0.0,1.094,-0.215491683436,18.0,-0.114221849971,0.136630129767,0.983995272765,0.983277834353,84.8968871599,238,
6.0,1.094,-0.135278365146,12.0,-0.0360025893285,0.0857063904253,0.98490750073,0.993246728168,85.2953288884,237,
12.0,1.094,-0.186770576699,12.0,-0.0958724466834,0.118773061728,0.986215524228,0.98711390145,85.8845718076,237,
18.0,1.094,-0.188626474022,12.0,-0.088917227544,0.112599438452,0.986156503541,0.988460599329,86.1351350567,237,
24.0,1.094,-0.224634592731,12.0,-0.106316353792,0.128084645351,0.985362416956,0.985066951844,85.5171794884,237,
30.0,1.094,-0.175206607692,12.0,-0.0558985495112,0.0917338937976,0.985886604403,0.992284113227,85.9315590165,237,
36.0,1.094,-0.189125925187,12.0,-0.0775252987877,0.102434396707,0.986051372853,0.990464985024,86.6024143498,237,
42.0,1.094,-0.22007281123,12.0,-0.101683710535,0.119851288618,0.986129907545,0.987043188132,86.8328116297,237,
48.0,1.094,-0.195358457441,12.0,-0.0874365914491,0.108067550598,0.986316656884,0.989451039857,87.0264462095,237,
54.0,1.094,-0.197203490674,12.0,-0.0830520874306,0.103548308062,0.986484010986,0.990348253132,87.3599083547,237,
60.0,1.094,-0.202656705786,12.0,-0.0848028013378,0.106398761521,0.985951951096,0.98978692394,86.9299891898,237,
66.0,1.094,-0.253669709809,12.0,-0.134725537986,0.146533555341,0.986499525041,0.98082020564,87.2513493882,237,
72.0,1.094,-0.217266447376,12.0,-0.101261967019,0.120383092715,0.98555992642,0.986965583543,86.5656592419,237,
78.0,1.094,nan,nan,nan,nan,nan,nan,nan,0,
84.0,1.094,-0.2384243739,6.0,-0.113965463815,0.124238946689,0.988655241035,0.986073505892,88.8029359664,237,
90.0,1.094,-0.31183886118,6.0,-0.164744698717,0.172251785004,0.988045585311,0.973473706429,87.9017089575,237,
96.0,1.094,-0.238527011966,6.0,-0.115883440867,0.126146827079,0.98899918897,0.985597283249,88.7405996337,237,
102.0,1.094,-0.331705358471,-1422.0,-0.190352865453,0.197043398825,0.986934279709,0.965668854544,87.3774296957,237,
108.0,1.094,-0.237094541567,-1422.0,-0.10796185555,0.123144115402,0.986440993399,0.986332468687,87.3674077363,237,
114.0,1.094,-0.293683378927,6.0,-0.160250450443,0.169942113533,0.98634089971,0.974127263402,86.9884917972,237,
120.0,1.094,-0.203739604942,6.0,-0.0834134361368,0.0999389593824,0.988557273932,0.990906540672,88.4603941746,237,
126.0,1.094,-0.283959602389,6.0,-0.121746223718,0.135598211721,0.987345915148,0.983270813271,87.1405386854,237,
