LeadTime (HRS), obsMax (m MSL), Peak (m), PLag (min), Bias(m), RMSD (m), RVal, Skil, VExp (%), nPts,
-0.0,0.186,0.161807423884,60.0,0.244395539439,0.247992399417,0.859540167829,0.315592957281,29.7712662449,240,
6.0,0.186,0.158195946079,54.0,0.237898446399,0.241294758793,0.881403551882,0.324254351501,32.7100966702,239,
12.0,0.186,0.119239325062,18.0,0.197725465787,0.201329768392,0.949473989881,0.370971549771,36.7416452517,239,
18.0,0.186,0.130315932687,18.0,0.204722400908,0.208116801961,0.946167796843,0.363533680308,37.5600127193,239,
24.0,0.186,0.156196587082,-6.0,0.233600083301,0.236687447872,0.941758803036,0.330614666343,36.4425515363,239,
30.0,0.186,0.147148557898,6.0,0.22346045449,0.226588665478,0.937119762502,0.342263578989,37.4152184367,239,
36.0,0.186,0.118162923004,0.0,0.190176734198,0.193577429596,0.942215892964,0.384786261232,39.7438775397,239,
42.0,0.186,0.11303000987,-6.0,0.187105494209,0.190891458497,0.942683104521,0.385303122947,36.900899299,239,
48.0,0.186,0.134028144045,-12.0,0.215477052338,0.219119323754,0.905653192815,0.347832707835,33.6379234937,239,
54.0,0.186,0.140939708304,12.0,0.215864634614,0.219272807087,0.920581263751,0.349748837595,35.7660287479,239,
60.0,0.186,0.135876417546,0.0,0.200187462662,0.203357932907,0.902624859894,0.375040980581,40.3378633059,239,
66.0,0.186,0.150247487138,-18.0,0.211477455504,0.214382014087,0.917228451966,0.361619669517,41.3370378898,239,
72.0,0.186,0.168238019517,-6.0,0.234966201769,0.237701454361,0.892135850364,0.334952066672,40.0253909773,239,
78.0,0.186,nan,nan,nan,nan,nan,nan,nan,0,
84.0,0.186,0.168021357439,-12.0,0.232540451682,0.235133450529,0.914064524825,0.340406556709,42.293186838,239,
90.0,0.186,0.182182465297,-6.0,0.242831268637,0.244987314543,0.931345686713,0.33249790936,46.2581597438,239,
96.0,0.186,0.20662601158,-18.0,0.273727953236,0.275754265054,0.952131594335,0.301361215723,44.7051961524,239,
102.0,0.186,0.226853517696,-18.0,0.293379168535,0.295209233693,0.967818373117,0.28571752593,45.6132023142,239,
108.0,0.186,0.22209717848,-6.0,0.292119309952,0.293857863238,0.982655549017,0.286638525027,47.1081553271,239,
114.0,0.186,0.218451483491,-30.0,0.290830035053,0.292530636378,0.989216025237,0.287767352733,47.8055660997,239,
120.0,0.186,0.237504248176,-30.0,0.305775636724,0.307437438419,0.993139313054,0.276190145002,47.1007318517,239,
126.0,0.186,0.244002575518,36.0,0.31208657253,0.314027313048,0.904413615848,0.270538577715,42.2350015693,239,
