LeadTime (HRS), obsMax (m MSL), Peak (m), PLag (min), Bias(m), RMSD (m), RVal, Skil, VExp (%), nPts,
-0.0,0.471,0.0544897348873,18.0,0.0602768960304,0.0811640153577,0.971116190929,0.965760154547,75.9043388649,240,
6.0,0.471,0.0968026746749,18.0,0.09707284426,0.106439059547,0.981162072281,0.94500365863,80.642281006,239,
12.0,0.471,0.169309915165,36.0,0.162079035069,0.16477694114,0.991473984988,0.884373998868,86.8335458142,239,
18.0,0.471,0.156667593915,30.0,0.15212102917,0.154985627236,0.99134152495,0.89504877046,86.8491547709,239,
24.0,0.471,0.126528735547,30.0,0.123208134262,0.127913251798,0.988438282791,0.925728194835,84.7593218121,239,
30.0,0.471,0.125963608648,18.0,0.12659766573,0.131066790549,0.988703788081,0.922292558268,84.954185485,239,
36.0,0.471,0.18148830329,24.0,0.175820947399,0.17912181611,0.988740652499,0.866973875347,84.8235395911,239,
42.0,0.471,0.171540640269,30.0,0.171013126827,0.174563977364,0.987864911139,0.869741098531,84.4684112988,239,
48.0,0.471,0.116890867471,30.0,0.122839352163,0.12816286906,0.986969473432,0.922849893083,83.7925270519,239,
54.0,0.471,0.125368387896,36.0,0.127857823661,0.133032100324,0.98664844987,0.919167555985,83.7096400376,239,
60.0,0.471,0.168539901053,36.0,0.180743218026,0.183158430248,0.991807790039,0.856172387099,86.8554154351,239,
66.0,0.471,0.172842036493,12.0,0.178546764856,0.17998700758,0.994920118862,0.864173492387,89.9246513179,239,
72.0,0.471,0.132846910923,18.0,0.131101307393,0.134185829754,0.991953679495,0.918989565524,87.3167876822,239,
78.0,0.471,nan,nan,nan,nan,nan,nan,nan,0,
84.0,0.471,0.145891670035,-12.0,0.151172878004,0.152745287825,0.995413761476,0.89632265017,90.3008563824,239,
90.0,0.471,0.184313959457,0.0,0.169588184962,0.171204639757,0.994968374646,0.877930991494,89.586440815,239,
96.0,0.471,0.150856228942,-12.0,0.136593049131,0.139508810372,0.99339180846,0.916449054555,87.4112435465,239,
102.0,0.471,0.148943954073,6.0,0.121033022643,0.124725013621,0.993286689915,0.932769372031,86.6353876527,239,
108.0,0.471,0.179246474977,0.0,0.152427704117,0.154684852164,0.995432562462,0.901047788035,88.3184359163,239,
114.0,0.471,0.199626867914,-12.0,0.159227082713,0.161325044857,0.996444418184,0.894303506871,88.4941067022,239,
120.0,0.471,0.182737197298,0.0,0.150542329824,0.153122527812,0.996270527302,0.904596646188,87.580732824,239,
126.0,0.471,0.172017687716,0.0,0.142136234766,0.14577580918,0.993236126141,0.911822586324,85.6375872147,239,
