LeadTime (HRS), obsMax (m MSL), Peak (m), PLag (min), Bias(m), RMSD (m), RVal, Skil, VExp (%), nPts,
-0.0,0.966,0.0810028256816,-24.0,0.00840910088279,0.0679351151314,0.954908954288,0.99556615341,86.2202520254,211,
6.0,0.966,0.0791425248214,0.0,0.015575650186,0.0685302077585,0.955670137267,0.995476237662,86.3605822325,210,
12.0,0.966,0.102962188166,-12.0,0.0436524423958,0.0795093452945,0.956811663689,0.993935688871,86.4512761134,210,
18.0,0.966,0.118506920049,-18.0,0.0569237153216,0.0879216619395,0.957011523285,0.992613851937,86.2858689533,210,
24.0,0.966,0.110531351097,-18.0,0.0570522036084,0.0877546058052,0.957327326463,0.992640154002,86.308068946,210,
30.0,0.966,0.10151918235,-12.0,0.0459556983809,0.0824180698203,0.956402459165,0.993504449987,85.9936196679,210,
36.0,0.966,0.105033728632,0.0,0.0523980131993,0.0853222686256,0.956235324592,0.993032786201,86.1795035247,210,
42.0,0.966,0.12545637881,-6.0,0.0717646120396,0.0989572021961,0.955957970988,0.990642629259,86.1105910707,210,
48.0,0.966,0.0814221968629,-6.0,0.0278489162157,0.0756960825358,0.955208765704,0.994516617927,85.6434003265,210,
54.0,0.966,0.131159953182,-6.0,0.076334125559,0.104687170474,0.955356116082,0.989570407996,85.4124221877,210,
60.0,0.966,0.1014949001,-18.0,0.050581845812,0.0874092039927,0.955033814743,0.992693934373,85.4830736231,210,
66.0,0.966,0.132658263031,-6.0,0.0762258643614,0.104450182195,0.955003670339,0.989604667266,85.4532988376,210,
72.0,0.966,0.0718436799977,0.0,0.0186077702519,0.0761707146182,0.954669499664,0.994446115149,84.9254163723,210,
78.0,0.966,nan,nan,nan,nan,nan,nan,nan,0,
84.0,0.966,0.112826581885,-12.0,0.0519259978566,0.0778774967223,0.958793008291,0.994212043484,87.8798464888,210,
90.0,0.966,0.133545383327,-18.0,0.0794925582623,0.0986457970959,0.958481038435,0.990751447102,87.7292987206,210,
96.0,0.966,0.0885619915724,-12.0,0.0316732495081,0.068627806746,0.958220056544,0.995506975882,87.4392725679,210,
102.0,0.966,0.132572589999,-12.0,0.0752113423014,0.0962755575612,0.9582173963,0.991186889903,87.4677445181,210,
108.0,0.966,0.121921634717,-12.0,0.0648151450359,0.0880587445907,0.958044548611,0.99260965694,87.5891006974,210,
114.0,0.966,0.138939311454,-24.0,0.0828946164101,0.101029542862,0.958291391474,0.9902712205,87.9410025408,210,
120.0,0.966,0.105635793773,-18.0,0.0514931133387,0.0776666806958,0.958073047978,0.994207298885,87.9643502028,210,
126.0,0.966,0.129055284845,-12.0,0.0701478595009,0.0927750033934,0.957940583453,0.991794890593,87.3823535392,210,
