LeadTime (HRS), obsMax (m MSL), Peak (m), PLag (min), Bias(m), RMSD (m), RVal, Skil, VExp (%), nPts,
-0.0,0.644,1.68581147049,24.0,2.18474236923,2.20753807681,0.817100751799,0.222642101302,10.8865266042,240,
6.0,0.644,1.64189140324,30.0,2.18302551191,2.20517502351,0.818251787258,0.223707403276,12.3774710694,239,
12.0,0.644,1.66317357105,-12.0,2.16966532782,2.19380959375,0.695312727287,0.223849279613,8.7750322895,239,
18.0,0.644,1.63073656764,822.0,2.16382286097,2.18882784833,0.634593311233,0.223283086434,7.27844603112,239,
24.0,0.644,1.66554705412,-18.0,2.17343872142,2.19700989024,0.671169097259,0.223954602871,9.79221034809,239,
30.0,0.644,1.66366857573,72.0,2.19077477939,2.21278467595,0.828733018788,0.223369482851,12.5013391604,239,
36.0,0.644,1.67828964814,138.0,2.17851472984,2.20296561401,0.621798400911,0.22247966619,8.00839603561,239,
42.0,0.644,1.69110875162,102.0,2.19123164953,2.2149817643,0.631034341267,0.22147129179,9.08069783647,239,
48.0,0.644,1.68065661452,54.0,2.18470408609,2.20766387286,0.800491080819,0.223076335207,10.7468082181,239,
54.0,0.644,1.65597254092,42.0,2.18468113217,2.20742355816,0.764974567505,0.223165368681,11.1729559485,239,
60.0,0.644,1.69715081012,216.0,2.18462999413,2.21112583235,0.398415228076,0.220209642864,4.08288994284,239,
66.0,0.644,1.71040607906,30.0,2.17309448726,2.19806608569,0.569424579371,0.22254933431,7.14356099317,239,
72.0,0.644,1.75740761472,126.0,2.20018857748,2.22273282757,0.786680600615,0.22159063479,11.2510995493,239,
78.0,0.644,1.73072957727,126.0,2.18226243365,2.20465452242,0.779730903292,0.223429689945,11.9118511667,239,
84.0,0.644,1.70460411639,120.0,2.1782361778,2.20268250171,0.628670861925,0.222387776689,8.02287085796,239,
90.0,0.644,1.71021577032,78.0,2.1960323927,2.21877715926,0.771818131417,0.221268719695,10.7581569985,240,
96.0,0.644,1.72789647117,120.0,2.19825179913,2.22164552208,0.724548606593,0.221132635091,9.50407348069,239,
102.0,0.644,1.73936035885,150.0,2.19299578181,2.21764839325,0.559502746843,0.220649120175,7.19833968492,239,
108.0,0.644,1.70646833839,132.0,2.17517563949,2.19828616247,0.752461195543,0.223480993774,10.5272419106,239,
114.0,0.644,1.70553362512,144.0,2.19023461172,2.21344878069,0.797700536681,0.221670825004,10.0175354957,239,
120.0,0.644,1.68718608666,-12.0,2.17879732793,2.20470770462,0.45138333619,0.22117841015,5.15359207034,239,
126.0,0.644,1.71350582437,60.0,2.18657588339,2.21037718508,0.665094629455,0.221802804774,8.95637543707,239,
