LeadTime (HRS), obsMax (m MSL), Peak (m), PLag (min), Bias(m), RMSD (m), RVal, Skil, VExp (%), nPts,
-0.0,1.427,0.011001579837,18.0,0.0774602543515,0.114315742496,0.99759704783,0.995771557074,90.7372604695,240,
6.0,1.427,0.0387108976138,12.0,0.12073009808,0.147480945817,0.998272754041,0.992924720064,90.6774733134,239,
12.0,1.427,-0.027170373004,6.0,0.0532591857616,0.0995623609336,0.999004808439,0.996737037216,90.7418499705,239,
18.0,1.427,0.0146918465363,12.0,0.103593167011,0.132570570695,0.999224115958,0.994226355776,90.8953579812,239,
24.0,1.427,-0.0763230963936,12.0,0.0293896234827,0.093858448043,0.999219393162,0.997072873149,90.1894924902,239,
30.0,1.427,nan,nan,nan,nan,nan,nan,nan,0,
36.0,1.427,-0.102674489862,0.0,-0.00363510704204,0.0958040715439,0.998515172637,0.996937366904,89.451291023,239,
42.0,1.427,-0.0319280012324,12.0,0.0724709935922,0.120028372608,0.998595770752,0.995197869461,89.4573011645,239,
48.0,1.427,-0.149827844885,6.0,-0.0407058620951,0.108073893965,0.998426408016,0.99608530617,88.9686911547,239,
54.0,1.427,-0.0190359484533,6.0,0.0745582936336,0.12112169878,0.998637041743,0.995109918626,89.4822275582,239,
60.0,1.427,-0.176002826758,0.0,-0.0787969278632,0.129444764263,0.998264032621,0.994382069961,88.6840118601,239,
66.0,1.427,-0.0821346952142,6.0,0.0169899893136,0.101164217857,0.998570517747,0.996565256561,89.0114001132,239,
72.0,1.427,-0.213878849492,6.0,-0.1261445598,0.163913667444,0.998140815678,0.991009205933,88.4670834672,239,
78.0,1.427,-0.0845506864423,6.0,0.00279556709035,0.093723657557,0.998748462475,0.997070074689,89.6775178544,239,
84.0,1.427,-0.282547678825,0.0,-0.195133566572,0.222367235244,0.997959885004,0.983568317977,88.2507559626,239,
90.0,1.427,-0.192861784073,6.0,-0.115498726159,0.155692083776,0.998120389384,0.99188553886,88.4961603269,239,
96.0,1.427,-0.357145053691,0.0,-0.273420115491,0.297330323267,0.997156446708,0.970811038122,87.1280899926,239,
102.0,1.427,-0.252866853601,0.0,-0.180071507084,0.210702843486,0.997703660766,0.985194761316,87.9448063764,239,
108.0,1.427,-0.242504856151,6.0,-0.156936327773,0.188163821373,0.998126118453,0.988203732968,88.5614933179,239,
114.0,1.427,-0.114644860614,6.0,-0.0340032401538,0.0986117373797,0.998853905745,0.996759105923,89.800725027,239,
120.0,1.427,-0.202664474813,6.0,-0.135289832155,0.169657054246,0.997862338541,0.990414089301,88.7102235479,240,
126.0,1.427,-0.0323326962667,12.0,0.0426008217135,0.10382063186,0.998564469434,0.99641764383,89.5798282204,239,
