LeadTime (HRS), obsMax (m MSL), Peak (m), PLag (min), Bias(m), RMSD (m), RVal, Skil, VExp (%), nPts,
-0.0,0.379,0.836836466304,-258.0,0.953415799482,0.960959420392,0.968202519054,0.212982025831,14.1790956757,240,
6.0,0.379,0.844427779548,-186.0,0.95874655945,0.966361290214,0.954046841245,0.211503158236,13.4733931878,239,
12.0,0.379,0.840553121956,30.0,0.963912536435,0.971703351064,0.962667104141,0.21009103472,12.2401466357,239,
18.0,0.379,0.854614688697,-90.0,0.980184476689,0.988447835564,0.925741476622,0.206635811258,8.85025120472,239,
24.0,0.379,0.845388627867,-384.0,0.971491300953,0.979441102298,0.97350228789,0.208560613223,10.9991583798,239,
30.0,0.379,nan,nan,nan,nan,nan,nan,nan,0,
36.0,0.379,0.831862068189,0.0,0.955235735435,0.963237779338,0.970290435145,0.210615838871,11.2741055807,239,
42.0,0.379,0.851248125212,-192.0,0.961860896813,0.9687892911,0.970459666938,0.211049841036,17.1790685639,239,
48.0,0.379,0.835928424432,-30.0,0.950441254218,0.957128960463,0.990390765805,0.213473045758,19.1181869666,239,
54.0,0.379,0.837145802133,-192.0,0.945487204482,0.951708462609,0.984036776464,0.215211882327,22.2022226205,239,
60.0,0.379,0.864302111723,-576.0,0.961779401908,0.967438056455,0.976826697679,0.213267484049,25.179742302,239,
66.0,0.379,0.869428105866,-618.0,0.960991871444,0.966905262073,0.949350146091,0.21315765909,23.5403632604,239,
72.0,0.379,0.868911275316,-186.0,0.96579829308,0.971340919515,0.962124429189,0.212855380011,25.798918078,239,
78.0,0.379,0.870222569134,-114.0,0.974638491873,0.980998537734,0.950025037294,0.209948463273,20.136881095,239,
84.0,0.379,0.839656537596,-30.0,0.959368138638,0.966917295416,0.98294986564,0.210584900929,13.6461788493,239,
90.0,0.379,0.885960884784,-72.0,0.978786208404,0.984401691945,0.949602706007,0.210258028706,24.8123465862,239,
96.0,0.379,0.866934938913,-564.0,0.964187828924,0.970441334125,0.962166615689,0.211981967293,21.2351156098,239,
102.0,0.379,0.873069670943,-54.0,0.979193840188,0.985831948072,0.953271727716,0.208340189164,18.2141263066,239,
108.0,0.379,0.841747191174,-396.0,0.932023400929,0.937916488465,0.892509480248,0.219102882628,24.8277955514,239,
114.0,0.379,0.824455823686,-630.0,0.932563574897,0.938922671907,0.980114839972,0.217634515415,21.8798511194,239,
120.0,0.379,0.78595449222,-66.0,0.915524062774,0.924973160146,0.922022627762,0.216594248739,5.61592170271,240,
126.0,0.379,0.792759786201,-48.0,0.92163776863,0.930920702253,0.902558752555,0.216085559705,6.28190569577,239,
