LeadTime (HRS), obsMax (m MSL), Peak (m), PLag (min), Bias(m), RMSD (m), RVal, Skil, VExp (%), nPts,
-0.0,-0.019,0.16407837471,-642.0,0.252913475316,0.31885629223,-0.751912818291,0.303129782505,0.0,239,
6.0,-0.019,0.144817109575,-648.0,0.23842416165,0.299703750699,-0.735855428364,0.328922290787,0.0,240,
12.0,-0.019,0.144240214682,-594.0,0.233072092483,0.297814394598,-0.708941195428,0.322666065084,0.0,240,
18.0,-0.019,0.143439457356,-600.0,0.217199235074,0.282239842671,-0.514114349181,0.340871890269,0.0,240,
24.0,-0.019,0.137605437245,-624.0,0.211508271695,0.277457731995,-0.43501436641,0.349181282457,0.0,240,
30.0,-0.019,0.142706687411,-630.0,0.218073994863,0.285980752826,-0.497552836931,0.339201312852,0.0,240,
36.0,-0.019,0.15294330975,-654.0,0.234389139326,0.306653865519,-0.677870143197,0.303642296166,0.0,240,
42.0,-0.019,0.157574397608,-684.0,0.249574916682,0.319517289731,-0.795086942936,0.292845057901,0.0,240,
48.0,-0.019,0.163338664782,-648.0,0.254187976324,0.318605675856,-0.809571814119,0.306762889348,0.0,240,
54.0,-0.019,0.171438881954,-744.0,0.259903184926,0.332519424245,-0.833779479787,0.277297660577,0.0,240,
60.0,-0.019,0.156947198134,-690.0,0.243553658876,0.311076482918,-0.748495879934,0.308724928711,0.0,240,
66.0,-0.019,0.152083701655,-714.0,0.239914133345,0.304902825249,-0.722659777832,0.322316942203,0.0,240,
72.0,-0.019,0.152382192845,-666.0,0.244548195873,0.305511159159,-0.69735259035,0.328075973387,0.0,240,
78.0,-0.019,0.161153989857,-696.0,0.248319899752,0.312663627797,-0.702502002211,0.320034456998,0.0,240,
84.0,-0.019,0.130107175418,-600.0,0.214110571854,0.270140266368,-0.255851130326,0.390535582082,0.0,240,
90.0,-0.019,0.149068946382,-552.0,0.242055815901,0.300598507455,-0.52935755426,0.346453736035,0.0,240,
96.0,-0.019,0.141058419625,-576.0,0.247438977964,0.305927635196,-0.566135054552,0.340999764742,0.0,240,
102.0,-0.019,0.150080137231,-588.0,0.239876958012,0.300892591317,-0.579097928376,0.337753238363,0.0,240,
108.0,-0.019,0.123322105992,-636.0,0.227559042958,0.285279277621,-0.593360939047,0.355444928311,0.0,240,
114.0,-0.019,0.0924735139245,-654.0,0.21132159186,0.263587619719,-0.376932806772,0.394111857207,0.0,240,
120.0,-0.019,0.113427283175,-630.0,0.203655632458,0.256092399669,-0.298585948358,0.406175609578,0.0,240,
126.0,-0.019,0.11058215706,-672.0,0.201611633331,0.265204079917,-0.597902984895,0.36190618015,0.0,240,
