LeadTime (HRS), obsMax (m MSL), Peak (m), PLag (min), Bias(m), RMSD (m), RVal, Skil, VExp (%), nPts,
-0.0,0.181,0.0644512142435,-108.0,0.0102013786462,0.0529762649517,0.542501780334,0.592337266629,0.0,239,
6.0,0.181,0.0406824318615,-108.0,-0.0119054930233,0.0449087020129,0.601051533227,0.650126777841,0.0,240,
12.0,0.181,0.0605364660965,-120.0,0.0289358423775,0.0488423370664,0.565923853373,0.593599468988,0.0,240,
18.0,0.181,0.0663169290712,-126.0,0.0379448816009,0.0546561267457,0.614651568064,0.567260034953,0.0,240,
24.0,0.181,0.0697598069321,-162.0,0.0517279930595,0.0652394852941,0.613124897906,0.500322769778,0.0,240,
30.0,0.181,0.0875533495118,-108.0,0.0606731771566,0.0714813578057,0.706734864907,0.486266397012,0.0,240,
36.0,0.181,0.0599496109013,-192.0,0.051786588066,0.0655235247816,0.660032558968,0.514586258972,0.0,240,
42.0,0.181,0.0792094615707,228.0,0.0409858536854,0.0578069775299,0.579764464781,0.522798559557,0.0,240,
48.0,0.181,0.0895925467053,192.0,0.0288722604987,0.0549438620647,0.504052329135,0.525946704742,0.0,240,
54.0,0.181,0.059946727809,90.0,0.0269067215175,0.0605630445606,0.715610952326,0.603556579632,0.0,240,
60.0,0.181,0.0383203684021,150.0,-0.0290045695744,0.0700612009656,0.734261378371,0.548779733068,0.0,240,
66.0,0.181,0.0228025800818,174.0,-0.0500026573191,0.0852880999561,0.639194840494,0.448555763944,0.0,240,
72.0,0.181,-0.034913535673,180.0,-0.0802948220745,0.100895613653,0.570383744066,0.35613694764,0.0,240,
78.0,0.181,0.00681644761902,102.0,-0.0514897623528,0.0740320349937,0.709784063114,0.494641824366,0.0,240,
84.0,0.181,-0.00457044834635,-114.0,-0.024635911239,0.0365785561687,0.857034075295,0.742764378547,0.0,240,
90.0,0.181,0.0164452961421,-168.0,-0.0174814905337,0.0430122868469,0.688568098114,0.660804228911,0.0,240,
96.0,0.181,0.00627883662986,-168.0,-0.0332431343353,0.0492005962015,0.634721364207,0.594651312824,0.0,240,
102.0,0.181,0.00863216167211,-168.0,-0.00533653353013,0.035272335896,0.705709414207,0.734636280248,0.0,240,
108.0,0.181,-0.0295985396278,162.0,-0.0341530218355,0.0409099960544,0.720562743422,0.629258599442,8.32086230174,240,
114.0,0.181,-0.0265487480495,204.0,-0.0447314470377,0.0584154173904,0.660744326102,0.530077436373,0.0,240,
120.0,0.181,-0.0220249175816,-174.0,-0.0308972525973,0.0494183371878,0.580434795391,0.563260659992,0.0,240,
126.0,0.181,0.046448260823,-150.0,0.024162339344,0.0500748430513,0.577786520365,0.604739091404,0.0,240,
