LeadTime (HRS), obsMax (m MSL), Peak (m), PLag (min), Bias(m), RMSD (m), RVal, Skil, VExp (%), nPts,
-0.0,0.47,0.383286029542,-1398.0,0.306428835573,0.313467824772,0.93574976716,0.634016039936,64.7335200121,240,
6.0,0.47,0.391427319475,-1398.0,0.308103998915,0.31322156216,0.953278508536,0.633127991608,69.6543773109,239,
18.0,0.47,0.277825344664,-1422.0,0.313697581687,0.316849831226,0.973548895386,0.629770784419,76.0075828926,239,
24.0,0.47,0.263233938476,-6.0,0.313751680277,0.316837727947,0.974193176889,0.629972907037,76.260067214,239,
30.0,0.47,0.264287940574,-6.0,0.314211885111,0.317204719218,0.975701289518,0.628898096751,76.6060177857,239,
42.0,0.47,0.260686457684,-6.0,0.311509062152,0.314366477713,0.977336930509,0.632240531137,77.2419249001,239,
48.0,0.47,0.262067357601,-6.0,0.31141960761,0.314199164215,0.978436472404,0.632246770921,77.5587274129,239,
54.0,0.47,0.260878827994,-6.0,0.312262834302,0.315068767082,0.978487418824,0.630680199563,77.4216579535,239,
66.0,0.47,0.270792065367,0.0,0.321390290367,0.323985752736,0.97928758884,0.622326205387,77.9748628063,239,
72.0,0.47,0.264417961111,-1416.0,0.323183677362,0.325863037394,0.979036111492,0.619563237103,77.5581658066,239,
78.0,0.47,0.262726269765,0.0,0.321835111514,0.324471870605,0.979358830647,0.621403812521,77.7843265088,239,
90.0,0.47,0.261068348184,0.0,0.319968191552,0.32258760649,0.980587609842,0.622998251641,77.9605241761,239,
96.0,0.47,0.254804866293,0.0,0.318010416797,0.320543394322,0.98152130662,0.625331813317,78.3948091646,239,
102.0,0.47,0.25490454815,12.0,0.320227920983,0.322610352174,0.982241507819,0.623841304428,78.9765138049,239,
114.0,0.47,0.287787013048,6.0,0.3483053639,0.350447599097,0.983162430176,0.596008505608,79.2155233065,239,
120.0,0.47,0.292804664648,12.0,0.347863556746,0.349995126202,0.982296455151,0.597690845685,79.2805999662,239,
126.0,0.47,0.287558454799,12.0,0.346631790815,0.348672445599,0.984759781159,0.597740521088,79.7644088301,239,
