LeadTime (HRS), obsMax (m MSL), Peak (m), PLag (min), Bias(m), RMSD (m), RVal, Skil, VExp (%), nPts,
-0.0,0.86,0.0991337665584,0.0,0.00920038839374,0.0517927984071,0.997143094117,0.997483980811,89.8109309301,240,
6.0,0.86,0.0969799600477,0.0,0.00814424148097,0.0484308899649,0.997719436275,0.997807916311,90.474836153,239,
18.0,0.86,0.0386094892303,-6.0,-0.0169621776297,0.0477320243167,0.998463552492,0.997878599753,91.0982694234,239,
24.0,0.86,0.0376951652545,-6.0,-0.015473697242,0.0474897192195,0.998432186839,0.997900447465,91.0420852134,239,
30.0,0.86,0.0453073327051,12.0,-0.0150596441839,0.0459582890507,0.998675490302,0.998033853043,91.3368155213,239,
42.0,0.86,0.0638681043829,6.0,0.00156050284921,0.0428809620213,0.99889826476,0.998291447065,91.450202045,239,
48.0,0.86,0.0593256898955,6.0,0.00219363720321,0.0424434540355,0.998976110636,0.998326309806,91.5431428101,239,
54.0,0.86,0.0514922044297,6.0,0.00287672217313,0.0435948952954,0.999068844414,0.998241068009,91.3210510054,239,
66.0,0.86,0.0678207568962,6.0,0.0219565604264,0.0484035200128,0.999048220991,0.997830207001,91.3934293346,239,
72.0,0.86,0.060351803978,6.0,0.0177097570403,0.0457274522424,0.999325294203,0.998066716427,91.5886183756,239,
78.0,0.86,0.0511376219809,6.0,0.0161683145954,0.0437092295616,0.999345456808,0.99822815376,91.8978501449,239,
90.0,0.86,0.0272831942711,6.0,0.000399430940956,0.0389053671044,0.999347321521,0.998587386168,92.2285447951,239,
96.0,0.86,0.0141368853424,12.0,-0.0053437731704,0.0390615160242,0.999246384954,0.998573144305,92.2703056946,239,
102.0,0.86,0.0117867350073,12.0,-0.00801580646186,0.0412657328693,0.998975969173,0.998407262614,91.9136376753,239,
114.0,0.86,0.0472217334643,6.0,0.029526224617,0.0505548466663,0.99885449084,0.997609844773,91.8024124222,239,
120.0,0.86,0.0449346465541,6.0,0.0328960891241,0.0518024274982,0.99900149331,0.997490813179,92.0061253193,239,
126.0,0.86,0.04035427022,6.0,0.0310793596606,0.0492010965855,0.999060354825,0.997728475124,92.3806039763,239,
