LeadTime (HRS), obsMax (m MSL), Peak (m), PLag (min), Bias(m), RMSD (m), RVal, Skil, VExp (%), nPts,
-0.0,0.914,0.0240547401141,-36.0,-0.0382686242229,0.106946299925,0.991502856385,0.994297454475,85.5353395003,240,
6.0,0.914,0.0322875891154,-36.0,-0.0343068532652,0.0993183119872,0.992651384079,0.995080422524,86.5119715878,239,
18.0,0.914,0.122524937399,-36.0,0.0727177907092,0.109980464662,0.994544485935,0.993988016852,88.0597451224,239,
24.0,0.914,0.115108064259,24.0,0.0712042572443,0.107925597489,0.994762753773,0.994209623454,88.2631207189,239,
30.0,0.914,0.10773775939,30.0,0.07317626141,0.106973843371,0.995187634634,0.994306972107,88.7080365555,239,
42.0,0.914,0.172441520388,30.0,0.121948362054,0.14603025839,0.99492187501,0.989459620915,88.3746830063,239,
48.0,0.914,0.161283187453,30.0,0.123249010814,0.144643153575,0.99554790108,0.989646599193,89.0443830485,239,
54.0,0.914,0.172817310283,24.0,0.121855988542,0.14466037957,0.995438853271,0.989684288714,88.7181434874,239,
66.0,0.914,0.114404547124,24.0,0.0712099375571,0.100622960935,0.996226131796,0.994965314474,89.7119662319,239,
72.0,0.914,0.0973401741879,24.0,0.0668460887072,0.0946356298637,0.996966859895,0.995561151715,90.3058048419,239,
78.0,0.914,0.0726868251556,24.0,0.0635016810529,0.0907659602395,0.997192535683,0.995912313008,90.6147937993,239,
90.0,0.914,0.0753584480421,12.0,0.0309260148957,0.069105724437,0.997542824746,0.997628415639,91.0622762061,239,
96.0,0.914,0.095159469286,12.0,0.0395178981271,0.0719031361728,0.997720464168,0.997432019531,91.3124193609,239,
102.0,0.914,0.0990327259846,12.0,0.0486319383765,0.0764815680204,0.997966622252,0.997102676305,91.4630346431,239,
114.0,0.914,0.0468411390849,0.0,-0.0199549726864,0.0669805732463,0.997373365335,0.997775203889,90.7528569233,239,
120.0,0.914,0.0756529048661,12.0,0.0114641062458,0.0639153731108,0.997500089628,0.997973762474,90.9061818147,239,
126.0,0.914,0.0744079235024,0.0,0.0125242885528,0.0617724309403,0.997458052214,0.99809526686,91.2517445661,239,
