LeadTime (HRS), obsMax (m MSL), Peak (m), PLag (min), Bias(m), RMSD (m), RVal, Skil, VExp (%), nPts,
-0.0,1.408,0.0640262507953,546.0,0.206826739495,0.360271484463,0.971683355194,0.978294753244,76.3636351648,240,
6.0,1.408,0.0360460288778,24.0,0.141573060067,0.325026789153,0.97222292158,0.98226732666,76.5785562081,239,
12.0,1.408,-0.156179812904,18.0,-0.0338752471324,0.296096080224,0.971932891373,0.985214957037,76.4522296119,239,
18.0,1.408,0.113591922647,18.0,0.203196368162,0.348376063502,0.973973434977,0.979769770332,77.3259161962,240,
24.0,1.408,0.100583111967,6.0,0.200564970115,0.35125555927,0.972954067743,0.979543143562,76.9000761913,239,
30.0,1.408,0.0280884093373,-6.0,0.128140263377,0.311677885582,0.973764164124,0.983773328476,77.240239957,239,
36.0,1.408,-0.150063841651,12.0,-0.0504694450423,0.291715772159,0.973229322491,0.985632769572,76.9840167876,239,
42.0,1.408,0.0592509252836,12.0,0.153166554049,0.320077578576,0.974352808942,0.982868736654,77.4859469114,239,
48.0,1.408,0.0826428455855,6.0,0.181517756447,0.338701730176,0.97341315898,0.980913424788,77.0931171227,239,
54.0,1.408,-0.0150086716445,18.0,0.0957066189446,0.301238459859,0.973531573685,0.984715877221,77.1190884441,239,
60.0,1.408,-0.16195210193,18.0,-0.0532404581792,0.294348358621,0.972837358079,0.985340764641,76.8096569308,239,
66.0,1.408,0.039100808378,18.0,0.104188610572,0.278639948337,0.97859110933,0.986872914229,79.2982112937,239,
72.0,1.408,0.0541589645078,18.0,0.161131900694,0.325303490732,0.974099094598,0.982241776315,77.3624125975,239,
78.0,1.408,-0.0407321718588,12.0,0.0711813279567,0.289973757601,0.974486696036,0.985742261179,77.4819090891,239,
84.0,1.408,-0.161615827726,12.0,-0.0412678732685,0.286803962259,0.974045660692,0.98599579985,77.2641761164,239,
90.0,1.408,-0.0587831069968,12.0,0.0600834107258,0.283637360475,0.975293818895,0.986310951922,77.7943946142,239,
96.0,1.408,0.0148807184324,6.0,0.141484508684,0.313121446702,0.974726021325,0.98351226159,77.6235341606,239,
102.0,1.408,-0.113149410482,0.0,0.0124642762384,0.280377687047,0.974756754398,0.986610697597,77.5620881825,239,
108.0,1.408,nan,nan,nan,nan,nan,nan,nan,0,
114.0,1.408,-0.0925726996115,-6.0,0.027805559911,0.308663980779,0.969349075683,0.983801947301,75.390958617,239,
120.0,1.408,0.0228475781044,18.0,0.150051590863,0.338283101158,0.970268093238,0.980557871596,75.7292583924,239,
126.0,1.408,-0.115496409719,12.0,0.00246569775709,0.298675071774,0.971255419278,0.984746422487,76.0909527004,239,
