LeadTime (HRS), obsMax (m MSL), Peak (m), PLag (min), Bias(m), RMSD (m), RVal, Skil, VExp (%), nPts,
-0.0,2.188,-0.00287541251068,-36.0,0.297911651385,0.372964382128,0.991287865285,0.983407777378,85.0561665068,240,
6.0,2.188,-0.246709188781,-30.0,0.0460079263882,0.211917395215,0.993123645136,0.994603804416,86.2459683691,239,
12.0,2.188,-0.167337241898,-30.0,0.107833709241,0.230480121023,0.993201766152,0.993645578803,86.4563805823,239,
18.0,2.188,-0.172996692815,-24.0,0.109942336478,0.232169189445,0.993155784698,0.993525331724,86.3816403286,240,
24.0,2.188,0.062319723516,-24.0,0.333086570266,0.387381885731,0.993797252845,0.982292745309,86.8553256963,239,
30.0,2.188,-0.193678641486,-24.0,0.0336442071077,0.200122464787,0.993789339237,0.995210161651,86.8891387378,239,
36.0,2.188,-0.109610490316,-30.0,0.126704333661,0.230163936479,0.994308359692,0.99367438521,87.229716607,239,
42.0,2.188,-0.174861809189,-24.0,0.0749886089466,0.206565883819,0.994296544491,0.994896881345,87.2081653091,239,
48.0,2.188,0.113350885615,-24.0,0.344601238986,0.391171890799,0.994820673495,0.982000393311,87.6976158573,239,
54.0,2.188,-0.220098428814,-30.0,0.0272786095789,0.187657083678,0.994906241904,0.99578717587,87.6607582322,239,
60.0,2.188,-0.0943959421196,-30.0,0.14811843135,0.237163767265,0.994784567422,0.993303770777,87.6900518442,239,
66.0,2.188,-0.155281228032,-36.0,0.0715122659791,0.196148462243,0.994952166841,0.9954138357,87.8612047902,239,
72.0,2.188,0.114965422948,0.0,0.362977608396,0.407008204541,0.994938604606,0.980538640494,87.7628633925,239,
78.0,2.188,-0.182167225832,-36.0,0.075198048667,0.199040546195,0.995065747499,0.995261473254,87.7521374973,239,
84.0,2.188,-0.0621598453285,-30.0,0.17550793329,0.255961860334,0.994762958276,0.992200410462,87.6174529751,239,
90.0,2.188,-0.144455033146,-24.0,0.0943821164966,0.205194526656,0.995248839034,0.99496626188,87.8909704433,239,
96.0,2.188,0.127878497399,-24.0,0.36755120459,0.410205441753,0.994995237215,0.980273537723,87.8950188075,239,
102.0,2.188,-0.137591494382,-18.0,0.106712179062,0.210363819902,0.995243668156,0.99471730655,87.9515566708,239,
108.0,2.188,nan,nan,nan,nan,nan,nan,nan,0,
114.0,2.188,-0.139563731149,-24.0,0.0808442876286,0.20760336347,0.994236831713,0.994853524884,87.2863433815,239,
120.0,2.188,0.0550658338228,-36.0,0.32281438373,0.377617910968,0.993997718985,0.983137321876,86.9732889959,239,
126.0,2.188,-0.08764884543,-30.0,0.152074391706,0.241782615081,0.994819020545,0.993009087021,87.5022205058,239,
