LeadTime (HRS), obsMax (m MSL), Peak (m), PLag (min), Bias(m), RMSD (m), RVal, Skil, VExp (%), nPts,
-0.0,1.424,0.835753222544,-18.0,0.772684295886,0.776456115348,0.997318928537,0.881269932425,92.6795390391,240,
6.0,1.424,0.685694076883,18.0,0.658443362181,0.662295763825,0.997669893315,0.910218648632,93.1767366034,239,
12.0,1.424,0.651236094241,-12.0,0.648514932398,0.651961829286,0.997948460493,0.912787236386,93.5955287708,239,
18.0,1.424,0.737443656929,42.0,0.71963431038,0.722279706107,0.998249458317,0.895256315446,94.0853017321,240,
24.0,1.424,0.796668682544,36.0,0.78951717464,0.79183404018,0.998325350439,0.87771054191,94.2133513276,239,
30.0,1.424,0.627808396987,-6.0,0.647550471913,0.649976873047,0.998560278426,0.913319335372,94.6358354459,239,
36.0,1.424,0.616138373426,42.0,0.636992615389,0.639203432699,0.998710137815,0.915834299642,94.9219419861,239,
42.0,1.424,0.654587845038,36.0,0.663018314628,0.665440373456,0.998529868332,0.909508008584,94.5771336312,239,
48.0,1.424,0.766503861554,12.0,0.757670984462,0.759958055786,0.998417118404,0.886302927631,94.3677075017,239,
54.0,1.424,0.592725059979,12.0,0.597265864075,0.599763293977,0.998633028217,0.925066554385,94.772891071,239,
60.0,1.424,0.590184798827,18.0,0.595926080163,0.598423165772,0.998638684821,0.925474813327,94.7791054935,239,
66.0,1.424,0.561844120882,18.0,0.587916512376,0.590374725378,0.998675490929,0.927132336302,94.8548432298,239,
72.0,1.424,0.692569301723,18.0,0.718410494299,0.720648891166,0.998528158764,0.896152741923,94.5741168712,239,
78.0,1.424,0.525974646078,18.0,0.553226308691,0.555960054222,0.9986138307,0.934635837249,94.7356611473,239,
84.0,1.424,0.550688984855,12.0,0.579106968547,0.581673608876,0.998637646925,0.929035075323,94.7818073885,239,
90.0,1.424,0.545125407021,12.0,0.568096262161,0.570819732818,0.998584675272,0.931290605584,94.6756115995,239,
96.0,1.424,0.710194083792,18.0,0.7064145153,0.709171663871,0.998218625825,0.899068494993,94.0274365299,239,
102.0,1.424,0.505410737797,24.0,0.524373439005,0.528754739659,0.997891196985,0.940539183773,93.5061137488,239,
108.0,1.424,nan,nan,nan,nan,nan,nan,nan,0,
114.0,1.424,0.531298902886,12.0,0.533181301297,0.535283061329,0.99898417989,0.939398574967,95.466961369,239,
120.0,1.424,0.67513899454,12.0,0.682739209721,0.683974751012,0.999227128677,0.905126025431,96.0691607649,239,
126.0,1.424,0.57687781603,18.0,0.567180715919,0.568621445121,0.999251319615,0.932013224862,96.1304509172,239,
