LeadTime (HRS), obsMax (m MSL), Peak (m), PLag (min), Bias(m), RMSD (m), RVal, Skil, VExp (%), nPts,
-0.0,0.483,-0.0752791784416,-786.0,0.11944791065,0.277735054405,0.869708984745,0.879188862912,47.3202054217,240,
6.0,0.483,-0.155280337042,-792.0,0.0954709544421,0.270444385879,0.870948087276,0.881524831607,46.8515536047,239,
12.0,0.483,nan,nan,nan,nan,nan,nan,nan,0,
18.0,0.483,-0.00599859383051,-18.0,0.276342562917,0.344016897285,0.936757009274,0.838945574563,56.8700943813,239,
24.0,0.483,0.0544481533505,0.0,0.323905868623,0.382322165434,0.936556550397,0.812965140093,57.2452575798,239,
30.0,0.483,0.039936271674,6.0,0.308939375691,0.372312605434,0.931546386962,0.818497047029,56.2627355796,239,
36.0,0.483,0.121092833232,18.0,0.380084180664,0.431316458048,0.930964474431,0.780606168606,57.0825104479,239,
42.0,0.483,0.110896142219,-24.0,0.358899675031,0.414431685468,0.92643132819,0.79210076197,56.3786285022,239,
48.0,0.483,0.157273316521,12.0,0.403200223933,0.452586218339,0.92442120177,0.768327879487,56.7257640147,239,
54.0,0.483,0.07384279033,18.0,0.327114224678,0.387872417243,0.923443702654,0.810683420463,56.1271150114,239,
60.0,0.483,0.116756000087,-18.0,0.346021469323,0.4010047458,0.928371731714,0.803187537671,57.3392942342,239,
66.0,0.483,0.0921761159245,-6.0,0.330171861015,0.389317648835,0.924124542031,0.811112600084,56.5770874186,239,
72.0,0.483,0.193069708424,12.0,0.389229434025,0.435298777217,0.934056495529,0.783102611983,58.9745289035,239,
78.0,0.483,0.145863956731,18.0,0.317453294693,0.373328299553,0.931113279463,0.826316490029,58.645385926,239,
84.0,0.483,0.190022952826,12.0,0.402448438982,0.447768251356,0.934299396082,0.774092039994,58.6806318845,239,
90.0,0.483,0.143554106424,12.0,0.380514864601,0.430356988282,0.933509752618,0.781964282588,57.6825793413,239,
96.0,0.483,0.275432657259,-6.0,0.522344657677,0.557188559629,0.935008362878,0.711385134134,59.1749990768,239,
102.0,0.483,0.238650877476,6.0,0.481867382573,0.517963558108,0.943472581808,0.731810474394,60.0169509614,240,
108.0,0.483,0.206338068223,-732.0,0.489400645979,0.530026783221,0.933379736163,0.720344124238,57.2540341827,239,
114.0,0.483,0.226679767593,0.0,0.470598327354,0.508988499309,0.943155364775,0.735258188574,59.2670646528,239,
120.0,0.483,0.225512169104,6.0,0.424853950407,0.468911930692,0.931994823888,0.76114369371,58.3189751232,239,
126.0,0.483,0.168276653431,12.0,0.384956998065,0.436797049297,0.928787048784,0.776850751553,56.6471305425,239,
