LeadTime (HRS), obsMax (m MSL), Peak (m), PLag (min), Bias(m), RMSD (m), RVal, Skil, VExp (%), nPts,
-0.0,0.468,0.030092187879,228.0,-0.00664332245735,0.0400680597491,0.859301876997,0.922603662358,47.9693780384,239,
6.0,0.468,-0.00743932196547,54.0,-0.0171786028786,0.0383996068386,0.892264907893,0.928819002664,54.7085727272,240,
12.0,0.468,-0.0545053644181,108.0,-0.0521958032202,0.0596100954149,0.925372223607,0.850564457007,62.0293550362,240,
18.0,0.468,-0.0529917882454,168.0,-0.0459965973224,0.0528234264586,0.93981698964,0.880129348143,65.7458842639,240,
24.0,0.468,-0.0583890747648,234.0,-0.0486829539476,0.054545439164,0.948298364516,0.870292704036,67.5569832444,240,
30.0,0.468,-0.0702282337777,240.0,-0.0577726958493,0.0629412123018,0.948961188117,0.833809426001,67.058575632,240,
36.0,0.468,-0.122240688599,126.0,-0.103624392721,0.106167136195,0.953141279445,0.690706943559,69.5402723958,240,
42.0,0.468,-0.121775482251,282.0,-0.0974594933183,0.100286713867,0.952972174496,0.702471831287,68.8172299149,240,
48.0,0.468,-0.119046020024,162.0,-0.0975391741533,0.10045553285,0.950921975626,0.701777397309,68.3095776891,240,
54.0,0.468,-0.135182770312,168.0,-0.116217542224,0.11833193106,0.956532298009,0.657708749716,70.6309143015,240,
60.0,0.468,-0.155568589216,174.0,-0.136603281069,0.138360165324,0.95723043335,0.613355975587,71.0138974861,240,
66.0,0.468,-0.145512872589,240.0,-0.123048036482,0.125005831877,0.956931172722,0.642887889601,70.9372021895,240,
72.0,0.468,-0.161648094689,174.0,-0.136815726707,0.13847784711,0.959397792525,0.611834519992,71.7895480253,240,
78.0,0.468,-0.13833467015,132.0,-0.115158516945,0.11770454881,0.94851684008,0.654124783903,67.8883227672,240,
84.0,0.468,-0.146676431116,132.0,-0.119082012248,0.12137535002,0.952276095148,0.646097218882,69.0305267658,240,
90.0,0.468,-0.134638587803,192.0,-0.103372172684,0.107945685568,0.922468076938,0.661505542354,59.0009474509,240,
96.0,0.468,-0.16593361533,168.0,-0.13230931621,0.135189571304,0.941688325987,0.597574399859,63.3935820557,240,
108.0,0.468,0.236451101307,210.0,0.283582041429,0.285750332143,0.944173857016,0.347684528344,53.6635815991,240,
114.0,0.468,0.224368501703,144.0,0.280610586266,0.283011189527,0.944633026337,0.348688781227,51.4896012105,240,
120.0,0.468,0.194163018521,114.0,0.250118889078,0.252469519335,0.954257154816,0.380120583583,54.670684389,240,
126.0,0.468,0.209539892448,126.0,0.258016135044,0.259637871177,0.958205798473,0.376734646024,61.7888020492,240,
