LeadTime (HRS), obsMax (m MSL), Peak (m), PLag (min), Bias(m), RMSD (m), RVal, Skil, VExp (%), nPts,
-0.0,0.83,-0.0661118608141,0.0,-0.140743086619,0.157337801292,0.987699811729,0.969796718043,84.3556545832,239,
6.0,0.83,-0.0533106591792,24.0,-0.0330544716632,0.0761146121794,0.988439363594,0.992807361611,84.8383290565,240,
12.0,0.83,-0.14180640719,42.0,-0.1217152752,0.139834709393,0.988347751416,0.976207090939,84.7766869564,240,
18.0,0.83,-0.103582195435,42.0,-0.0938740757882,0.116435235905,0.988336179576,0.983384223513,84.7675599514,240,
24.0,0.83,-0.143630552325,36.0,-0.133082206332,0.149925113712,0.988291458944,0.972837316994,84.7325369618,240,
30.0,0.83,-0.047622612927,0.0,-0.0327376161288,0.0736525215617,0.989301358519,0.993284896173,85.4101450582,240,
36.0,0.83,-0.108903428862,0.0,-0.107914020845,0.126821123893,0.989089663677,0.980347848094,85.2680218195,240,
42.0,0.83,-0.0705545116449,0.0,-0.0769316456376,0.102126257758,0.988914158853,0.987183068671,85.1471396252,240,
48.0,0.83,-0.122637183905,0.0,-0.117864986297,0.134827458895,0.989465644812,0.977800895673,85.5222783978,240,
54.0,0.83,-0.0493607582375,0.0,-0.0524844089654,0.0844673008061,0.989233469655,0.991156140458,85.3646839114,240,
60.0,0.83,-0.0874025491125,0.0,-0.0992344077302,0.118771303383,0.989550161006,0.982609058202,85.5681759098,240,
66.0,0.83,-0.057071041278,0.0,-0.0641522225339,0.0909516081839,0.989807476504,0.989720130938,85.7428344068,240,
72.0,0.83,-0.0998276048246,0.0,-0.0924513677917,0.111770104175,0.990329606316,0.984579456439,86.1100855182,240,
78.0,0.83,-0.0816431725676,0.0,-0.0730956335692,0.0958221445331,0.990580889103,0.988642489555,86.298643197,240,
84.0,0.83,-0.10633769343,0.0,-0.0935890369996,0.112588468309,0.990390962313,0.984378708805,86.1595422538,240,
90.0,0.83,-0.135205489718,0.0,-0.120323178819,0.135918489161,0.990218942042,0.977333523003,86.0208295691,240,
96.0,0.83,-0.0531800325791,0.0,-0.0448944317085,0.0770463603996,0.99043157622,0.992575023293,86.1535789571,240,
108.0,0.83,-0.00845686790679,0.0,-0.046781641114,0.0705946110699,0.993222833404,0.993785425249,88.3088720414,240,
114.0,0.83,0.00326884718903,0.0,-0.0283989377779,0.0597662259548,0.993236873041,0.995564592505,88.3708891903,240,
120.0,0.83,0.0448819456934,0.0,0.034697851553,0.0599458038554,0.994198466128,0.995527558086,89.1901828959,240,
126.0,0.83,-0.0479063457908,0.0,-0.0695552035572,0.0852809471387,0.994097615812,0.990984070215,89.088077053,240,
