LeadTime (HRS), obsMax (m MSL), Peak (m), PLag (min), Bias(m), RMSD (m), RVal, Skil, VExp (%), nPts,
-0.0,0.434,-0.239557354625,0.0,-0.160242537358,0.167456165563,0.725725606042,0.462598566729,31.1950980183,239,
6.0,0.434,-0.209865817907,0.0,-0.141753032734,0.14875571976,0.774221301399,0.498258054615,36.2451823176,240,
12.0,0.434,-0.170511980732,0.0,-0.106372809104,0.11385924232,0.834196075083,0.578310903572,42.6043764362,240,
18.0,0.434,-0.119333929858,0.0,-0.0539641813141,0.0698834117169,0.78712551365,0.717129565594,37.2366872125,240,
24.0,0.434,-0.137003628311,0.0,-0.0715204905574,0.0855527784735,0.754567786322,0.640859534621,33.6384648903,240,
30.0,0.434,-0.12612466384,0.0,-0.0696096917299,0.0808131683925,0.833704102265,0.676370714355,41.9724322894,240,
36.0,0.434,-0.164488953219,0.0,-0.0789428845326,0.0944141781731,0.681271897857,0.599759804953,26.7959475541,240,
42.0,0.434,-0.164033495387,0.0,-0.0724970668837,0.0919453069062,0.607928898725,0.593201006613,20.0629603746,240,
48.0,0.434,-0.171879050885,-612.0,-0.0828331085284,0.101604674695,0.578843626182,0.565692613494,16.8281732507,240,
54.0,0.434,-0.124105329618,0.0,-0.0500261935311,0.0677676845783,0.769253179745,0.721208000728,35.381412966,240,
60.0,0.434,-0.196463304174,-612.0,-0.107762882371,0.119717813616,0.67575621874,0.538306139068,26.2865301916,240,
66.0,0.434,-0.213376211222,0.0,-0.120118450114,0.132974904741,0.600629375338,0.503982970609,19.3690046306,240,
72.0,0.434,-0.204316145758,-1266.0,-0.132275349069,0.155668658643,0.270913484388,0.419310149916,0.0,240,
78.0,0.434,-0.168211972158,-1236.0,-0.0965017203417,0.13371770852,0.125911689641,0.397510424256,0.0,240,
84.0,0.434,-0.196295230573,-1236.0,-0.138370987172,0.165673718616,0.161865328973,0.385431751966,0.0,240,
90.0,0.434,-0.202546028546,0.0,-0.116354006962,0.129615374228,0.60304173489,0.512429231167,19.2698583075,240,
96.0,0.434,-0.204874111586,-630.0,-0.119939167292,0.13384948854,0.585624279388,0.505041830984,16.0142273963,240,
108.0,0.434,-0.0106914703495,-630.0,0.0530468298697,0.0929985538345,0.335314787613,0.561854774357,0.0,240,
114.0,0.434,-0.0649466673818,-1272.0,0.0233855189714,0.0688094104849,0.500510727709,0.659580917343,8.52619887866,240,
120.0,0.434,-0.103962460741,-1254.0,-0.0272500874075,0.0738663430794,0.442966391731,0.615285608979,2.95333898194,240,
126.0,0.434,-0.0465311841699,-1266.0,0.0134688426847,0.0911961713234,0.196973198549,0.444263302475,0.0,240,
