LeadTime (HRS), obsMax (m MSL), Peak (m), PLag (min), Bias(m), RMSD (m), RVal, Skil, VExp (%), nPts,
-0.0,1.328,0.249980430373,-24.0,0.185330940658,0.196974671825,0.996769463937,0.98505555444,91.756996097,240,
6.0,1.328,0.251391889694,-24.0,0.188455459105,0.199393997507,0.996947143546,0.984726920821,91.9628469748,239,
12.0,1.328,0.236398490659,-24.0,0.180459628703,0.19072188846,0.997265510015,0.986024721635,92.3843729357,239,
18.0,1.328,0.386452186463,12.0,0.347267086346,0.351135366352,0.998099387208,0.954508122035,93.586385903,239,
24.0,1.328,nan,nan,nan,nan,nan,nan,nan,0,
30.0,1.328,0.274338298774,6.0,0.23169586293,0.239801979049,0.997198599293,0.978119500337,92.3638047184,239,
36.0,1.328,0.198300350918,6.0,0.182757660394,0.192182535023,0.997434852181,0.985817700707,92.6574053624,239,
42.0,1.328,0.397713270917,0.0,0.359301247262,0.3641662789,0.997451222182,0.951108437502,92.6720395526,239,
48.0,1.328,0.229747259631,6.0,0.200789736318,0.20888554051,0.997572244193,0.98332882113,92.8865442072,239,
54.0,1.328,0.259764496728,6.0,0.244308465624,0.250760298734,0.997665567137,0.976168491929,93.0192017527,239,
60.0,1.328,0.17223577701,6.0,0.151637673534,0.161923151453,0.997666472633,0.989895628892,92.9853840495,239,
66.0,1.328,0.35075993713,6.0,0.333881511238,0.338504370987,0.997746702441,0.957503789532,93.1135497695,239,
72.0,1.328,0.224481391587,6.0,0.201670256278,0.208836003413,0.997849071768,0.98335626898,93.3008239261,239,
78.0,1.328,0.241285488034,6.0,0.229559153497,0.236933507683,0.997585183667,0.978530613808,92.755387424,239,
84.0,1.328,0.157510354893,6.0,0.147512009063,0.157461656691,0.997736897989,0.990495425347,93.1959768708,239,
90.0,1.328,0.279962180922,6.0,0.272068952843,0.277756091102,0.997643642055,0.971135008701,93.0929927292,239,
96.0,1.328,0.173657549899,12.0,0.169596631405,0.178325680614,0.997699361689,0.987896383864,93.1930059284,239,
102.0,1.328,0.206981726129,6.0,0.202132433863,0.208476488712,0.998036883351,0.983529359837,93.6958227282,239,
108.0,1.328,0.137840996989,6.0,0.135303148158,0.142782920509,0.998552420632,0.992133622381,94.366678113,239,
114.0,1.328,0.170678725394,6.0,0.174175288618,0.179881978851,0.998508755427,0.987627508551,94.4419834997,240,
120.0,1.328,0.100543443455,12.0,0.100620421399,0.109847898768,0.998570602305,0.995369357,94.5621671063,239,
126.0,1.328,0.0832186804624,6.0,0.0822379576276,0.0913087222813,0.998827102728,0.99680625892,95.1042289483,239,
