LeadTime (HRS), obsMax (m MSL), Peak (m), PLag (min), Bias(m), RMSD (m), RVal, Skil, VExp (%), nPts,
-0.0,0.706,-0.0616835888716,18.0,-0.0391805114985,0.0710945287747,0.988605023599,0.991262834049,84.7165512446,240,
6.0,0.706,0.00692751392959,6.0,0.000507705996807,0.0550381533258,0.989930890634,0.994911697998,85.8447099006,239,
12.0,0.706,0.0956730205764,0.0,0.0812435324851,0.0946520339249,0.992330008821,0.985449049321,87.5091795092,239,
18.0,0.706,0.04348799733,6.0,0.0275808096705,0.0583367514293,0.991311558789,0.994382271415,86.7785561711,239,
24.0,0.706,nan,nan,nan,nan,nan,nan,nan,0,
30.0,0.706,0.0567142414168,12.0,0.0363250935796,0.0612162148695,0.992165110091,0.993871148916,87.3194089991,239,
36.0,0.706,0.139170791982,12.0,0.116890943282,0.126032075638,0.993192767668,0.974906807973,87.8728902082,239,
42.0,0.706,0.0637926716303,6.0,0.0546445287154,0.0664671576626,0.995354619784,0.992779011091,90.2619268748,239,
48.0,0.706,0.0544219005551,6.0,0.0450384760154,0.0590969380009,0.995376687092,0.994322042565,90.1532909532,239,
54.0,0.706,0.00663712782729,6.0,0.00497761081598,0.0455527997356,0.993196860808,0.996544539375,88.3472168472,239,
60.0,0.706,0.11767818871,12.0,0.10780704611,0.113910619291,0.995860459191,0.979364617094,90.5329384092,239,
66.0,0.706,0.0181252383612,12.0,0.0265931398124,0.051619390509,0.993548008364,0.99559579422,88.6143182708,239,
72.0,0.706,0.0322846065706,6.0,0.0483821744568,0.0624198015569,0.994836204989,0.99352286636,89.8505249679,239,
78.0,0.706,-0.0163816221853,12.0,0.0116754867659,0.0419677019478,0.994739239679,0.997012851477,89.6260109447,239,
84.0,0.706,0.112924060382,12.0,0.13428307148,0.138529993494,0.996189058286,0.969298799893,91.2402300367,239,
90.0,0.706,0.0913012834638,18.0,0.0947215545566,0.102878735296,0.994841838219,0.982950578224,89.6679426716,239,
96.0,0.706,0.044031677724,6.0,0.145158451625,0.186343541048,0.957298007348,0.936384278763,69.9298181644,239,
102.0,0.706,-0.075737607797,12.0,0.043048882076,0.122777976543,0.959729868961,0.970994286466,70.4090554188,239,
108.0,0.706,-0.0161529324263,12.0,0.122608516154,0.197056597339,0.926918192338,0.921806235027,60.2993742938,239,
114.0,0.706,0.0459502688149,18.0,0.0718466592613,0.142385226605,0.948499564039,0.963948696841,68.3163328776,240,
120.0,0.706,0.0813958169786,12.0,0.137889457581,0.186859389984,0.947363805046,0.937319865861,67.5651450063,239,
126.0,0.706,0.192026096613,18.0,0.132241739172,0.154319998551,0.983591815083,0.964396246727,79.5419179643,239,
