LeadTime (HRS), obsMax (m MSL), Peak (m), PLag (min), Bias(m), RMSD (m), RVal, Skil, VExp (%), nPts,
-0.0,0.45,0.0666139002655,48.0,-0.00630753213902,0.0479555468492,0.982888416792,0.991239505381,81.519692862,240,
6.0,0.45,0.121735320726,42.0,0.0353981810556,0.0675651088717,0.977010189625,0.983441607566,77.671261699,239,
12.0,0.45,0.186999411734,30.0,0.0957167775414,0.111837291522,0.978633084811,0.957093883177,77.5573955905,239,
18.0,0.45,0.146623901608,36.0,0.0540460233001,0.0785098026228,0.978717330879,0.978166216876,77.9057445329,239,
24.0,0.45,nan,nan,nan,nan,nan,nan,nan,0,
30.0,0.45,0.162927620124,36.0,0.0717184016785,0.0928046153611,0.977328105815,0.969817916813,77.1443695649,239,
36.0,0.45,0.192990388468,36.0,0.105475457654,0.121482132641,0.975903585564,0.949343777525,76.611439653,239,
42.0,0.45,0.145027237168,30.0,0.0543172683928,0.0808705883585,0.975713388008,0.976651992091,76.7507564649,239,
48.0,0.45,0.123741517072,30.0,0.0327399515636,0.0657131907696,0.977962612839,0.984442783286,77.8906401341,239,
54.0,0.45,0.117643770097,30.0,0.0304221217447,0.0627936312767,0.979326176172,0.985734475558,78.6839513425,239,
60.0,0.45,0.163511270249,30.0,0.0796232787419,0.0950046602782,0.980960186522,0.967657721924,79.8889332404,239,
66.0,0.45,0.11507334825,36.0,0.025675668298,0.0576689952348,0.981151654822,0.98782030147,79.9622399441,239,
72.0,0.45,0.0955340384379,36.0,0.0200880363824,0.0567470127858,0.978877250455,0.987825382088,79.4055392445,239,
78.0,0.45,0.090788391572,30.0,0.0194487562047,0.0544347951395,0.980498241336,0.988736640466,80.2711468718,239,
84.0,0.45,0.178774481716,36.0,0.10564986952,0.118904590406,0.977625459505,0.948836841774,78.8297148873,239,
90.0,0.45,0.180466247182,42.0,0.0900648680704,0.107022362863,0.976189020287,0.959181243618,77.5668293014,239,
96.0,0.45,0.155385315424,-18.0,0.166720079414,0.181226674948,0.963750233512,0.877581186451,72.4310822925,239,
102.0,0.45,0.106135391039,0.0,0.120916204901,0.140938787425,0.96788820811,0.917807721448,71.9022822077,239,
108.0,0.45,0.0606304161548,30.0,0.139920504129,0.204248867212,0.854814440602,0.786869611774,42.2611764924,239,
114.0,0.45,0.100774385346,30.0,0.112945891389,0.156481674863,0.921228622609,0.887340623821,57.8949894304,240,
120.0,0.45,0.147491858677,36.0,0.149828465563,0.193833564599,0.892971453563,0.83225221849,52.2871385433,239,
126.0,0.45,0.201341239114,42.0,0.135840153532,0.152637509312,0.963107905991,0.913126392132,72.9918559106,239,
