LeadTime (HRS), obsMax (m MSL), Peak (m), PLag (min), Bias(m), RMSD (m), RVal, Skil, VExp (%), nPts,
-0.0,0.504,0.490348762035,90.0,0.327386671335,0.344864994371,0.913388910415,0.681405954677,54.738135706,240,
6.0,0.504,0.491189358209,12.0,0.332210974428,0.344936983162,0.934652193897,0.680292417078,61.065552822,239,
12.0,0.504,0.397967376725,60.0,0.284381227742,0.293540925671,0.957883268882,0.739554921168,69.4844385574,239,
18.0,0.504,0.384917028118,54.0,0.314568431148,0.319478188419,0.974692847343,0.708689903338,76.598875649,239,
24.0,0.504,0.380271623226,54.0,0.33205933351,0.335460262577,0.981605407085,0.69057527327,80.0162533811,239,
30.0,0.504,0.324889136649,54.0,0.338206192948,0.340668435009,0.986385113311,0.684450020901,82.8522841038,239,
36.0,0.504,0.270691462457,1410.0,0.294128840217,0.296505122231,0.988806387426,0.737625424542,84.2871734623,239,
42.0,0.504,0.309893381288,0.0,0.318391687493,0.320559097313,0.988754048288,0.708267723145,84.3918891774,239,
48.0,0.504,0.313517013337,0.0,0.334313507544,0.336064390764,0.990225958302,0.689608123033,85.630735081,239,
54.0,0.504,0.329574422303,0.0,0.330665001002,0.332335969238,0.991059977027,0.694568427635,86.0399396176,239,
60.0,0.504,nan,nan,nan,nan,nan,nan,nan,0,
66.0,0.504,0.297779561982,0.0,0.323252825735,0.324798270457,0.991708748343,0.702169360664,86.7150939804,239,
72.0,0.504,0.298229623773,1410.0,0.342670914065,0.344534256606,0.989421654514,0.679655251139,84.9783830688,239,
78.0,0.504,0.288655691176,6.0,0.342911486347,0.344525336372,0.991028279557,0.680579308414,86.0178129974,239,
84.0,0.504,0.29290035346,18.0,0.322510941678,0.32436630655,0.99033089977,0.703512929803,85.4570427657,239,
90.0,0.504,0.300693641138,0.0,0.335640409887,0.33731481072,0.99063257763,0.687259265695,85.9087369292,239,
96.0,0.504,0.308493637383,24.0,0.347751000387,0.349321013176,0.991094026359,0.674393149174,86.1127087984,239,
102.0,0.504,0.301812429329,0.0,0.335432205245,0.337227293925,0.99013443681,0.688034099569,85.4129417313,239,
108.0,0.504,0.271443866352,0.0,0.313032479769,0.314684161419,0.991491793521,0.714194878623,86.4832551192,239,
114.0,0.504,0.291836452042,0.0,0.32228134089,0.324204815167,0.989773705563,0.702708956657,85.196993501,239,
120.0,0.504,0.271910942264,12.0,0.330705376329,0.332541816714,0.98995487808,0.693235173235,85.3494728521,239,
126.0,0.504,0.261375007069,24.0,0.305390054011,0.307427676591,0.989847929,0.723324232128,85.1661235576,239,
