LeadTime (HRS), obsMax (m MSL), Peak (m), PLag (min), Bias(m), RMSD (m), RVal, Skil, VExp (%), nPts,
-0.0,0.411,1.29542457945,354.0,1.22214570752,1.22725203351,0.0542026091034,0.0843157074624,0.0,240,
6.0,0.411,1.28689714834,-690.0,1.22734045446,1.23254894751,0.0059271299609,0.0834823144818,0.0,239,
12.0,0.411,1.29250322694,162.0,1.22164027437,1.22621180186,0.099905239906,0.0842455037476,0.0,239,
18.0,0.411,1.30925273127,-552.0,1.22858124401,1.23358365167,0.0255579985144,0.0836478460336,0.0,239,
24.0,0.411,1.28655668415,-120.0,1.21874846625,1.22364729057,0.00532400423565,0.083411287596,0.0,239,
30.0,0.411,1.31486147694,480.0,1.22414641705,1.22898802829,0.0518665567417,0.0840685728885,0.0,239,
36.0,0.411,1.28032672451,-330.0,1.23414560593,1.23895727079,-0.0102878966507,0.0826476077026,0.0,239,
42.0,0.411,1.29180925481,480.0,1.2156170909,1.22061759543,0.0436325345268,0.083957325721,0.0,239,
48.0,0.411,1.26257256916,-132.0,1.1760117756,1.18169142836,-0.071588509433,0.0859755730768,0.0,239,
54.0,0.411,1.2663137336,114.0,1.1812259811,1.18679576378,-0.0400404991168,0.0854654903857,0.0,239,
60.0,0.411,1.3214990655,-486.0,1.18330097155,1.18978713958,-0.19296725099,0.0845803789381,0.0,239,
66.0,0.411,1.29866214572,570.0,1.22708674883,1.23179934994,0.0531398948822,0.0832781221397,0.0,239,
72.0,0.411,nan,nan,nan,nan,nan,nan,nan,0,
78.0,0.411,1.32736850903,426.0,1.1826209869,1.18855563267,-0.0578764503261,0.0861497973238,0.0,239,
84.0,0.411,1.2989801151,360.0,1.22329788452,1.22784200678,0.068172169909,0.0842642373578,0.0,239,
90.0,0.411,1.29061738301,0.0,1.2185032046,1.22344940949,0.0724381098653,0.0846965513315,0.0,239,
96.0,0.411,1.28497784997,396.0,1.23267181928,1.23764413297,-0.0281374393226,0.0832827551337,0.0,239,
102.0,0.411,1.28925888406,108.0,1.22376597045,1.22884088389,0.0442310662485,0.0837936899101,0.0,239,
108.0,0.411,1.27585278038,-408.0,1.17987748145,1.18517562046,0.148034864253,0.0872855965423,0.0,239,
114.0,0.411,1.30320968448,210.0,1.22796351808,1.23251703649,0.128623999165,0.0843700522073,0.0,239,
120.0,0.411,1.29089780448,-102.0,1.21815083657,1.22319270493,0.0479488185427,0.0838426219705,0.0,239,
126.0,0.411,1.27250896635,126.0,1.20738354548,1.21290661982,0.0420786993957,0.0847974707939,0.0,239,
