LeadTime (HRS), obsMax (m MSL), Peak (m), PLag (min), Bias(m), RMSD (m), RVal, Skil, VExp (%), nPts,
-0.0,0.202,0.209465778761,-636.0,0.07120877739,0.184427747826,0.943896253941,0.96458588018,64.1338808625,240,
6.0,0.202,0.147067468138,42.0,0.148755929391,0.190776221248,0.971860229476,0.962484127547,74.8703176693,239,
12.0,0.202,0.216546599599,54.0,0.229251182946,0.241612984856,0.98845461025,0.941164801938,83.9488658149,239,
18.0,0.202,0.158208935495,-498.0,0.173586208885,0.187324065164,0.990268922012,0.96377047614,85.1858710331,239,
24.0,0.202,0.0843073639865,54.0,0.113918476633,0.130750382917,0.992015225224,0.982010084736,86.4987799641,239,
30.0,0.202,0.11788664931,36.0,0.140569916517,0.153348250701,0.992662905428,0.975383610754,87.1066031394,239,
36.0,0.202,0.148094223118,36.0,0.181357712219,0.190829416164,0.993022734622,0.962188616703,87.4827748082,240,
42.0,0.202,0.0730665607613,42.0,0.110055342362,0.125206892738,0.992975005859,0.983404221957,87.434299321,239,
48.0,0.202,0.00273110737169,48.0,0.0331260382203,0.0655002020318,0.993739518067,0.995400549499,88.1073788914,239,
54.0,0.202,-0.00366775294049,24.0,0.0288103299664,0.0643755811295,0.993500314536,0.995557320945,87.8836968208,239,
60.0,0.202,0.100554291861,24.0,0.132084980121,0.144284865847,0.993160471897,0.977965818858,87.7790413791,239,
66.0,0.202,0.0490264347488,24.0,0.0869506005858,0.104206311991,0.993196055289,0.988337594333,87.9123047526,239,
72.0,0.202,0.0199404097049,18.0,0.0595303122664,0.083993300558,0.992555172085,0.992339460492,87.5290799002,239,
78.0,0.202,0.0111491272077,24.0,0.0576261698406,0.0826002706719,0.992533546517,0.992577986248,87.5450511172,239,
84.0,0.202,0.121971667884,18.0,0.155910762582,0.167087466703,0.992925986347,0.970872272465,87.3544124773,239,
90.0,0.202,0.107316109636,24.0,0.128848179753,0.142271014097,0.993757183794,0.979071852702,87.3034913919,239,
96.0,0.202,0.0567060829587,42.0,0.0907813597524,0.107252785068,0.993498860204,0.987734720569,87.979633946,239,
102.0,0.202,0.0566928171561,-504.0,0.120565119982,0.140135958582,0.989219847753,0.977525738541,84.9665659879,239,
108.0,0.202,0.514658129695,-492.0,0.568547496893,0.573185913006,0.989111023148,0.730869650245,84.683861949,239,
114.0,0.202,0.141583533063,-492.0,0.202753898704,0.218454376025,0.986867382713,0.945762644483,82.8846045018,239,
120.0,0.202,0.13203255094,30.0,0.179439908613,0.188767461004,0.99237930808,0.961744369414,87.6657669261,239,
126.0,0.202,nan,nan,nan,nan,nan,nan,nan,0,
