LeadTime (HRS), obsMax (m MSL), Peak (m), PLag (min), Bias(m), RMSD (m), RVal, Skil, VExp (%), nPts,
-0.0,2.141,0.403054231143,-6.0,0.41140086314,0.446274215574,0.995733065395,0.98258414748,89.9310562228,240,
6.0,2.141,0.313507707197,0.0,0.311619940917,0.346288216997,0.996702648583,0.989459453081,91.182065592,239,
12.0,2.141,0.393560686882,0.0,0.415911595054,0.442232945621,0.99680150249,0.98290358416,91.224893183,239,
18.0,2.141,0.497072194919,-6.0,0.499641478514,0.523128743125,0.996242292555,0.976465236102,90.9505254545,239,
24.0,2.141,nan,nan,nan,nan,nan,nan,nan,0,
30.0,2.141,0.373528876911,-6.0,0.371293265743,0.391812839439,0.997572610313,0.986647307802,92.6709787925,239,
36.0,2.141,0.306527872886,-6.0,0.319172208734,0.345391177111,0.997520464282,0.989492450398,92.2688276983,239,
42.0,2.141,0.457056054341,-6.0,0.457839734117,0.47395994577,0.997886897193,0.980451675754,92.8217927086,239,
48.0,2.141,0.305642270866,-6.0,0.292016269362,0.319905527374,0.997581630215,0.990973139531,92.3486901615,239,
54.0,2.141,0.35266268818,-6.0,0.341364800648,0.362978270089,0.997764611463,0.988467735542,92.7735714372,239,
60.0,2.141,0.211136318479,-6.0,0.218071474609,0.257471879346,0.997422261228,0.994108609071,91.9829471382,239,
66.0,2.141,0.434088374271,-6.0,0.434299238332,0.454441354362,0.997474717984,0.981935180194,92.1637297975,239,
72.0,2.141,0.216767971227,-6.0,0.215027542643,0.257065184362,0.997305512347,0.994113395754,91.7490838328,239,
78.0,2.141,0.325916152652,-6.0,0.351125412725,0.37599872757,0.997651416433,0.987488307089,92.1233696839,239,
84.0,2.141,0.120437513794,-6.0,0.133840798342,0.195932848606,0.997371051677,0.996556468638,91.6190100254,239,
90.0,2.141,0.420794043121,-6.0,0.423433719194,0.447099100377,0.997306329096,0.982354039055,91.5934330914,239,
96.0,2.141,0.116495709455,-6.0,0.129592039837,0.194857782561,0.997339155664,0.996586527277,91.4771320421,239,
102.0,2.141,0.306040082809,-6.0,0.337379950291,0.3640718622,0.9976627842,0.98822367569,91.9858381364,239,
108.0,2.141,0.0258719592071,-12.0,0.0489226153357,0.156123326054,0.997136057347,0.997808488585,91.3165207979,239,
114.0,2.141,0.277503590745,-6.0,0.30190616843,0.330311696536,0.997473034035,0.990436224393,92.177317414,240,
120.0,2.141,-0.0250341847559,-6.0,0.00499533032953,0.141145630694,0.997426908704,0.99822419215,91.7640559735,239,
126.0,2.141,0.189112329,-6.0,0.216999108158,0.25495564329,0.997770042894,0.994232938695,92.1853133804,239,
