LeadTime (HRS), obsMax (m MSL), Peak (m), PLag (min), Bias(m), RMSD (m), RVal, Skil, VExp (%), nPts,
-0.0,0.432,-0.144501818729,24.0,-0.0781935396036,0.0995739348956,0.688057663798,0.642453940161,12.0525099689,240,
6.0,0.432,-0.170981330116,30.0,-0.0949527308941,0.111269040461,0.712012620141,0.600412771262,17.0979658193,239,
12.0,0.432,-0.186539307128,30.0,-0.116625416822,0.131175063945,0.701352610485,0.544016256781,14.1847909471,239,
18.0,0.432,-0.195777296508,30.0,-0.12586145976,0.138322508205,0.719908926463,0.529078018181,17.9993143144,239,
24.0,0.432,-0.206789622249,48.0,-0.133347992077,0.145432859984,0.707294160975,0.511480174683,17.0456075909,239,
30.0,0.432,-0.210371088079,30.0,-0.137027277859,0.14788943254,0.724647256273,0.507787517611,20.4932658615,239,
36.0,0.432,-0.217224468569,36.0,-0.143109497033,0.153817399098,0.720313778458,0.496918233659,19.413197043,239,
42.0,0.432,-0.236547068543,36.0,-0.158094194747,0.167464139108,0.725049953636,0.471720140323,21.0649520887,239,
48.0,0.432,-0.247486483178,36.0,-0.166976785504,0.175515553841,0.727160811417,0.456227495617,22.7123666652,239,
54.0,0.432,-0.251178816259,30.0,-0.17705670207,0.18520275276,0.735650660027,0.442155252254,22.36270759,239,
60.0,0.432,nan,nan,nan,nan,nan,nan,nan,0,
66.0,0.432,-0.275922663373,30.0,-0.196022663398,0.203736320643,0.723337618836,0.414658637504,20.6248758292,239,
72.0,0.432,-0.281213919926,30.0,-0.200804371395,0.208478815597,0.718572986316,0.407666771212,19.8892954133,239,
78.0,0.432,-0.288092748267,30.0,-0.208972256321,0.216139554602,0.729073045071,0.398211942695,21.0986456865,239,
84.0,0.432,-0.218122639466,30.0,-0.142698221236,0.153238668713,0.731095936027,0.500135272039,20.166676469,239,
90.0,0.432,-0.22969067963,48.0,-0.152472229615,0.162777877678,0.722808447761,0.481763895651,18.5257431348,239,
96.0,0.432,-0.206935100378,42.0,-0.134072992436,0.145208953214,0.738865480751,0.51818970332,20.2849340464,239,
102.0,0.432,-0.202365247947,30.0,-0.127089603211,0.13729921394,0.755037573001,0.533251115978,25.7354993032,239,
108.0,0.432,-0.167890978658,36.0,-0.0903349604831,0.104848674782,0.746042633451,0.62569594253,23.9207681791,239,
114.0,0.432,-0.18749238215,24.0,-0.107316353962,0.123713281588,0.69690034569,0.564025297756,12.0227831235,239,
120.0,0.432,-0.169999990176,30.0,-0.0903867737403,0.109422564462,0.695760925346,0.609858979287,11.8446885338,239,
126.0,0.432,-0.169219645533,54.0,-0.0866446407761,0.107272577127,0.680242458169,0.613442738678,9.59525823736,239,
