LeadTime (HRS), obsMax (m MSL), Peak (m), PLag (min), Bias(m), RMSD (m), RVal, Skil, VExp (%), nPts,
-0.0,0.467,-0.112470063282,12.0,-0.0613179608657,0.0973425337912,0.99414708738,0.979368574356,79.61765776,240,
6.0,0.467,-0.184214019953,18.0,-0.11451223278,0.136165912901,0.995417591007,0.960731482569,80.1733048083,239,
12.0,0.467,-0.142140811721,18.0,-0.0829355726443,0.109902023253,0.994549682076,0.97426295923,80.5940913502,239,
18.0,0.467,-0.163585386812,18.0,-0.122800886266,0.142731746326,0.991732904929,0.957987320302,80.4229069362,239,
24.0,0.467,-0.13211309674,12.0,-0.0924591423753,0.125146539657,0.985955260838,0.966726694374,77.3038851137,239,
30.0,0.467,-0.220859442289,-6.0,-0.177908423589,0.199985336665,0.982270615516,0.919061605349,75.4200910912,239,
36.0,0.467,-0.163540554888,-12.0,-0.117197263206,0.151702318563,0.982179117222,0.950237870894,74.0783488054,239,
42.0,0.467,-0.198436376427,0.0,-0.157675745569,0.183757625857,0.982812054709,0.929432782551,74.6049737187,239,
48.0,0.467,-0.146590058844,12.0,-0.122542081938,0.158028785768,0.977862792283,0.946433055292,73.1477703123,239,
54.0,0.467,-0.199733065285,12.0,-0.191807653203,0.217089154749,0.977246347217,0.904205473469,72.6388386517,239,
60.0,0.467,nan,nan,nan,nan,nan,nan,nan,0,
66.0,0.467,-0.200288844894,6.0,-0.186433452417,0.214022371346,0.974338251756,0.906645327753,71.7705098534,239,
72.0,0.467,-0.176874906815,18.0,-0.142658458286,0.175342654354,0.97863911563,0.934486531987,72.6194852046,239,
78.0,0.467,-0.224957753729,6.0,-0.204552304007,0.230179644946,0.975245513819,0.893450864378,71.6520969779,239,
84.0,0.467,-0.159185333616,6.0,-0.136533875825,0.175374470188,0.973115346127,0.933402501202,70.4392929611,239,
90.0,0.467,-0.249227233458,18.0,-0.194019843865,0.220430677971,0.980184620886,0.899497935469,71.9013283074,239,
96.0,0.467,-0.229443455272,0.0,-0.162691344032,0.19668288347,0.978748189644,0.916044934497,70.3163523996,239,
102.0,0.467,-0.238205755323,-12.0,-0.163858819935,0.199952751512,0.975750667755,0.912854965425,69.223889302,239,
108.0,0.467,-0.201771416426,-6.0,-0.132623453613,0.165116775803,0.988470415277,0.93996453138,73.5835652308,239,
114.0,0.467,-0.196788303465,-12.0,-0.141433966555,0.176726348237,0.981712730242,0.931435615629,71.5408533553,239,
120.0,0.467,-0.163235617427,-18.0,-0.122351846911,0.161077300721,0.979573333819,0.942920571899,71.8629281735,239,
126.0,0.467,-0.136536926218,12.0,-0.113275573686,0.156126708612,0.975012628288,0.946543977204,71.1437304793,239,
