LeadTime (HRS), obsMax (m MSL), Peak (m), PLag (min), Bias(m), RMSD (m), RVal, Skil, VExp (%), nPts,
-0.0,1.3,0.303353705741,12.0,0.169683215648,0.186085273749,0.996827607214,0.987802852307,90.6868286016,239,
6.0,1.3,0.187008619866,12.0,0.0515979341242,0.077708063757,0.997745376145,0.997793267224,92.9022137324,240,
12.0,1.3,0.253410146403,6.0,0.114481909408,0.126984214451,0.998254966422,0.994184822558,93.2883048976,240,
18.0,1.3,0.203308237129,0.0,0.0817562854817,0.0989213509529,0.998032070569,0.996442313732,93.1972579911,240,
24.0,1.3,0.341060996129,0.0,0.214948703903,0.222699406197,0.998401334434,0.982526619109,92.8855370008,240,
30.0,1.3,0.191256018678,0.0,0.0744292405319,0.0939989000702,0.997949511313,0.996793067956,92.9869323128,240,
36.0,1.3,0.265197097663,0.0,0.132569643718,0.14402326867,0.998352936934,0.992576465822,93.1245509033,240,
42.0,1.3,0.210802228253,0.0,0.0868813455073,0.104060389785,0.998063946261,0.996086353656,93.0038518018,240,
48.0,1.3,0.377164674668,0.0,0.243615648126,0.250761506271,0.998449930336,0.978024742357,92.739517877,240,
54.0,1.3,0.234963898175,6.0,0.109370730365,0.124134667457,0.998087595199,0.994463498165,92.8276970796,240,
60.0,1.3,0.279720491872,6.0,0.148873159451,0.160052949929,0.998210907899,0.990861800572,92.8211776194,240,
66.0,1.3,0.22719229876,0.0,0.0995395962423,0.115677199952,0.997938716952,0.995169818256,92.8010911857,240,
72.0,1.3,0.389307382263,-6.0,0.256298708511,0.2631563546,0.99835597809,0.975815381087,92.7092770647,240,
78.0,1.3,0.286964783284,0.0,0.150103501417,0.161039594229,0.998283180133,0.990758638585,92.8744195755,240,
84.0,1.3,0.29572451797,0.0,0.158618711905,0.168707690067,0.998301991687,0.989853855666,92.9802252342,240,
90.0,1.3,0.242065538003,0.0,0.109048404927,0.123805299666,0.997997714343,0.9944768333,92.8394211073,240,
96.0,1.3,0.404030832453,0.0,0.264144097627,0.270980436351,0.998268490878,0.974381942971,92.6116359562,240,
102.0,1.3,0.342530997682,0.0,0.198858708532,0.207821678942,0.998153999147,0.984720275463,92.6250061237,240,
108.0,1.3,0.331061360726,0.0,0.195617493835,0.204086981818,0.998319249827,0.985251499184,92.8926590106,240,
114.0,1.3,0.279628508061,0.0,0.148876206767,0.159771522265,0.998276128153,0.990894129226,92.9162941854,240,
120.0,1.3,0.404862489728,0.0,0.281716162896,0.288003828757,0.998335866044,0.971172122483,92.6888696804,240,
126.0,1.3,0.402281813098,6.0,0.280157772059,0.28669987883,0.99840486471,0.971519854591,92.5611656365,240,
