LeadTime (HRS), obsMax (m MSL), Peak (m), PLag (min), Bias(m), RMSD (m), RVal, Skil, VExp (%), nPts,
-0.0,1.049,0.525047636602,24.0,0.357042541563,0.381644177402,0.978766484774,0.918990611253,78.9274895125,239,
6.0,1.049,0.580415010242,18.0,0.394946322233,0.417039009285,0.979473206502,0.905428699661,79.020016648,240,
12.0,1.049,0.628741107945,12.0,0.439440592771,0.458605942174,0.98045768267,0.88842433269,79.4498702461,240,
18.0,1.049,0.752566965529,0.0,0.544168424526,0.562744870845,0.979769652118,0.84749498452,77.5381823428,240,
24.0,1.049,0.6455734354,0.0,0.460847351857,0.481384231817,0.979049902543,0.880232386417,78.2102203647,240,
30.0,1.049,0.717434713574,0.0,0.520974905046,0.539165428209,0.980244094658,0.856705956802,78.2474061727,240,
36.0,1.049,0.688919933615,0.0,0.496459588903,0.515270078284,0.979750564173,0.866071616897,78.3907812058,240,
42.0,1.049,0.847180365012,0.0,0.617888831854,0.63651364026,0.978524495478,0.81700790965,76.0574096744,240,
48.0,1.049,0.715049801983,0.0,0.506040293296,0.526421810831,0.978459931142,0.862341953963,77.2771869448,240,
54.0,1.049,0.766750352517,0.0,0.555224494356,0.57341114341,0.979580226169,0.842407280891,77.5580805179,240,
60.0,1.049,0.67096695978,0.0,0.476314807757,0.496155129245,0.979152867267,0.87388558169,78.2419875101,240,
66.0,1.049,0.802220277619,0.0,0.587789833315,0.606243977201,0.978937248234,0.82919692843,76.7479075798,240,
72.0,1.049,0.688733506366,0.0,0.48895139612,0.510127677887,0.977827539206,0.868804592474,77.2159165947,240,
78.0,1.049,0.713291744592,0.0,0.511266567537,0.529934469621,0.979709521035,0.8601925601,78.1615490256,240,
84.0,1.049,0.707894305458,0.0,0.496371517668,0.516449074605,0.978572943953,0.865851290611,77.6628134426,240,
90.0,1.049,0.831935142908,0.0,0.60492617656,0.623021973401,0.979351442285,0.822516387971,76.6500665317,240,
96.0,1.049,0.777699118496,0.0,0.556224025072,0.576734108407,0.977881795959,0.842353465653,76.1220290098,240,
102.0,1.049,0.76954807824,0.0,0.551902449648,0.570604241522,0.978943343716,0.843458768879,77.3043379487,240,
108.0,1.049,0.708089230274,0.0,0.493586134353,0.514103049731,0.978483727459,0.867293140723,77.4770066223,240,
114.0,1.049,0.81241002127,0.0,0.58037039455,0.59919293151,0.97888252767,0.832487203884,76.6596971459,240,
120.0,1.049,0.760624978424,-6.0,0.531111094157,0.552270148951,0.977960476219,0.852873917245,76.2837748473,240,
126.0,1.049,0.683274857645,0.0,0.467478936587,0.488521268911,0.978412956557,0.877445557395,77.7831385132,240,
