LeadTime (HRS), obsMax (m MSL), Peak (m), PLag (min), Bias(m), RMSD (m), RVal, Skil, VExp (%), nPts,
-0.0,1.547,0.138924818517,12.0,0.12589656778,0.143881374991,0.997991387682,0.995665146179,93.5930049762,239,
6.0,1.547,0.188539490987,6.0,0.173684675972,0.185462341075,0.998236541045,0.992784038024,94.0052611644,240,
12.0,1.547,0.302045282583,6.0,0.276448573195,0.283334391642,0.998419977962,0.983374967372,94.2774162395,240,
18.0,1.547,0.21691235893,6.0,0.185486146524,0.195518255132,0.998414009726,0.99199336066,94.3014331901,240,
24.0,1.547,0.202403097966,0.0,0.175617969413,0.185259029815,0.998575199985,0.992818700651,94.5631601742,240,
30.0,1.547,0.188517864301,6.0,0.154964085885,0.167131649056,0.998425116118,0.994163096628,94.2296942309,240,
36.0,1.547,0.276973949715,6.0,0.231377175284,0.239997349755,0.998415648097,0.988081370298,94.1244893601,240,
42.0,1.547,0.175452873995,6.0,0.124626935665,0.13947917974,0.998548501554,0.995957215109,94.2271562521,240,
48.0,1.547,0.178558957953,6.0,0.135669004333,0.149891447926,0.99844346396,0.995322483982,94.1259089253,240,
54.0,1.547,0.0970434397177,6.0,0.0596607918719,0.086027570644,0.998492747986,0.998450466244,94.2872462529,240,
60.0,1.547,0.270880771868,6.0,0.226367160236,0.235609593827,0.998377868671,0.98853782839,93.9770706879,240,
66.0,1.547,0.128301368415,6.0,0.105074564753,0.121522087314,0.998458000328,0.996892455234,94.3729402709,240,
72.0,1.547,0.187596671963,6.0,0.171057231106,0.181297399026,0.998514486349,0.993115863393,94.463337311,240,
78.0,1.547,0.110795364026,6.0,0.109575826156,0.124674950539,0.998499302452,0.996707915559,94.5182284028,240,
84.0,1.547,0.283165258838,0.0,0.287295625276,0.293342013863,0.998507780578,0.982029765281,94.5385852982,240,
90.0,1.547,0.162572621278,0.0,0.176583235562,0.185208101162,0.998673698058,0.992753481404,94.8511553933,240,
96.0,1.547,0.3206279717,0.0,0.289143708322,0.29515966182,0.998625476167,0.982072778167,94.5351786871,240,
102.0,1.547,0.253788480459,6.0,0.221384276749,0.228808935235,0.998726219681,0.989163617818,94.671042613,240,
108.0,1.547,0.39236382311,0.0,0.372825428485,0.376569740239,0.998872005252,0.971072840723,95.1174580849,240,
114.0,1.547,0.261743961274,0.0,0.254637259125,0.260263864255,0.998785744328,0.985874304212,95.0387664286,240,
120.0,1.547,0.292015192177,0.0,0.336812534924,0.34245666223,0.998439553657,0.97537966626,94.2927894321,240,
126.0,1.547,0.297327306416,0.0,0.338090166665,0.343865957646,0.998403753266,0.975162540207,94.2151981653,240,
