LeadTime (HRS), obsMax (m MSL), Peak (m), PLag (min), Bias(m), RMSD (m), RVal, Skil, VExp (%), nPts,
-0.0,1.209,0.569083723116,18.0,0.469135710066,0.481701992646,0.982062802713,0.851815545818,80.9711897185,240,
6.0,1.209,0.56935180753,18.0,0.445684760008,0.459718642846,0.980785915755,0.861637891481,80.2458222585,239,
12.0,1.209,0.665748324765,-6.0,0.543948904426,0.555144129488,0.981942850978,0.815584612374,80.5606108119,239,
18.0,1.209,0.667561937163,-6.0,0.550664697262,0.56120072246,0.982785580512,0.812826547933,81.0323518599,239,
24.0,1.209,0.627436726356,-6.0,0.506656177231,0.51699949969,0.984255963306,0.834273118052,81.9674994378,239,
30.0,1.209,0.658307861592,0.0,0.528567572007,0.538860006112,0.98390085293,0.824105285253,81.6313503946,239,
36.0,1.209,0.621666946114,0.0,0.502250892007,0.51251187274,0.984394614755,0.836179514692,82.1176055534,239,
42.0,1.209,0.642614782258,-12.0,0.52707349606,0.536726025328,0.984626772446,0.824483210801,82.2417800196,239,
48.0,1.209,0.537996555649,-6.0,0.414746212839,0.427858070516,0.982992636374,0.87626402525,81.5798604033,239,
54.0,1.209,0.607297677035,-6.0,0.471882296081,0.483631102636,0.983127201438,0.850378138084,81.4320379467,239,
60.0,1.209,0.532146734669,0.0,0.41584209867,0.428761327967,0.983228590174,0.876004146624,81.6939899962,239,
66.0,1.209,0.62721613786,0.0,0.479802104087,0.491429924563,0.983270008507,0.848144186236,81.5002574211,240,
72.0,1.209,0.43808639041,0.0,0.329826331303,0.34825690276,0.980657159146,0.912332871872,80.4261172639,239,
78.0,1.209,0.525197171147,-6.0,0.407683491826,0.422512460346,0.981074544029,0.878787912584,80.5727264301,239,
84.0,1.209,0.376750684601,-6.0,0.283308952557,0.306562693579,0.978895651869,0.92921656945,79.4935135832,239,
90.0,1.209,0.490874719903,-6.0,0.38252926941,0.398451207405,0.980789624511,0.889691634552,80.4753107128,239,
96.0,1.209,0.355174424345,6.0,0.251877587605,0.278854539185,0.977924235142,0.940602141639,79.0492196617,239,
102.0,1.209,0.492399262313,6.0,0.377526775487,0.39355345819,0.980886092183,0.891708524225,80.5357495983,239,
108.0,1.209,0.413555759011,0.0,0.285733156469,0.309137105036,0.978432123592,0.929398196536,79.3404063514,239,
114.0,1.209,0.456674163224,6.0,0.346705197926,0.365320120128,0.979474255441,0.904503316202,79.8421407052,239,
120.0,1.209,0.353627518641,0.0,0.247846976164,0.276730742693,0.976554442465,0.941567722973,78.4474872088,239,
126.0,1.209,0.425090798544,6.0,0.331780614123,0.350224794243,0.98060775068,0.910462281315,80.3623432269,239,
