LeadTime (HRS), obsMax (m MSL), Peak (m), PLag (min), Bias(m), RMSD (m), RVal, Skil, VExp (%), nPts,
-0.0,0.293,0.200670095127,-30.0,0.171646679698,0.181974857077,0.928114621219,0.747470871572,57.2028591174,240,
6.0,0.293,0.172317566777,-30.0,0.145230043365,0.156262256702,0.933270292422,0.795529083347,59.2121016608,239,
12.0,0.293,0.156636436164,-30.0,0.13424171052,0.145643726554,0.935283680047,0.815569001195,60.0476007836,239,
18.0,0.293,0.155924477233,-84.0,0.156552713851,0.165811386926,0.939020349068,0.777170854526,61.36244818,239,
24.0,0.293,nan,nan,nan,nan,nan,nan,nan,0,
30.0,0.293,0.146180443045,-48.0,0.150064954427,0.160188971724,0.934825940695,0.786344873731,60.3359568186,239,
36.0,0.293,0.131106508139,-42.0,0.132391794994,0.143423286153,0.937090475466,0.818617102381,60.9619590652,239,
42.0,0.293,0.149207692307,-42.0,0.154272750476,0.1639559656,0.935643509042,0.778961556118,60.7136778626,239,
48.0,0.293,0.156504374469,-72.0,0.162820885395,0.171914764617,0.936831250917,0.764306373409,60.9530177552,239,
54.0,0.293,0.148918090248,-66.0,0.152625735468,0.162263267008,0.937431216132,0.78290518128,61.0126647382,239,
60.0,0.293,0.133905866076,-78.0,0.135440754448,0.146697464292,0.936511273804,0.814058430392,60.1160102563,239,
66.0,0.293,0.15482492871,-66.0,0.157563308482,0.16758403063,0.934551648012,0.774172551099,59.6027769506,239,
72.0,0.293,0.160340483474,-72.0,0.159555808457,0.169770419952,0.93441450771,0.77149863223,58.9525684985,239,
78.0,0.293,0.158995591829,-60.0,0.159884297179,0.169994146801,0.936044258272,0.771921739041,59.1293808859,239,
84.0,0.293,0.146857850407,-54.0,0.148114963387,0.158954470285,0.934251072407,0.79121433218,59.1694756697,239,
90.0,0.293,0.169420735463,-60.0,0.170223005562,0.18005306233,0.932512447678,0.752091116206,58.4716050897,239,
96.0,0.293,0.166492657217,-48.0,0.169564536762,0.179241408585,0.931375814636,0.751595056964,58.8830081682,239,
102.0,0.293,0.180276527721,-54.0,0.182281509456,0.191391561496,0.932303336175,0.73051410094,58.7077802911,239,
108.0,0.293,0.151743905551,-54.0,0.156637949273,0.166710729557,0.934371817524,0.775690544869,59.610160648,239,
114.0,0.293,0.17233498806,-48.0,0.175175290234,0.183990626945,0.93669939697,0.743972326882,60.1774641845,239,
120.0,0.293,0.154632482803,-48.0,0.160294812746,0.170141531801,0.934049325424,0.768704885448,59.5806648957,240,
126.0,0.293,0.170857645272,-60.0,0.17774412712,0.18662991757,0.935036788253,0.738881403071,59.7576216101,239,
