LeadTime (HRS), obsMax (m MSL), Peak (m), PLag (min), Bias(m), RMSD (m), RVal, Skil, VExp (%), nPts,
-0.0,0.529,0.132758834646,78.0,0.00885313441147,0.088591888749,0.939844761682,0.967697048976,63.3349004872,240,
6.0,0.529,0.08893014926,90.0,-0.0163341297648,0.0834883521962,0.947052973718,0.97104021371,65.9136349089,239,
12.0,0.529,0.171035558459,90.0,0.0345667435638,0.0901534637657,0.948423332876,0.967116862615,65.3355922927,239,
18.0,0.529,0.0966502204483,84.0,-0.0139662003342,0.082389925361,0.949029462524,0.972048703405,66.195628286,239,
24.0,0.529,nan,nan,nan,nan,nan,nan,nan,0,
30.0,0.529,0.0604426189524,84.0,-0.0515292179783,0.0969230084505,0.947652986344,0.961989811532,65.985768805,239,
36.0,0.529,0.1016397236,66.0,-0.010850981253,0.0848321185802,0.943676746642,0.97004619958,65.1384094856,239,
42.0,0.529,0.0744158844376,66.0,-0.042386465615,0.0951735575677,0.944757658942,0.963536069313,64.6915164126,239,
48.0,0.529,0.0776478263139,66.0,-0.0394368463841,0.0930972315071,0.945237034618,0.964878857072,65.0570352334,239,
54.0,0.529,0.0274699465353,60.0,-0.0857229007508,0.119450058829,0.946489213853,0.943786520236,65.5317675687,239,
60.0,0.529,0.14167025477,60.0,0.0187664204605,0.0887088039382,0.942797314008,0.967914215343,64.0752734129,239,
66.0,0.529,0.123834188696,66.0,0.00288231332893,0.0851990786752,0.944112336493,0.970173518862,64.7178282148,239,
72.0,0.529,0.166904428213,66.0,0.0369051435577,0.0959093142023,0.941349999089,0.962899979434,63.3196805593,239,
78.0,0.529,0.144222148054,66.0,0.0206919408247,0.0881289284682,0.945012474766,0.968588423931,64.5044218846,239,
84.0,0.529,0.195674981801,72.0,0.0604738268462,0.104761749974,0.946418148257,0.956539874822,64.554303465,239,
90.0,0.529,0.173011291931,66.0,0.0330610360309,0.0978851364226,0.937157070901,0.961506232894,61.8245881773,239,
96.0,0.529,0.15314476635,66.0,0.0285224645761,0.0903702797793,0.944808581938,0.966959962417,64.468876966,239,
102.0,0.529,0.12893225139,66.0,-0.00420872439085,0.0851540732391,0.94805661387,0.971137605608,64.7593909905,239,
108.0,0.529,0.215926759839,66.0,0.0730112830006,0.112641086666,0.949358539541,0.951236121893,64.4589473861,239,
114.0,0.529,0.203386143501,66.0,0.0617736860774,0.106984410707,0.949285801371,0.956297274415,63.8072051921,239,
120.0,0.529,0.214703345893,72.0,0.071148747126,0.111553825283,0.95120158756,0.952822660032,64.422619336,240,
126.0,0.529,0.156168371192,60.0,0.0338829956076,0.0913964465396,0.945650753236,0.966004121514,64.6609829176,239,
