LeadTime (HRS), obsMax (m MSL), Peak (m), PLag (min), Bias(m), RMSD (m), RVal, Skil, VExp (%), nPts,
-0.0,0.138,0.222714977528,60.0,0.369055179047,0.382821084465,0.645903963314,0.299259886322,4.358651474,236,
6.0,0.138,0.224266732339,42.0,0.368632222715,0.38254176826,0.681536741592,0.298548617238,4.0741528401,235,
12.0,0.138,0.242952605799,294.0,0.387568074131,0.400245859006,0.642600502286,0.291103790867,7.01495895779,235,
18.0,0.138,0.252365688697,282.0,0.393219016237,0.405172409706,0.713062433396,0.290096376318,9.63044467994,235,
24.0,0.138,0.255507019813,348.0,0.395944231771,0.407638206579,0.74123926854,0.289560516251,10.5760330856,235,
30.0,0.138,0.249903044141,348.0,0.392657305303,0.404636153122,0.722855445152,0.290412189551,9.67391435544,235,
36.0,0.138,0.244755323505,-42.0,0.387591164882,0.399649869793,0.793020117603,0.293618615272,9.81883304567,235,
42.0,0.138,0.247004310331,396.0,0.388259340073,0.400262737902,0.735821460625,0.292818629522,10.0819685028,235,
48.0,0.138,0.237760458668,12.0,0.380937830483,0.393234762097,0.823111109148,0.296738417578,9.52924791553,235,
54.0,0.138,0.223914952022,-6.0,0.369626074547,0.382942125585,0.730161756568,0.300138491482,6.54958103807,235,
60.0,0.138,0.222164273914,18.0,0.36845730436,0.381821025129,0.767343718948,0.30053499645,6.5975046905,235,
66.0,0.138,nan,nan,nan,nan,nan,nan,nan,0,
72.0,0.138,0.222637038338,270.0,0.368009596604,0.381817836723,0.696493502578,0.30169793255,5.75512601951,235,
78.0,0.138,0.209656483338,300.0,0.360427025292,0.37506078049,0.556809103896,0.303503813094,3.72163383934,235,
84.0,0.138,0.301552076985,318.0,0.440378993029,0.450855530318,0.743334533548,0.272325807252,12.7065053221,235,
90.0,0.138,0.345881415876,-66.0,0.476580239033,0.484925447914,0.899899423407,0.262924861605,21.3843898905,235,
96.0,0.138,0.355006094278,-78.0,0.490719296865,0.499127070402,0.886425760167,0.256316765911,19.8520619425,235,
102.0,0.138,0.3879707563,-36.0,0.517362918389,0.524865183374,0.906731242312,0.248417542836,23.8927552598,235,
108.0,0.138,0.330412681838,306.0,0.466901566584,0.476185297887,0.778184461514,0.263565055565,16.6789207305,235,
114.0,0.138,0.349481467075,-186.0,0.490527233476,0.500227588414,0.800549328394,0.252541790291,11.8493745103,235,
120.0,0.138,0.309123448282,552.0,0.456647881999,0.466925544667,0.83886111308,0.265328509056,12.1654899881,235,
126.0,0.138,0.219970447145,-132.0,0.342107364883,0.357203699742,0.40201181394,0.316276060912,5.22383355953,235,
