LeadTime (HRS), obsMax (m MSL), Peak (m), PLag (min), Bias(m), RMSD (m), RVal, Skil, VExp (%), nPts,
-0.0,4.351,0.524511994527,-720.0,1.32544545706,1.76367340841,0.934587119438,0.89818563794,61.5344435185,239,
6.0,4.351,0.16099845848,-720.0,1.01167930677,1.56589244402,0.934836189116,0.916260847202,60.7159993973,240,
12.0,4.351,0.367187784642,6.0,1.24293529622,1.75733566788,0.926315958248,0.896835935315,59.1677985279,240,
18.0,4.351,0.213319331143,0.0,1.07618809002,1.64186291412,0.926847881143,0.908373471541,59.2446952017,240,
24.0,4.351,0.362116464383,6.0,1.22006089779,1.75062225509,0.924005961822,0.897295369989,58.7363260047,240,
30.0,4.351,0.160107687484,0.0,1.0100792093,1.60782661363,0.924918671161,0.911540228425,58.8842915127,240,
36.0,4.351,0.252293426113,6.0,1.12334289403,1.70182173081,0.920784549946,0.901424808999,57.9817910273,240,
42.0,4.351,0.300118949641,0.0,1.13502168869,1.66731849999,0.928737847857,0.90672871096,59.8570505016,240,
48.0,4.351,0.240237303597,6.0,1.09914421887,1.67662100058,0.922771119021,0.904263955237,58.3868542256,240,
54.0,4.351,0.168419649627,0.0,1.0062297596,1.61623056632,0.922774401474,0.910364736122,58.4288932187,240,
60.0,4.351,0.192873769153,6.0,1.06002482472,1.66362216589,0.920351892948,0.905077367287,57.8574328552,240,
66.0,4.351,0.338902320125,6.0,1.17528874061,1.70963875663,0.925543711202,0.902077557745,59.1913447246,240,
72.0,4.351,0.189926781301,0.0,1.05368065822,1.6478053267,0.922951120014,0.906977238495,58.3598705369,240,
78.0,4.351,0.254568385228,6.0,1.11135003053,1.6771444808,0.924028517822,0.9046107908,58.71558283,240,
84.0,4.351,0.0275467326536,0.0,0.912941204757,1.57703662814,0.921020512555,0.913013714712,57.7346078073,240,
90.0,4.351,0.311581049708,6.0,1.17585252233,1.70121534673,0.928051609306,0.902923556863,59.591135976,240,
96.0,4.351,-0.00715523800856,0.0,0.870743509115,1.53611115258,0.92451539705,0.917385221912,58.4062869801,240,
102.0,4.351,0.130615809071,0.0,1.00798381293,1.61381177715,0.924553071719,0.910261834922,58.5765762567,240,
108.0,4.351,-0.15165025741,0.0,0.714407728575,1.48023331455,0.920299387618,0.921735074598,57.3893063915,240,
114.0,4.351,0.203817883441,0.0,1.07863324666,1.64274833564,0.927558260856,0.908062774202,59.2759935032,240,
120.0,4.351,-0.127879620052,0.0,0.758454996858,1.47966391125,0.924586295306,0.922348024862,58.2415816955,240,
126.0,4.351,0.0600743148155,0.0,0.957126176497,1.58185393707,0.92553170641,0.913080179873,58.605087276,240,
