LeadTime (HRS), obsMax (m MSL), Peak (m), PLag (min), Bias(m), RMSD (m), RVal, Skil, VExp (%), nPts,
-0.0,1.42,-0.125190324308,-12.0,-0.0168665249027,0.120000855899,0.978313001109,0.982948005518,76.0900515311,240,
6.0,1.42,-0.146384981266,18.0,-0.0261606299154,0.122528637738,0.980831554362,0.981942160393,75.9486896483,239,
12.0,1.42,-0.361447313577,24.0,-0.226890937106,0.251154554745,0.984554115607,0.930267907833,78.3606166406,239,
12.0,1.42,-0.377183312414,24.0,-0.233334594059,0.257239822165,0.984590781274,0.926989445145,78.2413781475,239,
24.0,1.42,-0.396337490643,24.0,-0.242218586557,0.265313575094,0.984972231136,0.92258132315,78.2468001294,239,
30.0,1.42,-0.383393705802,-6.0,-0.234506795057,0.258396025243,0.984958214647,0.926185159961,78.1971021653,239,
