LeadTime (HRS), obsMax (m MSL), Peak (m), PLag (min), Bias(m), RMSD (m), RVal, Skil, VExp (%), nPts,
-0.0,0.668,0.00603660113828,12.0,-0.0405378426345,0.0677788529716,0.843252353637,0.873958690537,37.0445182014,238,
6.0,0.668,-0.0490251908231,6.0,-0.0447752993755,0.0641179283644,0.861191783931,0.86975425941,46.5545153883,237,
12.0,0.668,0.0705644131244,6.0,0.0702998875383,0.0828151981397,0.890984979309,0.823609024539,50.1290344676,237,
12.0,0.668,0.0678660466536,6.0,0.050156790212,0.0633691894256,0.917012120487,0.887264528609,55.8829341494,237,
24.0,0.668,0.0856423768206,6.0,0.0877498251989,0.0953772658381,0.911104070209,0.774971411663,57.6760382545,237,
30.0,0.668,0.0479315600706,6.0,0.0416425444045,0.0513134156277,0.939208485555,0.913700908745,66.2246774788,237,
