LeadTime (HRS), obsMax (m MSL), Peak (m), PLag (min), Bias(m), RMSD (m), RVal, Skil, VExp (%), nPts,
-0.0,0.608,-0.00217897066185,744.0,-0.0384693644345,0.0705828422305,0.962309784404,0.971468963169,70.8522771298,240,
6.0,0.608,0.00867832231528,744.0,-0.0365605540063,0.0646521109638,0.969034604503,0.975971569342,73.7825156349,239,
12.0,0.608,-0.00719862410437,744.0,-0.0437305063734,0.0667638537361,0.972020817291,0.974376423117,75.1952835647,239,
12.0,0.608,-0.0146625120138,762.0,-0.0429059781554,0.064404117063,0.97460349656,0.976116074388,76.3839964798,239,
24.0,0.608,-0.0156165810778,756.0,-0.0432247925122,0.0648610225948,0.974128645929,0.975736621663,76.2227935299,239,
30.0,0.608,-0.016580247114,750.0,-0.0422540106422,0.0635826902815,0.975043853061,0.976676175159,76.6393020077,239,
