LeadTime (HRS), obsMax (m MSL), Peak (m), PLag (min), Bias(m), RMSD (m), RVal, Skil, VExp (%), nPts,
-0.0,0.836,-0.00192157432383,-66.0,-0.0422017133986,0.114897793539,0.944034944158,0.966119676654,65.1863615285,240,
6.0,0.836,-0.0116582523865,-84.0,-0.0413767269184,0.112828836201,0.945539584054,0.967250280933,65.8756025778,239,
12.0,0.836,-0.015350342807,-90.0,-0.0323912373158,0.107365085596,0.948255737477,0.970315346562,66.7227003186,239,
12.0,0.836,-0.0176440167332,-90.0,-0.0327669470678,0.106403096967,0.949117479765,0.970763489722,67.0901530612,239,
24.0,0.836,-0.0215792189112,-84.0,-0.0342762434876,0.107291109007,0.949313613935,0.970480751988,66.9482359711,239,
30.0,0.836,-0.0226907132451,-84.0,-0.0324999702238,0.106708205635,0.949024462318,0.970693544137,66.9580349727,239,
