LeadTime (HRS), obsMax (m MSL), Peak (m), PLag (min), Bias(m), RMSD (m), RVal, Skil, VExp (%), nPts,
-0.0,0.623,-0.115386117146,0.0,-0.113193987801,0.116116905696,0.918346748366,0.564088620387,55.8023420617,240,
6.0,0.623,-0.164678970362,0.0,-0.126825014012,0.1288052335,0.921777394608,0.511658126531,61.2003565655,239,
12.0,0.623,-0.10149384346,0.0,-0.101510122155,0.103817004894,0.936265221513,0.600944113849,62.4680720325,239,
12.0,0.623,-0.157467176174,0.0,-0.118256266271,0.120366926207,0.923137617072,0.532021359274,61.2982673733,239,
24.0,0.623,-0.124630916681,0.0,-0.106757528901,0.108455334689,0.946014975481,0.57859446313,67.0357600192,239,
30.0,0.623,-0.140602660845,0.0,-0.115322708308,0.116906683196,0.947660310229,0.539496605713,66.9251649268,239,
