LeadTime (HRS), obsMax (m MSL), Peak (m), PLag (min), Bias(m), RMSD (m), RVal, Skil, VExp (%), nPts,
-0.0,1.421,0.0427633547331,-120.0,-0.0965476929409,0.216240216697,0.945484014367,0.965119293564,66.3665042111,240,
6.0,1.421,0.0356275074012,-96.0,-0.0938711140418,0.215143191982,0.944437185215,0.965035716893,66.4163891714,239,
12.0,1.421,0.127449796014,-96.0,0.0058208242717,0.186663177262,0.948092255594,0.973334369463,67.6328038277,239,
12.0,1.421,0.108070488588,-108.0,-0.0138044784031,0.186097011553,0.949097549677,0.97371144471,67.804221575,239,
24.0,1.421,0.0856467614979,-114.0,-0.0215107804042,0.18783226899,0.948296895677,0.973126956302,67.6286254462,239,
30.0,1.421,0.0756660025887,-90.0,-0.0135450027209,0.188333681512,0.947779588129,0.973043429399,67.4118603519,239,
