LeadTime (HRS), obsMax (m MSL), Peak (m), PLag (min), Bias(m), RMSD (m), RVal, Skil, VExp (%), nPts,
-0.0,1.593,-0.171763360145,-18.0,-0.0630265317586,0.192018039337,0.976760030214,0.986180223486,78.4235133411,240,
6.0,1.593,-0.176971797988,-24.0,-0.0640880229558,0.191683203363,0.976938167896,0.986099342747,78.4521172648,239,
12.0,1.593,-0.261287536524,-24.0,-0.144551259851,0.218639805779,0.981377387943,0.98200988423,80.4338788029,239,
12.0,1.593,-0.266168979478,-24.0,-0.13435986089,0.212298769606,0.981242691076,0.98303723443,80.3939640701,239,
24.0,1.593,-0.278307953149,-24.0,-0.13153250721,0.207317549502,0.982256675269,0.983822933044,80.8857546902,239,
30.0,1.593,-0.27678118376,-30.0,-0.126578342716,0.20676563885,0.981477884631,0.983889153027,80.498827702,239,
