LeadTime (HRS), obsMax (m MSL), Peak (m), PLag (min), Bias(m), RMSD (m), RVal, Skil, VExp (%), nPts,
-0.0,1.28,0.0505413486158,24.0,-0.0370455909234,0.131597462081,0.985695862509,0.991614934739,82.8708734429,240,
6.0,1.28,-0.0841018982054,24.0,-0.113698235206,0.160969652461,0.98871385185,0.987520677684,84.5582707095,239,
12.0,1.28,-0.0266552952289,-12.0,0.0028577278988,0.0982164469233,0.991978191556,0.995325760929,86.6956707032,239,
18.0,1.28,-0.266673405581,-18.0,-0.228069476189,0.247218555882,0.992640656156,0.971098458573,87.0715913291,239,
24.0,1.28,-0.187609885719,-18.0,-0.124171144703,0.155462629899,0.992899749936,0.98836793983,87.3234644114,239,
30.0,1.28,nan,nan,nan,nan,nan,nan,nan,0,
36.0,1.28,-0.327386888602,0.0,-0.213110261769,0.231239011746,0.993576195123,0.974626052789,87.8279738309,239,
42.0,1.28,-0.30966449586,-24.0,-0.217357345478,0.234953268828,0.993696966455,0.973817362377,87.9012325045,239,
48.0,1.28,-0.313116097856,-24.0,-0.217995073852,0.23505429681,0.993977478982,0.973773039499,88.0774514714,239,
54.0,1.28,-0.291854937168,-18.0,-0.21962049509,0.236323170249,0.994071925342,0.973510064965,88.1650801532,239,
60.0,1.28,-0.205340501987,-24.0,-0.133232306787,0.15916873046,0.993994464217,0.987817030803,88.189692351,239,
66.0,1.28,-0.32808455592,12.0,-0.231289209469,0.247452568904,0.993970642997,0.971020679582,88.0701992507,239,
72.0,1.28,-0.213822181017,6.0,-0.111301206456,0.141089424947,0.994033658065,0.990406240533,88.2408591909,239,
78.0,1.28,-0.318110255734,12.0,-0.230053689159,0.245552369596,0.994321011615,0.971467700306,88.3563870202,239,
84.0,1.28,-0.198523663999,-24.0,-0.100408228533,0.131522712339,0.994369346459,0.991646099586,88.4793401141,239,
90.0,1.28,-0.284115150892,-18.0,-0.191034298924,0.208594202176,0.994607383735,0.979257911175,88.63927632,239,
96.0,1.28,-0.209512331786,6.0,-0.125469621356,0.148904243104,0.995184039291,0.989315946223,89.1253057676,239,
102.0,1.28,-0.324573953305,12.0,-0.241331883794,0.254604153933,0.995085660404,0.969420396153,88.9972270601,239,
108.0,1.28,-0.155461162118,6.0,-0.0768804246753,0.113380495041,0.994590863818,0.993784934796,88.6984409851,239,
114.0,1.28,-0.232845174326,-24.0,-0.168547807696,0.18811108081,0.994635668432,0.983062927648,88.6717194669,239,
120.0,1.28,-0.217582627976,-24.0,-0.125781897382,0.151596663777,0.994562859418,0.988879648902,88.5131993827,240,
126.0,1.28,-0.316035645389,6.0,-0.230413055269,0.245430198415,0.994764047296,0.971423051122,88.5443879482,239,
