LeadTime (HRS), obsMax (m MSL), Peak (m), PLag (min), Bias(m), RMSD (m), RVal, Skil, VExp (%), nPts,
-0.0,2.021,0.893294408064,0.0,1.01543591617,1.00571502794,0.985842868822,0.894719174346,90.7863536368,238,
6.0,2.021,0.944245788376,-42.0,1.12191754329,1.11576481903,0.984530354719,0.87496252859,88.8872272912,237,
12.0,2.021,1.12898038023,-42.0,1.31735565955,1.3121222797,0.983555447792,0.836994522774,87.710887201,237,
18.0,2.021,0.778368131668,-30.0,0.961579020092,0.952189789288,0.986842079641,0.904925406821,91.1693357064,237,
24.0,2.021,0.718947652682,-30.0,0.870244069861,0.859951846513,0.987375261927,0.920769090967,91.9619989853,237,
30.0,2.021,nan,nan,nan,nan,nan,nan,nan,0,
36.0,2.021,0.683217654794,-24.0,0.862253198152,0.855675106502,0.986119627206,0.921496549207,90.4158795632,237,
42.0,2.021,0.684724159693,-30.0,0.858374841722,0.851648188771,0.986210478513,0.922151646052,90.5002057974,237,
48.0,2.021,0.681267954424,-30.0,0.855313960441,0.848274497546,0.986290759907,0.922871164819,90.6358622574,237,
54.0,2.021,0.667424263262,-24.0,0.842515448557,0.834826237475,0.98655285446,0.924995464417,90.9527674349,237,
60.0,2.021,0.584175960276,-24.0,0.752245489889,0.745438721264,0.986642095954,0.939186531798,91.1047766456,237,
66.0,2.021,0.607044163212,-24.0,0.782667534831,0.7747674529,0.986945654357,0.934715611265,91.3797338697,237,
72.0,2.021,0.551331907374,-24.0,0.738199611942,0.731319945879,0.986869546781,0.941418718193,91.2564982055,237,
78.0,2.021,0.603308110314,-24.0,0.784755189929,0.776867375737,0.986915155728,0.934314522365,91.3537956894,237,
84.0,2.021,0.684812328634,-18.0,0.871982525452,0.862620128345,0.987116978474,0.920531546248,91.5504151942,237,
90.0,2.021,0.724481013648,-24.0,0.916184687409,0.906636407617,0.987133236049,0.912764522383,91.4469508615,237,
96.0,2.021,0.693081831505,-18.0,0.888344879138,0.879668025558,0.986982796594,0.917211931244,91.1938922004,237,
102.0,2.021,0.708257174586,-18.0,0.907821633612,0.898394296712,0.987226648,0.914075293272,91.4548878519,237,
108.0,2.021,0.772762493974,-18.0,0.972059100999,0.961895770762,0.987303857928,0.902812207032,91.5179473617,237,
114.0,2.021,0.721846559549,-24.0,0.920694236008,0.911118404259,0.987324318828,0.911759133469,91.4854700273,237,
120.0,2.021,0.784315167772,-18.0,0.977680534591,0.967119355212,0.987597545515,0.901331743614,91.727662835,238,
126.0,2.021,0.786056306299,-18.0,0.970828202253,0.958875645615,0.987963238969,0.902748195289,92.408056635,237,
