LeadTime (HRS), obsMax (m MSL), Peak (m), PLag (min), Bias(m), RMSD (m), RVal, Skil, VExp (%), nPts,
-0.0,1.214,-0.260311971261,0.0,-0.0505248406899,0.182230075316,0.993917817769,0.980388831563,76.047171869,240,
6.0,1.214,-0.179114855806,0.0,0.0221118199146,0.18130307022,0.993971109238,0.980211938227,75.2847329219,239,
12.0,1.214,-0.262230467628,0.0,-0.0440123428212,0.186622135336,0.993395787097,0.979049847112,75.0912960664,239,
18.0,1.214,-0.188221878018,0.0,0.00307020432527,0.174664654648,0.993983962932,0.981797172945,76.0143072224,239,
24.0,1.214,-0.202633947496,0.0,-0.00754506846759,0.18642481237,0.992667546916,0.978936803997,74.4163754791,239,
30.0,1.214,-0.146531089988,0.0,0.0374130750226,0.173742500249,0.994402654353,0.982128650054,76.6970759838,239,
36.0,1.214,-0.102811231357,0.0,0.0838926375925,0.186083367882,0.995063733151,0.979641475092,77.1869855363,239,
42.0,1.214,-0.086517384499,0.0,0.100191472715,0.191668393624,0.994960293604,0.978547999453,77.5582200633,239,
48.0,1.214,-0.0654051189597,0.0,0.112580626155,0.195145942314,0.995425360593,0.977905959641,78.1074847006,239,
54.0,1.214,-0.0668373419803,0.0,0.113086465927,0.203772921624,0.994671001626,0.975566112516,76.718077226,239,
60.0,1.214,nan,nan,nan,nan,nan,nan,nan,0,
66.0,1.214,-0.0533272461937,0.0,0.132769462672,0.208176647705,0.996547750089,0.97469216367,77.9435368196,239,
72.0,1.214,0.00554736693781,0.0,0.161251084808,0.216413349581,0.996742414478,0.973466962798,80.145418968,239,
78.0,1.214,-0.0689905759594,0.0,0.114710145821,0.18902377011,0.99741390345,0.979350576917,79.333472767,239,
84.0,1.214,-0.0172352766217,0.0,0.167976831738,0.230358022898,0.997058444196,0.969285328417,78.3160885542,239,
90.0,1.214,-0.0595169167623,0.0,0.138747262904,0.214814582778,0.996360423447,0.972937244391,77.4410754184,239,
96.0,1.214,0.0193543482709,0.0,0.18641432127,0.237542003833,0.996742585705,0.96804969995,79.7476580166,239,
102.0,1.214,-0.0773165685529,0.0,0.106648193384,0.192297672793,0.99657775133,0.978334248974,77.9887209951,239,
108.0,1.214,0.0446333993892,0.0,0.211923805179,0.257532335721,0.996015838945,0.962840271982,79.8716956326,239,
114.0,1.214,0.0146423673479,0.0,0.181943991634,0.227986069988,0.996991630495,0.970973062349,81.1018634596,239,
120.0,1.214,0.141972961655,0.0,0.276974175021,0.306426179605,0.996034168029,0.949666465787,81.968684483,239,
126.0,1.214,0.0782970029518,0.0,0.256247753915,0.295141424342,0.996941035003,0.951594936036,79.8555588889,239,
