LeadTime (HRS), obsMax (m MSL), Peak (m), PLag (min), Bias(m), RMSD (m), RVal, Skil, VExp (%), nPts,
-0.0,0.896,0.0296740377345,-6.0,-0.05483854214,0.100292687253,0.992376371192,0.993855732964,87.1688193445,240,
6.0,0.896,0.0691677716273,1416.0,0.0328800161737,0.087247477179,0.993318689086,0.995273402929,87.6099197555,239,
12.0,0.896,0.0169650148087,1416.0,-0.0236717697009,0.0856485077821,0.992977538318,0.995447229264,87.3803268737,239,
18.0,0.896,0.0886851915647,1416.0,0.0435204606915,0.093141066596,0.992647472543,0.994660958146,87.3748207666,239,
24.0,0.896,0.0611261101343,1416.0,0.00896813495687,0.0794379296538,0.993296287581,0.99611648684,87.8988702331,239,
30.0,0.896,0.120167512465,1416.0,0.0899324118868,0.121392744169,0.99283897663,0.990959521753,87.4991185213,239,
36.0,0.896,0.146135737181,1416.0,0.108328218892,0.13611644604,0.992726274476,0.988639655796,87.3641608894,239,
42.0,0.896,0.170359455374,1416.0,0.142666277541,0.164581227118,0.992688084349,0.983528783982,87.4195027864,239,
48.0,0.896,0.17385260438,1416.0,0.139766433693,0.16321383335,0.992330377009,0.983748503682,87.0777570829,239,
54.0,0.896,0.190584419028,1416.0,0.157660161535,0.179131124408,0.992394220919,0.980388916827,86.9626426564,239,
60.0,0.896,nan,nan,nan,nan,nan,nan,nan,0,
66.0,0.896,0.222816458543,1410.0,0.192010049491,0.210779116001,0.991925117962,0.973092861187,86.6721683969,239,
72.0,0.896,0.250568482371,1410.0,0.223383335875,0.240458593572,0.991408249209,0.96532046067,86.3583184954,239,
78.0,0.896,0.209420600872,1410.0,0.182563734446,0.202912100735,0.991557520674,0.975012780864,86.4242878005,239,
84.0,0.896,0.27605254633,1410.0,0.246759724674,0.262637014069,0.991261969981,0.95885660643,86.2147219402,239,
90.0,0.896,0.270022815666,1410.0,0.229442728043,0.247289619437,0.990704040137,0.963356679138,85.8610268106,239,
96.0,0.896,0.324139978646,1410.0,0.286346045609,0.30002527234,0.991438141305,0.946921300061,86.2717113029,239,
102.0,0.896,0.245556953791,1410.0,0.220128150791,0.236543451249,0.992072914625,0.966311928574,86.7283264299,239,
108.0,0.896,0.348497396142,1410.0,0.320528421445,0.331756088388,0.99200520884,0.936417552071,86.8821529354,239,
114.0,0.896,0.352827275278,1410.0,0.322544702611,0.334479143312,0.991595886134,0.935073390581,86.4265304934,239,
120.0,0.896,0.428654820002,1410.0,0.396463269775,0.405131379875,0.992505721035,0.908395132459,87.2227060986,239,
126.0,0.896,0.374195517271,1410.0,0.347573545187,0.35842197983,0.991713356963,0.926429209306,86.5852129574,239,
