LeadTime (HRS), obsMax (m MSL), Peak (m), PLag (min), Bias(m), RMSD (m), RVal, Skil, VExp (%), nPts,
-0.0,0.837,0.124267493763,18.0,0.00640027377596,0.0368910627661,0.996907723489,0.998368285857,92.0026973912,240,
6.0,0.837,0.147048305792,18.0,0.0952717539256,0.100520355255,0.997517814613,0.987641490476,92.9101098683,239,
12.0,0.837,0.0883270868449,24.0,0.0248985155901,0.04303735393,0.997094988309,0.997760695054,92.2361984834,239,
18.0,0.837,0.156062197258,24.0,0.0945908014775,0.101048938453,0.997382088011,0.987975705747,92.1385567418,239,
24.0,0.837,0.122421174551,24.0,0.0878299046408,0.0972794213267,0.996050985481,0.988766536514,90.7500567654,239,
30.0,0.837,0.16699634767,6.0,0.14145779403,0.14737233526,0.996095968265,0.974556747478,90.8588276181,239,
36.0,0.837,0.0895910348944,18.0,0.0359520601945,0.0548602911473,0.996351443506,0.996425754515,90.8353047265,239,
42.0,0.837,0.092978293875,18.0,0.0303853639467,0.0645851667074,0.992376225589,0.994980882083,87.3954788093,239,
48.0,0.837,0.0290042256249,18.0,-0.00289713424534,0.0429977132924,0.995744404378,0.997775391697,90.5119403283,239,
54.0,0.837,0.0557167257492,6.0,0.00785158870903,0.0630298812211,0.990620522822,0.99517877997,86.1684578052,239,
60.0,0.837,nan,nan,nan,nan,nan,nan,nan,0,
66.0,0.837,0.0595062339527,6.0,-0.0119401251939,0.0778511271514,0.985932518852,0.992676468877,82.9959875801,239,
72.0,0.837,0.0392404457734,18.0,-0.0540555172845,0.100007834477,0.983278679507,0.987991742637,81.4023178379,239,
78.0,0.837,0.0750560831631,12.0,0.00643853109372,0.0481813247728,0.994759603172,0.997216295749,89.4458934875,239,
84.0,0.837,0.100454185863,12.0,0.0689643573836,0.0847872895134,0.994057594339,0.9912493731,89.0979338448,239,
90.0,0.837,0.0971087796161,18.0,0.0214895302648,0.0596598063201,0.992670936543,0.995707278544,87.6984289435,239,
96.0,0.837,0.0953747759984,18.0,0.0728161611951,0.117708801874,0.978956758661,0.982874958489,79.5582081644,239,
102.0,0.837,0.0431773684407,18.0,0.140966103492,0.166588927248,0.981057012434,0.965021424154,80.3785835907,239,
108.0,0.837,-0.021226676425,24.0,0.145898946894,0.179394066533,0.974392243293,0.958278231897,76.9280885205,239,
114.0,0.837,0.026505844083,24.0,0.156353485038,0.17949811722,0.980917263183,0.960339470086,80.5125822064,239,
120.0,0.837,0.0178226019616,1428.0,0.14740218266,0.185725441765,0.968826376206,0.955849926477,75.0257770817,239,
126.0,0.837,0.0308856334241,12.0,0.100402435798,0.131240878632,0.982398852318,0.978653729427,81.3185084556,239,
