LeadTime (HRS), obsMax (m MSL), Peak (m), PLag (min), Bias(m), RMSD (m), RVal, Skil, VExp (%), nPts,
-0.0,0.707,0.77794026081,12.0,0.182920255167,0.373518073559,0.98539950408,0.908043005391,28.5910605992,240,
6.0,0.707,0.669799007087,18.0,0.106811922765,0.329534642623,0.981797788663,0.925212365334,31.7828905768,239,
12.0,0.707,0.69760413912,18.0,0.128646754215,0.338003442291,0.980910949928,0.921557706869,31.6034151048,239,
18.0,0.707,0.678294321779,24.0,0.116740485685,0.331356514425,0.980099371911,0.923995164112,32.1402325903,239,
24.0,0.707,0.721811753009,24.0,0.156288642493,0.352438129511,0.980376273848,0.915562106014,30.8756347582,239,
30.0,0.707,0.620505481842,24.0,0.0679216828776,0.317332936544,0.979765535475,0.929773014951,32.1691559155,239,
36.0,0.707,0.700746978924,24.0,0.140989213732,0.345388651463,0.978809845117,0.918274193676,31.0043006886,239,
42.0,0.707,0.668996303279,24.0,0.108999005845,0.333470773499,0.978335855735,0.923286128832,31.0367148457,239,
48.0,0.707,0.732977385135,24.0,0.161322973563,0.35914905314,0.977773792381,0.912649103092,29.7840558362,239,
54.0,0.707,0.640441139527,24.0,0.0831217178124,0.326076807976,0.977426797981,0.92625547408,31.0037792923,239,
60.0,0.707,nan,nan,nan,nan,nan,nan,nan,0,
66.0,0.707,0.735593820417,18.0,0.162307908788,0.352987047636,0.984713475769,0.915928124236,31.4263944727,239,
72.0,0.707,0.785638621709,18.0,0.209035419434,0.379666789656,0.984556719729,0.904430456839,30.6646487667,239,
78.0,0.707,0.7048270837,24.0,0.136118147761,0.339047107467,0.985060631506,0.921686506985,32.0684066847,239,
84.0,0.707,0.785628142967,18.0,0.219595966505,0.383239841271,0.984201807341,0.902397090721,31.2889088015,239,
90.0,0.707,0.764681523121,18.0,0.187915631703,0.366569179071,0.98470674713,0.910093474298,31.1461709491,239,
96.0,0.707,0.818238601317,18.0,0.232726082283,0.395077021697,0.984688401881,0.897691021005,30.1580140044,239,
102.0,0.707,0.725309393561,24.0,0.153176549139,0.347744696498,0.984432752657,0.918016642399,31.7035632396,239,
108.0,0.707,0.790926216699,18.0,0.213337136038,0.379360598683,0.983452914514,0.903967693385,31.3755596947,239,
114.0,0.707,0.792040718379,18.0,0.215057055332,0.38224247514,0.984494568855,0.903141189651,30.8690166199,239,
120.0,0.707,0.780306803651,18.0,0.211732020812,0.380915956655,0.983679466154,0.903642708628,30.7283689815,239,
126.0,0.707,0.710583605828,24.0,0.142665609724,0.342612888365,0.983054894175,0.919905945908,31.8555138208,239,
