LeadTime (HRS), obsMax (m MSL), Peak (m), PLag (min), Bias(m), RMSD (m), RVal, Skil, VExp (%), nPts,
-0.0,1.131,0.0028958874995,-732.0,0.0404520653528,0.0863842115292,0.995294684642,0.996981228984,90.3043686179,240,
6.0,1.131,0.0283336697099,-12.0,0.0601021735819,0.102648610652,0.994551426055,0.995663840557,89.4464073328,239,
12.0,1.131,0.0788704258468,-18.0,0.104073794455,0.141494574239,0.992621221751,0.991824863924,87.8423450462,239,
18.0,1.131,0.138014527575,-18.0,0.170636663595,0.192181918431,0.993761333195,0.985017165946,88.7868466186,239,
24.0,1.131,0.171501395363,-18.0,0.180202468656,0.192448756945,0.996336578834,0.985148933158,91.4323700424,239,
30.0,1.131,0.277165908257,-12.0,0.265167663264,0.274633848071,0.99588225822,0.97037438714,90.9340833522,239,
36.0,1.131,0.124859355436,-6.0,0.129613009206,0.148554478422,0.995782395709,0.991198419988,90.7940799352,239,
42.0,1.131,0.204108816604,0.0,0.156652139187,0.17596785035,0.995094550455,0.987867326937,89.834313593,239,
48.0,1.131,0.139204239871,-30.0,0.0966888242625,0.121043503619,0.995733069434,0.994115498057,90.7645119578,239,
54.0,1.131,0.213395187649,-18.0,0.179840286215,0.199989664011,0.994086739301,0.984346679655,88.9048645743,239,
60.0,1.131,nan,nan,nan,nan,nan,nan,nan,0,
66.0,1.131,0.12557072503,-768.0,0.0771247846915,0.170632053777,0.983700862346,0.988830009677,80.6844600914,239,
72.0,1.131,0.024357426275,-774.0,-0.0289415752461,0.164852181063,0.981516631921,0.989577428582,79.4047103306,239,
78.0,1.131,0.148084481988,-768.0,0.150881605416,0.189369014283,0.989657983279,0.985802382207,85.4778760487,239,
84.0,1.131,0.0371267162671,-774.0,0.0547835300095,0.122235918318,0.990381435665,0.993962403173,86.1330644425,239,
90.0,1.131,0.138170732033,-708.0,0.0869316409708,0.197364381978,0.97911588283,0.985333891709,77.5143390368,239,
96.0,1.131,0.108075459996,-30.0,0.0464208642598,0.103055570484,0.995093515206,0.995952304837,88.3238670492,239,
102.0,1.131,0.274664554879,60.0,0.253520958248,0.280630865279,0.988743116289,0.969522372843,84.7289917464,239,
108.0,1.131,0.0932733840065,48.0,0.100948129328,0.137353245113,0.993494456762,0.992598185069,88.1800450306,239,
114.0,1.131,0.0973870002464,30.0,0.132392717032,0.15221220396,0.995713843799,0.990890115915,90.4689939243,239,
120.0,1.131,0.0275759030239,42.0,0.0115188463212,0.0922272812132,0.993881501332,0.996665069384,88.387740022,239,
126.0,1.131,0.0461239034421,30.0,0.0918923239785,0.129527472409,0.993418108422,0.993318930631,88.4155243717,239,
