LeadTime (HRS), obsMax (m MSL), Peak (m), PLag (min), Bias(m), RMSD (m), RVal, Skil, VExp (%), nPts,
-0.0,0.634,0.276710034037,-60.0,0.032339611893,0.114536932225,0.989579086809,0.990053975591,79.6313690195,240,
6.0,0.634,0.325717940572,-24.0,0.0773397727482,0.133745023359,0.989872090746,0.986472084938,79.7514715047,239,
12.0,0.634,0.178615601933,-36.0,-0.0318920776893,0.112593123477,0.990327575138,0.990384120622,79.9619023285,239,
18.0,0.634,0.274505428404,-36.0,0.0962631857851,0.142563186014,0.990800927348,0.984634536741,80.4864241258,239,
24.0,0.634,0.217978582851,-18.0,0.0329070499047,0.110717009635,0.991035257978,0.99070331199,80.3828271577,239,
30.0,0.634,0.239579827453,-24.0,0.0470662775865,0.115505694945,0.991281497247,0.9899045278,80.4259265455,239,
36.0,0.634,0.117563818354,-30.0,-0.0542509480657,0.118773259894,0.99120884554,0.989330648874,80.3928884736,239,
42.0,0.634,0.260411334614,-18.0,0.0853375363324,0.135365754158,0.991907380262,0.986242998417,80.5007842548,239,
48.0,0.634,0.21446516377,-30.0,0.0324282145185,0.110082662211,0.991904707502,0.990860258663,80.4785353856,239,
54.0,0.634,0.192094329469,-24.0,0.00913492323778,0.106323136351,0.991383675893,0.991447628679,80.3426871233,239,
60.0,0.634,0.127675249002,-30.0,-0.0581145967962,0.120108862225,0.991024418042,0.989062854065,80.4942156845,239,
66.0,0.634,0.263484582893,-18.0,0.0819754102422,0.131820320835,0.991845537222,0.986886984647,80.8435447409,239,
72.0,0.634,0.214499863092,-24.0,0.062430923801,0.118332325416,0.992028767325,0.989358098897,81.3460141729,239,
78.0,0.634,0.177059277883,-30.0,0.000846098927443,0.104375640954,0.991429965981,0.991730416995,80.6317621341,239,
84.0,0.634,0.12677551505,-30.0,-0.052600006523,0.117632039026,0.991215298435,0.989522363691,80.475067236,239,
90.0,0.634,0.239102847592,-30.0,0.0650299972586,0.122040642252,0.991024737033,0.988664809319,80.8360064062,239,
96.0,0.634,nan,nan,nan,nan,nan,nan,nan,0,
102.0,0.634,0.172036135058,-30.0,-0.00586600326045,0.105400872661,0.99010623432,0.991506637224,80.4871555485,239,
108.0,0.634,0.158381616336,-30.0,-0.0256442142837,0.108194931971,0.990927789856,0.991111814015,80.5104408593,239,
114.0,0.634,0.259696641387,-30.0,0.0803117972218,0.13009963972,0.991616037801,0.987192304211,81.0221795032,239,
120.0,0.634,0.312034534591,-24.0,0.133949735226,0.169247708162,0.991709718455,0.978590811064,80.8182750077,239,
126.0,0.634,0.166849663135,-24.0,0.00762802236553,0.103539366382,0.99116788793,0.9918355626,80.854191948,239,
