LeadTime (HRS), obsMax (m MSL), Peak (m), PLag (min), Bias(m), RMSD (m), RVal, Skil, VExp (%), nPts,
-0.0,0.22,0.450268983658,-60.0,0.151376237821,0.183661804228,0.955006913191,0.893576580901,56.7091755364,240,
6.0,0.22,0.2598462722,-24.0,0.104170409018,0.140778200572,0.963114584986,0.933786811172,60.5718579289,239,
12.0,0.22,0.314203934167,-18.0,0.194087631535,0.207258045228,0.98369222173,0.86842657456,69.7280037122,239,
18.0,0.22,0.308793584561,-24.0,0.191678767899,0.204273071939,0.985068759625,0.871522103945,70.5970890984,239,
24.0,0.22,0.290428317998,-24.0,0.180425329302,0.192727084456,0.985844585951,0.882880938685,71.789633684,239,
30.0,0.22,0.247844811408,-24.0,0.135430956309,0.150943187494,0.986598018295,0.924187082603,72.2485234842,239,
36.0,0.22,0.350890431258,-24.0,0.236910085919,0.246365397885,0.985805072362,0.824264171232,71.8539553761,239,
42.0,0.22,0.34122662138,0.0,0.245897682754,0.254828880055,0.985987094054,0.814472705485,72.155641569,239,
48.0,0.22,0.31126865639,6.0,0.222560057894,0.231656705287,0.987643763651,0.84023326262,73.2357968318,239,
54.0,0.22,0.265982418306,6.0,0.173074693433,0.184896322708,0.988363860219,0.891325976143,72.9140134365,239,
60.0,0.22,0.350956315379,0.0,0.257699612353,0.265475625752,0.987895254913,0.802302085749,73.4426859701,239,
66.0,0.22,0.365958653709,-6.0,0.273524683438,0.28082400008,0.988692909671,0.785872930054,73.5141039287,239,
72.0,0.22,0.319008965962,-12.0,0.223385147721,0.231836271652,0.989346371922,0.840067060634,74.1743870443,239,
78.0,0.22,0.258262381273,-12.0,0.167394838182,0.179060276153,0.988884548573,0.896950376652,73.5298701805,239,
84.0,0.22,0.380037870444,-12.0,0.291283586312,0.297704520787,0.989639882095,0.766322684085,74.3944304539,239,
90.0,0.22,0.415366282934,-6.0,0.3275193271,0.333735617128,0.987415905623,0.728007499854,73.3048626903,239,
96.0,0.22,nan,nan,nan,nan,nan,nan,nan,0,
102.0,0.22,0.300118097367,-18.0,0.215494648377,0.22498749249,0.985774593414,0.847529234255,73.1953142088,239,
108.0,0.22,0.430239404585,-18.0,0.341327729524,0.346944540384,0.98858738788,0.715190495977,74.2264981756,239,
114.0,0.22,0.495935494926,-12.0,0.417995157288,0.422734648295,0.988439873426,0.641709137073,73.8336908834,239,
120.0,0.22,0.441827968066,-12.0,0.355865835156,0.361540555583,0.98754248333,0.700274332106,73.5513658428,239,
126.0,0.22,0.401524161882,-12.0,0.316432940443,0.322834334213,0.987682243282,0.740484138752,73.4828465728,239,
