LeadTime (HRS), obsMax (m MSL), Peak (m), PLag (min), Bias(m), RMSD (m), RVal, Skil, VExp (%), nPts,
-0.0,0.664,0.304226633651,-6.0,0.252944356668,0.266314870044,0.971371420397,0.871549672162,75.8344217221,240,
6.0,0.664,0.276404597713,-6.0,0.238683534593,0.249562404717,0.977745416932,0.884363411383,78.809560887,239,
12.0,0.664,0.266754262521,0.0,0.23100851177,0.241484950728,0.979265413837,0.89096238745,79.5433984688,239,
18.0,0.664,0.302994274811,-24.0,0.257459671466,0.266745332319,0.979585299867,0.870803267693,79.7144993699,239,
24.0,0.664,0.331403599656,-18.0,0.309599639826,0.316549774726,0.981739098596,0.829382156721,80.8193046736,239,
30.0,0.664,0.269283834645,-6.0,0.24981303294,0.257849333125,0.982890440937,0.878096707041,81.4286146925,239,
36.0,0.664,0.280543259867,0.0,0.256919242769,0.264891873452,0.982464286441,0.871948602336,81.2463318388,239,
42.0,0.664,0.295136880681,6.0,0.28051435586,0.287462268808,0.983382043623,0.853512542743,81.7349377856,239,
48.0,0.664,0.365798399366,6.0,0.365193987294,0.370008722841,0.985030270711,0.782827927285,82.7010991665,239,
54.0,0.664,0.288801225922,-18.0,0.274325881442,0.280389640956,0.985706210805,0.858535811193,83.1369982832,239,
60.0,0.664,0.286985520236,-18.0,0.273022467098,0.278959851384,0.986071818021,0.859819480004,83.3548044033,239,
66.0,0.664,0.287519488291,-18.0,0.282149657399,0.287960148878,0.98593778245,0.852581661724,83.2654349021,239,
72.0,0.664,0.399515685199,-18.0,0.393874127053,0.397952974,0.986288348098,0.758993244997,83.4760974162,239,
78.0,0.664,0.300528647304,-18.0,0.284547902458,0.290257635558,0.986076950057,0.850716752838,83.3429873308,239,
84.0,0.664,0.291223865521,-18.0,0.279699904218,0.285684063441,0.985692323794,0.854920213129,83.0877240888,239,
90.0,0.664,0.294624568554,-12.0,0.285535881963,0.291489849113,0.985424304156,0.849446616879,82.9576473624,239,
96.0,0.664,nan,nan,nan,nan,nan,nan,nan,0,
102.0,0.664,0.323935510733,-12.0,0.311471128664,0.315949822076,0.98806284243,0.828848054457,84.533529708,239,
108.0,0.664,0.293400187826,-18.0,0.285215928872,0.289950416383,0.988426990577,0.850776421262,84.7745808582,239,
114.0,0.664,0.299374717668,-24.0,0.285917740843,0.290393970126,0.989029925102,0.850550557047,85.1809309764,239,
120.0,0.664,0.444544748648,-18.0,0.430054502484,0.433218029249,0.98840423652,0.72966353211,84.7526013845,239,
126.0,0.664,0.351220620482,-12.0,0.337756532594,0.342042292099,0.987598450098,0.806206452429,84.2514657357,239,
