LeadTime (HRS), obsMax (m MSL), Peak (m), PLag (min), Bias(m), RMSD (m), RVal, Skil, VExp (%), nPts,
-0.0,0.479,-0.0554565665166,-6.0,-0.0773001120933,0.0800300744151,0.99743007089,0.979329636227,92.395371032,240,
6.0,0.479,-0.0938375625259,-12.0,-0.112230313897,0.113452144469,0.998302030259,0.959082062726,93.8998874081,239,
12.0,0.479,-0.0992428425434,-6.0,-0.115365141733,0.116416349749,0.998579045363,0.957163982356,94.2658748984,239,
18.0,0.479,-0.126788078648,0.0,-0.136522726816,0.137454418548,0.998466939937,0.941291731253,94.1308292554,239,
24.0,0.479,-0.105469805035,0.0,-0.113915389468,0.115087939901,0.998500600917,0.958238752657,93.980365546,239,
30.0,0.479,-0.125964715702,6.0,-0.131967045042,0.132995346952,0.99838968836,0.94489437463,93.9363253005,239,
36.0,0.479,-0.125009767156,6.0,-0.12932575797,0.130472457678,0.998248524373,0.946892029958,93.6594579331,239,
42.0,0.479,-0.125541629411,0.0,-0.126304266167,0.127379936529,0.998368550837,0.949139943707,93.9316619174,239,
48.0,0.479,-0.108494957606,12.0,-0.11287681651,0.114090220135,0.998419433204,0.95886333605,93.9036836848,239,
54.0,0.479,-0.112553213015,6.0,-0.116561448443,0.117978580935,0.998020682019,0.956097392454,93.3027398282,239,
60.0,0.479,-0.146750947942,6.0,-0.150542965102,0.151639333696,0.998071925758,0.929858047979,93.3135398787,239,
66.0,0.479,-0.128816064912,12.0,-0.134115100686,0.135252930102,0.998150547402,0.943086986076,93.5687549257,239,
72.0,0.479,-0.138408850519,18.0,-0.143418317074,0.144424783216,0.998235233969,0.935602959517,93.7473955996,239,
78.0,0.479,-0.122832264554,12.0,-0.126813542849,0.128114665308,0.997956515456,0.948515426606,93.3096091686,239,
84.0,0.479,-0.142006576108,12.0,-0.151037884149,0.151929139229,0.998418165147,0.929465981198,93.9635425402,239,
90.0,0.479,-0.103532328415,6.0,-0.112159561882,0.113565801138,0.998105398048,0.959148689436,93.4550965542,239,
96.0,0.479,nan,nan,nan,nan,nan,nan,nan,0,
102.0,0.479,-0.0749920621133,0.0,-0.0811316720617,0.0819154265441,0.999308835006,0.978256307273,95.8477134128,239,
108.0,0.479,-0.157976049539,6.0,-0.163927099982,0.16430436925,0.999282542356,0.918280210143,95.9125110954,239,
114.0,0.479,-0.124020011583,0.0,-0.132530201046,0.132933001296,0.999468050439,0.944951541824,96.2017128496,239,
120.0,0.479,-0.156017669833,0.0,-0.159863399257,0.160315144325,0.999216122875,0.922118640516,95.5824285071,239,
126.0,0.479,-0.138262235938,762.0,-0.136177138029,0.13686257872,0.998832958103,0.94151196114,94.974970477,239,
