LeadTime (HRS), obsMax (m MSL), Peak (m), PLag (min), Bias(m), RMSD (m), RVal, Skil, VExp (%), nPts,
-0.0,1.15,0.014658739944,-30.0,0.127398853105,0.25653133842,0.931732361366,0.945161073101,62.6723671689,240,
6.0,1.15,-0.0977456984498,-30.0,0.0164523434773,0.228900985377,0.927426441432,0.955475256336,61.7250925386,239,
12.0,1.15,-0.0728328842224,-42.0,0.0551056352788,0.229329069069,0.930788497125,0.955996385721,62.6805040742,239,
18.0,1.15,-0.0129281717938,-36.0,0.149107708032,0.272959240873,0.92704924879,0.938413356598,61.6705526143,239,
24.0,1.15,-0.00683710650409,-60.0,0.14779340278,0.272731156398,0.926267547431,0.93873047938,61.5732441447,239,
30.0,1.15,-0.12439550427,-48.0,0.0341536231817,0.232737465891,0.925558853215,0.954222396247,61.405076494,239,
36.0,1.15,-0.111382847418,-36.0,0.0318482365851,0.228180726844,0.92801417499,0.956425361656,62.1210316423,239,
42.0,1.15,0.000446073578599,-24.0,0.179437987862,0.288961710353,0.928165767503,0.932232941579,62.0288636943,239,
48.0,1.15,-0.0252203726544,-72.0,0.138177868011,0.265044640297,0.92791697427,0.94245126707,62.0826898215,239,
54.0,1.15,-0.141843468807,-30.0,0.0292392645026,0.227005233741,0.928811535334,0.956773597878,62.260664566,239,
60.0,1.15,-0.136038329751,-36.0,0.00971454425377,0.223848203381,0.929742518278,0.95799544893,62.5082727051,239,
66.0,1.15,0.023277106715,-30.0,0.204901709383,0.304869200493,0.929047482954,0.925159713455,62.1550345407,239,
72.0,1.15,-0.0248378050264,-42.0,0.147440975413,0.267527074037,0.93100297046,0.940970030411,62.576457959,239,
78.0,1.15,-0.128757873154,-30.0,0.0480746548269,0.229272973209,0.929667966229,0.955923600564,62.417946896,239,
84.0,1.15,-0.185302831078,-42.0,-0.0146808235067,0.225214177798,0.929078066102,0.957380217991,62.3242204828,239,
90.0,1.15,0.0172390947563,-30.0,0.203828151239,0.302739797623,0.931533727758,0.925330883615,62.4738714621,239,
96.0,1.15,nan,nan,nan,nan,nan,nan,nan,0,
102.0,1.15,-0.145470761913,-36.0,0.0557602574831,0.250475916618,0.915557371968,0.946296688732,59.0745063476,239,
108.0,1.15,-0.197258782223,-60.0,-0.0185260643675,0.24177892392,0.917339468961,0.950191045507,59.5978010927,239,
114.0,1.15,0.0162901728039,-30.0,0.224938312196,0.330230358084,0.917594199171,0.911836666003,59.4794343811,239,
120.0,1.15,-0.0119224640455,-42.0,0.172827399443,0.298249836784,0.916317741656,0.926508482662,59.2620735979,239,
126.0,1.15,-0.129587651426,-66.0,0.0697778462326,0.249666465591,0.918944980388,0.946969248904,59.824187745,239,
