LeadTime (HRS), obsMax (m MSL), Peak (m), PLag (min), Bias(m), RMSD (m), RVal, Skil, VExp (%), nPts,
-0.0,0.12,-0.0471968377017,18.0,-0.12597692183,0.150921700282,0.721590273429,0.629159868522,5.03445973967,240,
6.0,0.12,-0.0313843766272,12.0,-0.109162162573,0.137871283213,0.692135068346,0.654582117592,3.60911598708,239,
12.0,0.12,-0.0671158476492,18.0,-0.133320558447,0.157345458651,0.656235092152,0.586073030293,4.35196197553,239,
18.0,0.12,-0.0796269531928,18.0,-0.13780272252,0.160267152932,0.671143067805,0.57655514282,6.33984141279,239,
24.0,0.12,-0.0837381551237,18.0,-0.144921549181,0.165843413658,0.683292338596,0.566431466275,7.70793643866,239,
30.0,0.12,-0.0610868846373,18.0,-0.135915833481,0.159341805192,0.681471567367,0.586938708881,4.80864291761,239,
36.0,0.12,-0.0478386744177,18.0,-0.121306698106,0.14570006159,0.704232016304,0.626094996071,7.62698652514,239,
42.0,0.12,-0.0688731339793,18.0,-0.124654301996,0.146811676391,0.719713805075,0.619761573021,11.2302508541,239,
48.0,0.12,-0.0562307808362,12.0,-0.123048297142,0.149797263347,0.713683486518,0.620941332577,2.21773635963,239,
54.0,0.12,-0.0380480143395,18.0,-0.103888209773,0.133570957373,0.743505696299,0.677919756858,3.90635666674,239,
60.0,0.12,-0.0100215316466,12.0,-0.083692333764,0.125071706636,0.666994935378,0.689498650483,0.0,239,
66.0,0.12,-0.0261791915277,18.0,-0.0842980817768,0.12329175,0.677690287897,0.692024181761,0.0,239,
72.0,0.12,-0.00173548330519,24.0,-0.0827582549839,0.125144205851,0.661093098663,0.690263363044,0.0,240,
78.0,0.12,-0.0142592521668,18.0,-0.0850677230361,0.124827623504,0.664682382518,0.688933387353,0.0,239,
84.0,0.12,-0.0337892545303,18.0,-0.0908618805222,0.128392794997,0.665580914237,0.679078585464,0.0,239,
90.0,0.12,-0.0526602311527,18.0,-0.10621339144,0.138545911544,0.644773754498,0.638223726818,0.0,239,
96.0,0.12,-0.0725081281929,24.0,-0.110322013109,0.138952226638,0.645656932486,0.622960541109,3.45493965341,239,
102.0,0.12,-0.0868172037995,24.0,-0.111912477728,0.142108334718,0.61605299462,0.604825848244,0.0,239,
108.0,0.12,-0.0589680126248,36.0,-0.110459358967,0.136864438863,0.691279225869,0.641175740452,7.64598920294,239,
114.0,0.12,-0.0774321907821,24.0,-0.120842871355,0.144648385612,0.676237448929,0.609766636201,9.14622850679,239,
120.0,0.12,-0.0483059687512,30.0,-0.117230363648,0.143025704047,0.703893424931,0.635914251602,6.36243144685,239,
126.0,0.12,-0.0551260202056,30.0,-0.120348405878,0.142332630331,0.730803025427,0.639568302173,13.154164086,239,
