LeadTime (HRS), obsMax (m MSL), Peak (m), PLag (min), Bias(m), RMSD (m), RVal, Skil, VExp (%), nPts,
-0.0,0.861,0.192547278628,6.0,0.14582873402,0.162684048072,0.994179405426,0.985196035689,89.2173911676,240,
6.0,0.861,0.191544735425,0.0,0.154263429683,0.168714472194,0.994787948716,0.984102332141,89.7871147281,239,
12.0,0.861,0.147675023958,6.0,0.107036163703,0.126496252092,0.994926398426,0.990999555446,89.9223690608,239,
18.0,0.861,0.283229076185,6.0,0.255325325238,0.262873669108,0.995625134418,0.962517208867,90.6505388652,239,
24.0,0.861,0.231334009712,0.0,0.221044551144,0.229683553931,0.995651977974,0.971048644715,90.6717197289,239,
30.0,0.861,0.201961461378,-6.0,0.194811273747,0.204405390367,0.995720235491,0.976930796217,90.7483480377,239,
36.0,0.861,0.15381184841,0.0,0.153917680919,0.166393188653,0.995537875852,0.984564574672,90.5500956532,239,
42.0,0.861,0.308538234609,-6.0,0.284867872613,0.291966927889,0.995414092054,0.9543701619,90.4338218355,239,
48.0,0.861,nan,nan,nan,nan,nan,nan,nan,0,
54.0,0.861,0.246231794285,-12.0,0.231727757234,0.23769169573,0.996895217467,0.969154882938,92.0986764357,239,
60.0,0.861,0.169343308727,-12.0,0.157545987019,0.165969080125,0.997034527824,0.984605986371,92.2046470437,239,
66.0,0.861,0.265607675983,-6.0,0.258972140446,0.264119765135,0.997029463818,0.962159998777,92.2510088534,239,
72.0,0.861,0.288121082521,-12.0,0.287388691482,0.291238469785,0.997526749145,0.954599303423,92.9519334605,239,
78.0,0.861,0.171091848269,-12.0,0.182614432666,0.188949247653,0.997450933001,0.980160861378,92.7550344795,239,
84.0,0.861,0.12078099018,-18.0,0.126894124184,0.136027639443,0.997341589772,0.989669186504,92.6821251998,239,
90.0,0.861,0.192332324955,-30.0,0.198078338418,0.203476587245,0.997615863009,0.97717411242,93.0473293765,239,
96.0,0.861,0.295449167726,-18.0,0.291045252477,0.294574924061,0.997719021745,0.953535864462,93.2106547767,239,
102.0,0.861,0.143254811035,-12.0,0.150746154184,0.159667021809,0.997008853116,0.985709284595,92.1417408223,239,
108.0,0.861,0.0455708673415,-12.0,0.0589519602174,0.075953948034,0.997483336354,0.996747606555,92.8481555087,239,
114.0,0.861,0.0862308892909,-12.0,0.0846992795094,0.096692267932,0.9975817967,0.994766434983,93.0349384704,239,
120.0,0.861,0.166809274907,-12.0,0.194942010657,0.200874830326,0.997387128044,0.977825466158,92.7634688585,239,
126.0,0.861,0.00418722564269,-6.0,0.0363977511617,0.0628609346678,0.997067797039,0.997791979596,92.3465362085,239,
