LeadTime (HRS), obsMax (m MSL), Peak (m), PLag (min), Bias(m), RMSD (m), RVal, Skil, VExp (%), nPts,
-0.0,0.777,0.267465823009,36.0,0.190199701069,0.213252193517,0.990007745669,0.975477983065,85.5748113752,240,
6.0,0.777,0.278977532528,6.0,0.205231542988,0.228356333571,0.989348841447,0.972084441454,85.0217827418,239,
12.0,0.777,0.182913550072,18.0,0.124349940938,0.15934343262,0.989015824119,0.985967144859,85.0960669303,239,
18.0,0.777,0.319869403153,-6.0,0.257319653867,0.275468015756,0.989841251199,0.960081010455,85.2911589684,239,
24.0,0.777,0.285831173858,36.0,0.230696950083,0.249823773497,0.990257237495,0.966819885499,85.6596371081,239,
30.0,0.777,0.274813154679,36.0,0.211513072428,0.233106430398,0.989804984116,0.970954277832,85.3432728595,239,
36.0,0.777,0.207103121957,6.0,0.145869954576,0.175375223619,0.989583888598,0.983121144321,85.4370031812,239,
42.0,0.777,0.338123710473,30.0,0.268860040857,0.288026984718,0.988693934616,0.956432530507,84.5459383111,239,
48.0,0.777,nan,nan,nan,nan,nan,nan,nan,0,
54.0,0.777,0.298319585569,24.0,0.227570016405,0.240629190356,0.99360121372,0.969242137913,88.3106953365,239,
60.0,0.777,0.212899093833,18.0,0.145550824788,0.166967585119,0.992679846969,0.984743742039,87.7698951838,239,
66.0,0.777,0.310007099894,18.0,0.239274474587,0.253277018025,0.992670456046,0.965936346434,87.5850558023,239,
72.0,0.777,0.355932510059,18.0,0.28390648651,0.294855898673,0.993378220802,0.954619240584,88.0996142651,239,
78.0,0.777,0.257165067078,24.0,0.18637192123,0.202431728691,0.993211539767,0.977796047776,88.1872552027,239,
84.0,0.777,0.200322575205,-6.0,0.127805083585,0.152676081063,0.992242968507,0.98710319079,87.5142699606,239,
90.0,0.777,0.267676263523,-6.0,0.19592736639,0.212551862961,0.992602180505,0.975562666407,87.6810206219,239,
96.0,0.777,0.326024125305,-12.0,0.262977062713,0.274913338202,0.993297965005,0.960298315411,88.0216554351,239,
102.0,0.777,0.235789945702,-12.0,0.161975002155,0.182998466351,0.992154203013,0.981800773599,87.2690598857,239,
108.0,0.777,0.189338425678,-12.0,0.126071373532,0.152263457911,0.991906791657,0.987182625008,87.2360734157,239,
114.0,0.777,0.228815050663,18.0,0.169813276704,0.189269798981,0.992398358805,0.980522036074,87.5047323315,239,
120.0,0.777,0.345365673451,-12.0,0.280154188324,0.292620366853,0.992455066582,0.955177994081,87.367944729,239,
126.0,0.777,0.211741350687,6.0,0.147147994637,0.171348049491,0.991500895785,0.983880142116,86.8757140463,239,
