LeadTime (HRS), obsMax (m MSL), Peak (m), PLag (min), Bias(m), RMSD (m), RVal, Skil, VExp (%), nPts,
-0.0,0.694,0.536320078586,-612.0,0.454009046163,0.467557049503,0.979703831996,0.841940983582,78.9198116753,240,
6.0,0.694,0.510239041191,-612.0,0.417779310141,0.431899494126,0.980371518262,0.861347465153,79.3145526225,239,
12.0,0.694,0.542943947407,-612.0,0.456058531164,0.465139655481,0.985955508956,0.842035317341,82.7271621641,239,
18.0,0.694,0.58406762978,-612.0,0.553646244138,0.55884154424,0.99085821496,0.790896261104,85.642782029,239,
24.0,0.694,0.490171061747,42.0,0.473983612599,0.479591527544,0.991498985508,0.835697420971,86.1899415326,239,
30.0,0.694,0.445537222668,42.0,0.460230568596,0.466407289489,0.990898389873,0.843036539465,85.7126607726,239,
36.0,0.694,0.357231227363,42.0,0.37410713022,0.381820064822,0.990981779208,0.889084968899,85.5799370148,239,
42.0,0.694,0.472742851849,42.0,0.465528554191,0.472495700106,0.990802415108,0.842648528726,84.7330657553,239,
48.0,0.694,nan,nan,nan,nan,nan,nan,nan,0,
54.0,0.694,0.333415189827,48.0,0.323872890934,0.331737761889,0.992162845685,0.913653375931,86.4071022629,239,
60.0,0.694,0.228675191215,60.0,0.236926325622,0.2491474124,0.991246459882,0.949550953064,85.4102032855,239,
66.0,0.694,0.3638879019,42.0,0.37132492351,0.378296620909,0.992116400547,0.890962623804,86.3153547873,239,
72.0,0.694,0.183658758049,60.0,0.18955393879,0.203609212748,0.991967864461,0.965733428745,85.9282111605,239,
78.0,0.694,0.167411853176,-630.0,0.171290313558,0.187253690473,0.991864093834,0.970950948935,85.678883944,239,
84.0,0.694,0.0860661950383,72.0,0.0967017995602,0.119614953818,0.992568337649,0.987817938265,86.6730500822,239,
90.0,0.694,0.264660568547,66.0,0.276552434692,0.28486003228,0.993208504751,0.935039867381,87.0722781254,239,
96.0,0.694,0.195632100781,72.0,0.200830989789,0.213393687103,0.992259941152,0.962338464439,86.3446549038,239,
102.0,0.694,0.23517663289,66.0,0.240220988826,0.251153499403,0.992489393416,0.949049544796,86.1257503929,239,
108.0,0.694,0.108620300439,72.0,0.11579113962,0.134534681842,0.993115316064,0.984674947514,87.0335255816,239,
114.0,0.694,0.300953949506,42.0,0.294613052914,0.301955849641,0.993274725352,0.927072248754,87.4713491475,239,
120.0,0.694,0.322281563745,30.0,0.329440686332,0.336181699711,0.993119655327,0.911330224609,87.3199839727,239,
126.0,0.694,0.230620166242,24.0,0.236562945412,0.245251268813,0.993901728363,0.950888932738,87.7523986702,239,
