LeadTime (HRS), obsMax (m MSL), Peak (m), PLag (min), Bias(m), RMSD (m), RVal, Skil, VExp (%), nPts,
-0.0,-0.016,0.51214494362,12.0,0.655853667478,0.661456049604,0.784034861034,0.204733297489,8.79862986038,240,
6.0,-0.016,0.510010672045,12.0,0.649538446966,0.655051309817,0.83220064345,0.206707774513,10.0330349366,239,
12.0,-0.016,0.478788425699,0.0,0.639272862353,0.645235345781,0.797958540281,0.208232533213,7.15906011615,239,
18.0,-0.016,0.473872286072,30.0,0.634369197937,0.640410260265,0.756178624196,0.209454556746,6.90385866671,239,
24.0,-0.016,0.470377885036,18.0,0.632063880274,0.638050434616,0.796887933227,0.210152273383,7.49454066174,239,
30.0,-0.016,0.47342400527,30.0,0.63296322026,0.639006032894,0.75948655638,0.209665942471,6.9930580715,239,
36.0,-0.016,0.485345956809,18.0,0.6429253269,0.648858937331,0.763733527993,0.207311524792,7.12218203137,239,
42.0,-0.016,0.486937162667,6.0,0.638641599724,0.644614778086,0.693223098987,0.208673424232,7.12112394181,239,
48.0,-0.016,0.486914145775,12.0,0.643431048831,0.649462365089,0.737757034521,0.206858926573,6.32042615069,239,
54.0,-0.016,0.487053536932,66.0,0.644916360049,0.650858399755,0.792266904569,0.206710306661,6.91278721418,239,
60.0,-0.016,0.480108143114,42.0,0.636236005618,0.642174004468,0.785363794943,0.209220755301,7.57006877647,239,
66.0,-0.016,0.480755139143,42.0,0.640482077649,0.646266361441,0.84624512623,0.208424796319,8.47723855102,239,
72.0,-0.016,0.48069042235,24.0,0.636155160208,0.642146903418,0.777393437476,0.209069089979,7.15664297857,239,
78.0,-0.016,0.466754514666,0.0,0.62921276125,0.635462078477,0.672669878464,0.21027550919,5.6888113109,239,
84.0,-0.016,nan,nan,nan,nan,nan,nan,nan,0,
90.0,-0.016,0.473170425689,48.0,0.63489471769,0.641051826121,0.741516810965,0.209616130918,6.39938838087,239,
96.0,-0.016,0.418313775215,0.0,0.5783130678,0.584738825843,0.915795036709,0.22597275081,8.70735786572,239,
102.0,-0.016,0.483804086991,36.0,0.642527611625,0.648577556531,0.769490020342,0.207785344323,6.66800150777,239,
108.0,-0.016,0.404601803497,12.0,0.569076085749,0.575707292473,0.691922171515,0.228578294318,7.99064490093,239,
114.0,-0.016,0.473910065333,1326.0,0.633554945261,0.639612399488,0.706380975952,0.210208003395,7.26111678446,239,
120.0,-0.016,0.476372003706,1422.0,0.630051336187,0.63595555127,0.665951674128,0.21167329906,8.69949813086,239,
126.0,-0.016,0.40741478616,1380.0,0.567718062267,0.574023224501,0.863797517777,0.229662190817,10.4004081198,239,
