LeadTime (HRS), obsMax (m MSL), Peak (m), PLag (min), Bias(m), RMSD (m), RVal, Skil, VExp (%), nPts,
-0.0,1.213,-0.207558307494,-12.0,-0.185858704339,0.205336365331,0.983260775572,0.954872083275,81.7790565246,240,
6.0,1.213,-0.258175669633,48.0,-0.270791363428,0.283605013357,0.984621857497,0.916966433769,82.4253979703,239,
18.0,1.213,-0.232688038517,48.0,-0.267144927796,0.281707906848,0.98253602143,0.918212819786,81.3580238301,239,
24.0,1.213,-0.205590633741,24.0,-0.217653103151,0.234762345701,0.983503789012,0.940505100265,81.6547774284,239,
30.0,1.213,-0.260103920857,12.0,-0.267228530542,0.281759100796,0.982797114636,0.917363463198,81.3764920122,239,
42.0,1.213,-0.225907413589,30.0,-0.251499244888,0.271239295619,0.977411453906,0.922738258936,78.8185701868,239,
48.0,1.213,-0.196664923683,18.0,-0.221091883326,0.240567069447,0.980259551871,0.939152301557,80.2284681013,239,
54.0,1.213,-0.279000529633,30.0,-0.283932765189,0.300664185087,0.978680640723,0.907097900952,79.3778684807,239,
66.0,1.213,-0.343025108781,30.0,-0.35607536298,0.375776471122,0.968194566703,0.862004673172,74.9489834103,239,
72.0,1.213,-0.432697574911,30.0,-0.394917028189,0.41001679147,0.974022969889,0.838388759233,76.9996946764,239,
78.0,1.213,-0.50627690662,42.0,-0.432250699593,0.447933043302,0.97117869319,0.811098451932,75.4890242805,239,
90.0,1.213,-0.341454559522,30.0,-0.292631397464,0.30970905391,0.978565554183,0.898743173579,78.8405879644,239,
96.0,1.213,-0.363433602627,30.0,-0.295112564683,0.312682025816,0.977684435083,0.896828914104,78.4411256997,239,
102.0,1.213,-0.279664491372,36.0,-0.244520579458,0.263693965594,0.978997679781,0.925721518276,79.4059672593,239,
114.0,1.213,-0.130372795765,36.0,-0.10365059107,0.1482366556,0.975297467735,0.975328301425,77.8908979607,239,
120.0,1.213,-0.220961961957,24.0,-0.0812060035807,0.140561364635,0.971942046566,0.976739665516,76.0642389208,239,
126.0,1.213,-0.140946315742,36.0,-0.0781836760036,0.123924180269,0.979776051103,0.982680469231,79.9409428268,239,
