LeadTime (HRS), obsMax (m MSL), Peak (m), PLag (min), Bias(m), RMSD (m), RVal, Skil, VExp (%), nPts,
-0.0,1.554,0.588279147125,0.0,0.350425447181,0.374729180813,0.984029455293,0.935656313057,81.9596568843,239,
6.0,1.554,0.582256080597,0.0,0.475253930471,0.49056112873,0.986394049164,0.899074609308,83.5559401542,240,
12.0,1.554,0.441278467033,0.0,0.37805265656,0.400017551162,0.984944199598,0.927668267773,82.3197596851,240,
18.0,1.554,0.39985450918,0.0,0.328195509385,0.35272544835,0.986046846561,0.941920500227,82.5212329963,240,
24.0,1.554,0.279260711009,0.0,0.246144913408,0.284264010563,0.984549626057,0.96022985943,80.7694846528,240,
30.0,1.554,0.472174684683,0.0,0.400957711205,0.418735074337,0.987010235043,0.922289418169,83.6742389063,240,
36.0,1.554,0.351896533798,0.0,0.295202588523,0.324366534648,0.985086084312,0.950023280726,81.8204874017,240,
42.0,1.554,0.331766002996,0.0,0.276878503769,0.306831787603,0.986279406624,0.954658265435,82.1172170741,240,
48.0,1.554,0.218076676608,0.0,0.200979546355,0.250796526546,0.983820158675,0.968164919648,79.7108188081,240,
54.0,1.554,0.409107711816,0.0,0.363945768379,0.384273742827,0.987143938059,0.932418489214,83.3207784955,240,
60.0,1.554,0.375062662731,0.0,0.325036967854,0.35106355804,0.984635357131,0.942990000049,82.0597503422,240,
66.0,1.554,0.341368285595,0.0,0.304172198012,0.33159685153,0.986019124275,0.947703673356,82.1419319195,240,
72.0,1.554,0.272321886419,0.0,0.265842609431,0.301346746673,0.984019094384,0.955864423783,80.808110845,240,
78.0,1.554,0.385524159011,0.0,0.364704657256,0.385619610522,0.986852266819,0.93173975621,83.0579033682,240,
84.0,1.554,0.316947457758,0.0,0.266385115561,0.30213201677,0.983652160797,0.955748580919,80.7200817942,240,
90.0,1.554,0.249367615133,0.0,0.211492550444,0.265037256658,0.979962679791,0.964760604039,78.3968284559,240,
96.0,1.554,0.191042094293,0.0,0.184280893958,0.243875344457,0.981337337641,0.969589033922,78.3967915276,240,
102.0,1.554,0.247635007388,0.0,0.25822121806,0.299164507081,0.98259646174,0.955770187153,79.5692884032,240,
108.0,1.554,0.293403766256,0.0,0.28662831455,0.329771132255,0.976771465987,0.948031266501,77.9453798733,240,
114.0,1.554,0.147938055345,0.0,0.198607707594,0.253899678262,0.981462377234,0.967261936106,78.6076705015,240,
120.0,1.554,0.118942403177,0.0,0.168195700663,0.249421277513,0.972322118878,0.968079076803,75.0913790298,240,
126.0,1.554,0.164508357051,0.0,0.215435183291,0.26687610348,0.98102917985,0.964204207547,78.6974160414,240,
