LeadTime (HRS), obsMax (m MSL), Peak (m), PLag (min), Bias(m), RMSD (m), RVal, Skil, VExp (%), nPts,
-0.0,0.934,0.521134856632,36.0,0.23663770875,0.260168935111,0.983850803665,0.953841124923,81.5863750491,240,
6.0,0.934,0.285071869392,42.0,0.164397335679,0.190301681997,0.987362003883,0.974844506762,83.7090236483,239,
18.0,0.934,0.287810331646,42.0,0.169946623123,0.187902651289,0.991131235761,0.975455895374,86.3765842265,239,
24.0,0.934,0.39872143429,48.0,0.288194820612,0.299237675989,0.991015418196,0.940150832812,86.3116696502,239,
30.0,0.934,0.29963357417,48.0,0.222154915586,0.235880676066,0.991303753909,0.961868145236,86.5243841297,239,
42.0,0.934,0.280165673001,54.0,0.224829599022,0.236408520409,0.992710768136,0.961851376487,87.5798325618,239,
48.0,0.934,0.44740660612,24.0,0.352920209704,0.361885639727,0.991192471816,0.915367211167,86.3946282428,239,
54.0,0.934,0.408216470938,30.0,0.319347202132,0.32933065482,0.991142918739,0.928790193399,86.323161449,239,
66.0,0.934,0.317460185964,48.0,0.252507727693,0.263259950498,0.99239378663,0.953102333642,87.3436933019,239,
72.0,0.934,0.435286242525,36.0,0.346990642491,0.355284267914,0.992070762668,0.918343413284,87.0295039274,239,
78.0,0.934,0.43534971283,24.0,0.360292396701,0.367512441935,0.992824838263,0.91317674541,87.6800702871,239,
90.0,0.934,0.300869270598,30.0,0.241193690674,0.253290637496,0.991605935731,0.956119436718,86.8558621205,239,
96.0,0.934,0.375363139522,0.0,0.309965919721,0.318014809449,0.992941086678,0.932939752799,87.9174360752,239,
102.0,0.934,0.387115781547,36.0,0.34102849318,0.347163051093,0.994149049345,0.921508549119,88.9575801445,239,
114.0,0.934,0.140987465819,-6.0,0.0767422262103,0.101174079695,0.994160152542,0.992796358702,88.7952018216,239,
120.0,0.934,0.188228065209,36.0,0.125814463898,0.144940822487,0.992978787271,0.985310342701,87.7701093557,239,
126.0,0.934,0.243628020068,18.0,0.188278009029,0.201768994029,0.992797666923,0.971884072708,87.6718401541,239,
138.0,0.934,0.0682393623383,834.0,-0.020365972459,0.0908103044009,0.989348458863,0.994177129222,84.9600274074,239,
144.0,0.934,0.0214436276884,798.0,-0.026238231658,0.0872432522301,0.990333021382,0.994579324493,85.8595494833,239,
150.0,0.934,0.163453488157,816.0,0.0870802404038,0.123082124959,0.989680414521,0.989345612145,85.2171542355,239,
