LeadTime (HRS), obsMax (m MSL), Peak (m), PLag (min), Bias(m), RMSD (m), RVal, Skil, VExp (%), nPts,
-0.0,0.902,0.020035065125,24.0,-0.107451233093,0.130928105074,0.966513104794,0.938720732847,69.2909220621,240,
6.0,0.902,-0.00684878640513,30.0,-0.123494107604,0.142560912483,0.970692910872,0.928516958901,70.7214058782,239,
18.0,0.902,-0.229253244946,30.0,-0.313504283918,0.319713758392,0.977973842764,0.734010549763,74.2231649386,239,
24.0,0.902,-0.253581520839,36.0,-0.337086363101,0.342811800361,0.977269158049,0.708918187231,74.3521010919,239,
30.0,0.902,-0.295438319956,36.0,-0.370279825092,0.375777550177,0.976264818214,0.676723043047,73.6728921368,239,
42.0,0.902,-0.331934427949,30.0,-0.419819559764,0.424774059506,0.975973835022,0.634566807993,73.4081022406,239,
48.0,0.902,-0.341814458861,30.0,-0.418361962118,0.422809909266,0.97594861386,0.633534990089,74.8552275936,239,
54.0,0.902,-0.346702291709,30.0,-0.424806007954,0.430037882483,0.971839512355,0.627865988723,72.5085532517,239,
66.0,0.902,-0.342416388148,24.0,-0.438587154917,0.444723045752,0.966524894596,0.616496540767,69.7363737897,239,
72.0,0.902,-0.33255595909,24.0,-0.43230462959,0.43832843931,0.969011164466,0.623097655989,70.2300071016,239,
78.0,0.902,-0.358614771815,30.0,-0.446370801207,0.453472481891,0.957026616292,0.605414635577,67.1383368688,239,
90.0,0.902,-0.352856871505,30.0,-0.447015162579,0.453596619806,0.964745335649,0.610078799008,68.3884835289,239,
96.0,0.902,-0.352275190168,30.0,-0.426342020062,0.433329167929,0.9657627256,0.626287206013,68.1776945938,239,
102.0,0.902,-0.357705023715,24.0,-0.437479558969,0.444228307658,0.964953083708,0.616767101906,68.3269801874,239,
114.0,0.902,-0.360332246174,36.0,-0.430654646615,0.437928535751,0.961660444365,0.620988945838,67.3634282004,239,
120.0,0.902,-0.342987269974,36.0,-0.42062337805,0.428358533772,0.961568802766,0.630021569439,66.7264425607,239,
126.0,0.902,-0.353926506075,36.0,-0.431849490262,0.438589396798,0.963057159228,0.620111441437,68.5506577963,239,
138.0,0.902,-0.243007629574,42.0,-0.315702214002,0.324352027704,0.967128420968,0.728448296159,69.4488717371,239,
144.0,0.902,-0.243117773527,42.0,-0.327341972568,0.336929719243,0.963526026672,0.716541069888,67.2322490184,239,
150.0,0.902,-0.238502502427,30.0,-0.318555420016,0.32855136399,0.960006019981,0.722804738183,66.9770878156,239,
