LeadTime (HRS), obsMax (m MSL), Peak (m), PLag (min), Bias(m), RMSD (m), RVal, Skil, VExp (%), nPts,
-0.0,0.036,1.91962048337,90.0,1.98481036524,1.99126496051,0.640474546445,0.152662674908,18.8169986889,240,
6.0,0.036,1.86817175315,54.0,2.08153163425,2.09080667962,0.107024208343,0.142311110835,0.125032267571,239,
12.0,0.036,1.76096389715,-24.0,1.94997563725,1.95964741329,0.164376110998,0.150484303652,1.27447956806,239,
18.0,0.036,1.88992743377,126.0,2.08494234817,2.09389321224,0.190152506124,0.142396060872,1.80960781249,239,
24.0,0.036,1.77302529664,240.0,1.9494966031,1.95926866165,0.145047065197,0.150700707852,0.774865126108,239,
30.0,0.036,1.868547953,1080.0,2.08608518034,2.09556550839,0.0414347640071,0.141898933974,0.0,239,
36.0,0.036,1.73322049708,-60.0,1.93656237985,1.94549789719,0.360662020631,0.152223608178,5.44165533785,239,
42.0,0.036,1.88333689728,294.0,2.08361715766,2.09261003426,0.188523367321,0.142726536387,1.79249700947,240,
48.0,0.036,1.76186183948,0.0,1.94967897893,1.95901769778,0.244195938816,0.151050967196,3.02033862849,239,
54.0,0.036,1.88575393866,312.0,2.08674858473,2.0948285815,0.409457989811,0.142996962449,6.69676980736,239,
60.0,0.036,1.77995726535,504.0,1.93681737166,1.94567251071,0.365030971939,0.152300628871,5.88174058144,239,
66.0,0.036,1.90771435666,-90.0,2.06928878964,2.0774615386,0.390696241705,0.144174944066,6.55435816306,239,
72.0,0.036,1.75444807488,96.0,1.93031382996,1.93972729873,0.250340533708,0.15243167496,3.11564297082,239,
78.0,0.036,1.87649340816,216.0,2.08505159025,2.09439252492,0.0862751245485,0.141919059978,0.0,239,
84.0,0.036,1.73930645323,60.0,1.93213075431,1.94138570827,0.285595254081,0.1520324994,3.89170727063,239,
90.0,0.036,1.91181472058,714.0,2.08791233378,2.09711594378,0.11535279945,0.141955693442,0.379359382208,239,
96.0,0.036,1.75768949025,396.0,1.95976864348,1.96871745297,0.327643124871,0.150687442416,4.82644985795,239,
102.0,0.036,1.90066573743,336.0,2.0857184087,2.09459613953,0.209270168133,0.142504926097,2.21404188217,239,
108.0,0.036,1.74825221325,168.0,1.9378205392,1.94682313042,0.328472764586,0.152127095077,5.07504775212,239,
114.0,0.036,1.86978684891,546.0,2.0651078241,2.07358335196,0.328707636924,0.144271188139,4.93165874488,239,
120.0,0.036,1.76763164174,54.0,1.94232221813,1.95116129825,0.353513913312,0.152053669739,5.83408436111,239,
126.0,0.036,1.88689915665,246.0,2.07257118804,2.08056669074,0.437125097652,0.144216033829,7.50205381616,239,
