LeadTime (HRS), obsMax (m MSL), Peak (m), PLag (min), Bias(m), RMSD (m), RVal, Skil, VExp (%), nPts,
-0.0,0.08,0.0530590941247,12.0,0.0545431477318,0.0558039859586,0.960764871582,0.685372369988,74.2360728937,229,
6.0,0.08,0.0430228842934,0.0,0.051351572068,0.0526282484423,0.963924777319,0.701306932998,78.052457081,230,
12.0,0.08,0.0681882200671,0.0,0.0879819093128,0.0896630452256,0.93636978592,0.505510211043,70.9426522288,230,
18.0,0.08,0.0731222244675,-6.0,0.0991445144728,0.10124169768,0.903413239232,0.455787123408,62.3055264358,230,
24.0,0.08,0.0876895253429,0.0,0.116006037384,0.118430884598,0.866362947405,0.40128076497,54.8653012392,230,
30.0,0.08,0.118862001115,-12.0,0.144336116769,0.146408524185,0.881033266152,0.343796981094,57.914119142,230,
36.0,0.08,0.137283871161,-18.0,0.17274504259,0.174891492428,0.842991665732,0.29118245627,50.2147123843,230,
42.0,0.08,0.151769668272,-18.0,0.183672773431,0.185646112258,0.870148277772,0.280739498266,55.6941194531,230,
48.0,0.08,0.161540542905,-6.0,0.197165731097,0.19888312808,0.879408887204,0.263722699732,56.56007642,230,
54.0,0.08,0.182678468656,-6.0,0.213839779579,0.215135460044,0.929251990101,0.251050781504,68.1584603949,230,
60.0,0.08,0.165234438378,78.0,0.200004433637,0.201137397923,0.930989780041,0.266251436525,67.7576150326,230,
66.0,0.08,0.158775864239,78.0,0.193301970049,0.194285189751,0.941587258626,0.275582736531,70.4029888262,230,
72.0,0.08,0.171046913371,12.0,0.197898035104,0.199304223744,0.926232609239,0.270231809835,67.9978332924,230,
78.0,0.08,0.163257811365,0.0,0.193059058251,0.195007877139,0.87130501981,0.271086043095,55.4720590413,230,
84.0,0.08,0.153141311725,42.0,0.194784107404,0.196576294596,0.857480624829,0.266295573417,51.5641629406,230,
90.0,0.08,0.163331758198,18.0,0.1839796207,0.185846431908,0.898417616606,0.288444294744,60.1044637742,230,
96.0,0.08,0.152053810534,12.0,0.176259176488,0.178807761102,0.82303560712,0.2914997387,45.4853651928,230,
102.0,0.08,0.163047770061,6.0,0.180573646295,0.18233775637,0.896597918001,0.291561240264,60.0012424798,230,
108.0,0.08,0.15163934512,6.0,0.169766734479,0.171561581998,0.907304099067,0.310018201699,61.7229319263,230,
114.0,0.08,0.12942606568,-18.0,0.154705331538,0.156978920426,0.857905840763,0.326911280573,51.254601571,230,
120.0,0.08,0.108998236266,-18.0,0.131849884149,0.134369471188,0.858088340283,0.369878374155,51.7545536736,230,
126.0,0.08,0.132198675159,-18.0,0.149652715463,0.151615562845,0.892717785228,0.338907015988,59.0916223552,230,
