LeadTime (HRS), obsMax (m MSL), Peak (m), PLag (min), Bias(m), RMSD (m), RVal, Skil, VExp (%), nPts,
-0.0,0.265,0.13153423498,-42.0,-0.0183280385275,0.10156628112,0.807795133321,0.814644175806,0.0,240,
6.0,0.265,0.126865513707,-42.0,-0.0205489773143,0.0989635384516,0.828327029328,0.82399674569,0.0,239,
12.0,0.265,0.0865711902417,-18.0,-0.0663138279514,0.116286565306,0.844295645478,0.780216097377,0.0,239,
18.0,0.265,0.0776486411375,-18.0,-0.079169490998,0.123579561664,0.850498730957,0.761675397629,0.0,239,
24.0,0.265,0.0975545158129,-18.0,-0.0714909975857,0.11912215102,0.859523798234,0.777631961805,0.0,239,
30.0,0.265,0.0928403377098,-18.0,-0.0686398067469,0.117318293601,0.859310516172,0.781881104554,0.0,239,
36.0,0.265,0.0793896556637,-18.0,-0.0765467923843,0.117952742173,0.860008376635,0.775930961079,0.0,239,
42.0,0.265,0.0847120441724,-18.0,-0.0735410854029,0.114954448732,0.873576567032,0.786470809065,0.0,239,
48.0,0.265,0.0909945577256,-12.0,-0.0686136227159,0.11382926985,0.865345541066,0.789276671062,0.0,239,
54.0,0.265,0.107357451468,-18.0,-0.0464983869406,0.100535468621,0.851129797149,0.819882467284,0.0,239,
60.0,0.265,0.136050327981,-12.0,-0.0112212169996,0.0896272426199,0.84678870713,0.847815438435,0.0,239,
66.0,0.265,0.152827223925,-12.0,0.0112147249418,0.0875391251799,0.860575293069,0.85466408778,0.0,239,
72.0,0.265,0.164817691865,-12.0,0.0200347817245,0.0896184042422,0.859351779779,0.848960148441,0.0,240,
78.0,0.265,0.168086549214,-18.0,0.0223837414317,0.0900913694671,0.854955436078,0.846568187438,0.0,239,
84.0,0.265,0.163957579826,-12.0,0.0145446946424,0.0886746688232,0.864673642917,0.853085349089,0.0,239,
90.0,0.265,0.188667979894,-12.0,0.0341218341896,0.0993931304836,0.86247265165,0.827418449185,0.0,239,
96.0,0.265,0.198536392143,-12.0,0.0357513537864,0.0991702848421,0.864564419751,0.827748058345,0.0,239,
102.0,0.265,0.184275543507,-12.0,0.041556975974,0.10408661838,0.837200353285,0.810006470426,0.0,239,
108.0,0.265,0.136804434001,-12.0,-0.0120333320725,0.0927697053814,0.85016693872,0.843003715446,0.0,239,
114.0,0.265,0.164016405406,-18.0,0.0246819663927,0.0991445539858,0.836051109475,0.825072399444,0.0,239,
120.0,0.265,0.1343673235,-18.0,0.00311245388839,0.0881544175683,0.843001312068,0.850463181466,0.0,239,
126.0,0.265,0.0468410030778,6.0,-0.0695873811261,0.114424727603,0.863344704977,0.784584246284,0.0,239,
