LeadTime (HRS), obsMax (m MSL), Peak (m), PLag (min), Bias(m), RMSD (m), RVal, Skil, VExp (%), nPts,
30.0,0.864,0.175711956526,30.0,0.156067967598,0.253642700228,0.924955702417,0.936535012808,61.9886251649,240,
36.0,0.864,0.064880601821,36.0,0.0496782072744,0.212739656186,0.919487959079,0.953602873924,60.6741061097,240,
42.0,0.864,0.211269143019,30.0,0.176733476996,0.267402741954,0.924374378602,0.930558306578,61.850012507,240,
48.0,0.864,0.137974575442,36.0,0.115499688003,0.231461203098,0.924444416357,0.946531331443,61.8667816947,240,
54.0,0.864,0.14084363076,36.0,0.113035082701,0.229842900242,0.924799821917,0.947313058284,61.9537365227,240,
60.0,0.864,0.0233494087171,42.0,0.0139888702126,0.206352090024,0.920318280948,0.956190475113,60.8605341242,240,
66.0,0.864,0.156369436023,36.0,0.135468422156,0.241953992596,0.924541858793,0.941777675342,61.8876715749,240,
72.0,0.864,0.111591659953,36.0,0.0937694786668,0.220488103008,0.925273565542,0.951077480078,62.0624427515,240,
78.0,0.864,0.0702960428224,36.0,0.0552289418027,0.211754659182,0.921427174165,0.954309017721,61.1365455035,240,
84.0,0.864,-0.0011611326253,42.0,-0.0131843111235,0.207193865072,0.919561879059,0.955930811381,60.6900847215,240,
90.0,0.864,0.126740198617,36.0,0.102226671325,0.225461810272,0.924162184212,0.948978310334,61.7964144958,240,
96.0,0.864,0.114630483936,36.0,0.0887206217557,0.218009817384,0.925611297368,0.952060318965,62.1412899849,240,
102.0,0.864,0.0506034656429,36.0,0.0326854476971,0.206157594588,0.922207328866,0.956360653174,61.3029881195,240,
108.0,0.864,0.0113613454286,42.0,0.00164674991872,0.205063263667,0.921115746447,0.956453882409,61.0165637351,240,
114.0,0.864,0.127790199215,36.0,0.0989622193521,0.223756065244,0.924440874128,0.949364674442,61.8482355911,240,
120.0,0.864,0.153497559509,36.0,0.135408216283,0.241391558668,0.925134799221,0.941569444514,62.0090301861,240,
126.0,0.864,0.0574740891441,36.0,0.0459187624562,0.209605121128,0.921358142391,0.955178108126,61.1198214687,240,
132.0,0.864,0.0538094655379,36.0,0.0459316785742,0.208735827845,0.922328965149,0.954899321854,61.2897693058,240,
138.0,0.864,0.157373731938,36.0,0.12961123942,0.236594530118,0.926550207359,0.944167464307,62.3706406685,240,
144.0,0.864,0.240178021335,30.0,0.207547774781,0.284718209665,0.928847252065,0.921982673531,62.9462945978,240,
150.0,0.864,0.106202059411,36.0,0.0879597168164,0.218282485832,0.925186109305,0.951625716561,62.0205276896,240,
