LeadTime (HRS), obsMax (m MSL), Peak (m), PLag (min), Bias(m), RMSD (m), RVal, Skil, VExp (%), nPts,
30.0,0.501,0.0174447605097,-6.0,-0.017334343467,0.0343646753479,0.979038239511,0.996481311502,90.2615183956,236,
36.0,0.501,0.00925655591711,0.0,-0.0201845192334,0.0368750925437,0.978749114265,0.995935588459,89.897510777,236,
42.0,0.501,0.0106098475921,0.0,-0.0134624177048,0.032933896055,0.979078054378,0.996757035218,90.0075456591,236,
48.0,0.501,0.0182758709953,0.0,-0.0033890042432,0.0284426171073,0.979450188194,0.997579907488,90.3765738746,236,
54.0,0.501,0.00356176533254,-6.0,-0.0162692690075,0.0336813886216,0.979282289648,0.996605925369,90.287457972,236,
60.0,0.501,-0.00276560749219,6.0,-0.0199023063765,0.0355154631899,0.979391352671,0.99621242631,90.4073402617,236,
66.0,0.501,-0.000966639538545,6.0,-0.012229337019,0.0310931264894,0.979589096444,0.997081321698,90.4844201708,236,
72.0,0.501,0.0102948913969,6.0,-0.00825174713321,0.0283712692811,0.979910828135,0.997586808773,90.8935117973,236,
78.0,0.501,-0.00476395938062,6.0,-0.0231052613787,0.0377084669622,0.979356742428,0.995714808012,90.3593745395,236,
84.0,0.501,-0.00979513073303,6.0,-0.0237280331532,0.0393058518772,0.978811453001,0.995359124167,89.8175227504,236,
90.0,0.501,0.00531637938713,6.0,-0.0186111071216,0.0357888138268,0.97880743651,0.996165657113,89.9590049316,236,
96.0,0.501,0.019763450593,6.0,-0.00589865300194,0.0311042053056,0.978470730962,0.997103849307,89.6394790654,236,
102.0,0.501,0.00540346386199,6.0,-0.0179784357423,0.037618715034,0.977998840301,0.995704732315,89.0535379951,236,
108.0,0.501,0.00718873065107,0.0,-0.0192700130475,0.0377069459479,0.978217946794,0.995705788031,89.3151611736,236,
114.0,0.501,0.0146798500146,6.0,-0.0158040150318,0.0350728310462,0.978567126483,0.996283564038,89.6194306118,236,
120.0,0.501,0.0271572049612,6.0,0.000604746523613,0.0290320415856,0.978902226729,0.997468872889,89.9955412984,236,
126.0,0.501,0.00550840725176,0.0,-0.0171499005274,0.0377953590589,0.977485883036,0.995672716777,88.8110440602,236,
132.0,0.501,0.0080718108743,0.0,-0.0191646875578,0.0364811392323,0.978672854566,0.995994131629,89.8035166321,236,
138.0,0.501,0.0164198928066,6.0,-0.0189236350262,0.0370434193707,0.978318418083,0.995880606175,89.5136189339,236,
144.0,0.501,0.0350665153503,6.0,0.00783190940073,0.0305662226725,0.978653681702,0.99717042902,89.625130237,236,
150.0,0.501,0.0141405223624,6.0,-0.0127358335242,0.0331238801122,0.978659513817,0.996704766415,89.8051038965,236,
