LeadTime (HRS), obsMax (m MSL), Peak (m), PLag (min), Bias(m), RMSD (m), RVal, Skil, VExp (%), nPts,
30.0,0.528,0.0864330389921,0.0,0.0746692597214,0.0899244707299,0.953593825536,0.928123022047,69.6595440785,240,
36.0,0.528,0.0642261486644,0.0,0.0516635708639,0.0706470411538,0.957151453797,0.954359128146,70.8239683184,240,
42.0,0.528,0.0477496693245,-18.0,0.0351176563726,0.0590716492429,0.958331761204,0.967588397586,71.2395216954,240,
48.0,0.528,0.0235588598369,-18.0,0.00989564535904,0.048999633957,0.957535238798,0.977450101569,70.9425753373,240,
54.0,0.528,0.0824417165509,-18.0,0.0671307996401,0.0821072841926,0.958787505501,0.939640821714,71.3746291149,240,
60.0,0.528,0.0502684109859,-12.0,0.0356130817991,0.059716453018,0.957637937333,0.966947957722,70.975885385,240,
66.0,0.528,0.0277823808876,-12.0,0.0147886363591,0.049698003694,0.958416078936,0.976795198711,71.2715488313,240,
72.0,0.528,-0.00292924373667,-12.0,-0.0162616642298,0.0500490825492,0.958592681164,0.976436811175,71.3400246437,240,
78.0,0.528,0.0523889917428,-12.0,0.0416297214023,0.0630968727007,0.958395095586,0.963127649459,71.2907367732,240,
84.0,0.528,0.0363175074809,-12.0,0.0239603319131,0.0533513750703,0.958033754715,0.973368384022,71.1373315788,240,
90.0,0.528,0.0142786160387,-24.0,0.00183985715241,0.0479080922929,0.957675707355,0.978375878601,71.0135701392,240,
96.0,0.528,-0.0170837376211,0.0,-0.0294831419303,0.0557328533587,0.958602424269,0.970908137068,71.362890781,240,
102.0,0.528,0.0431771162853,0.0,0.0297065440046,0.0583078687128,0.953535981587,0.968263202939,69.620800859,240,
108.0,0.528,0.0385306709403,-6.0,0.0223072720811,0.0529908420588,0.957469909055,0.973796983301,70.8960897644,240,
114.0,0.528,0.020330573751,-6.0,0.00300848854767,0.0476502648875,0.958664673888,0.978851367917,71.2058454174,240,
120.0,0.528,-0.0165507292184,-18.0,-0.0354687638009,0.0595795740111,0.958152870264,0.967352374354,71.0142518622,240,
126.0,0.528,0.0503307875269,-18.0,0.0275912279957,0.0543128228022,0.960368476114,0.972983945672,71.6736754558,240,
132.0,0.528,0.0527175803797,-12.0,0.0321252572545,0.0572638447087,0.958936253076,0.969808275693,71.2975432418,240,
138.0,0.528,0.0313564747989,-6.0,0.0112316671468,0.0500606350684,0.956611944159,0.97672283382,70.4615814861,240,
144.0,0.528,0.000279358319126,-12.0,-0.0202526154788,0.0534110516654,0.955483566972,0.973548483599,70.0752840639,240,
150.0,0.528,0.0458063820071,0.0,0.0253306291519,0.0537936984835,0.958874535453,0.973262793616,71.2655935618,240,
