LeadTime (HRS), obsMax (m MSL), Peak (m), PLag (min), Bias(m), RMSD (m), RVal, Skil, VExp (%), nPts,
-0.0,0.683,0.470921850485,60.0,0.211846798935,0.336620632715,0.917949598719,0.92854760593,56.3639384539,240,
6.0,0.683,0.417070199181,60.0,0.197272680807,0.326800763021,0.918597236535,0.932313391925,56.5143934208,239,
12.0,0.683,0.376842354791,60.0,0.225052778311,0.341819484488,0.921429509509,0.927080738411,57.059251886,239,
18.0,0.683,0.484903262062,60.0,0.310179333976,0.399131617081,0.924685964926,0.903648002515,58.0758399585,239,
24.0,0.683,0.39295766708,6.0,0.33946927071,0.362960325863,0.981295297026,0.92090781874,78.5945261,239,
30.0,0.683,0.415629370295,42.0,0.354285494421,0.376638481048,0.98157467204,0.915441786974,78.7001734503,239,
36.0,0.683,0.389467264427,36.0,0.331275998687,0.352503293885,0.98311343642,0.924506967209,79.9239861822,239,
42.0,0.683,0.528160139255,42.0,0.455569877512,0.471628167289,0.982700849063,0.873594996683,79.6666899593,239,
48.0,0.683,0.423606954767,42.0,0.338290528051,0.358052449107,0.983438389812,0.921731444671,80.4521785328,239,
54.0,0.683,0.429292366202,36.0,0.371217997263,0.389537716684,0.983489504993,0.909184674973,80.3277423255,239,
60.0,0.683,0.41364010619,30.0,0.357224218712,0.377104188279,0.982088223496,0.913648410749,79.8662252307,239,
66.0,0.683,0.542710903559,24.0,0.489553750617,0.503708218155,0.982999223749,0.857510534322,80.2416417431,239,
72.0,0.683,nan,nan,nan,nan,nan,nan,nan,0,
78.0,0.683,0.433028672174,24.0,0.395947306826,0.408343331333,0.988245832683,0.900730573193,83.3346204956,239,
84.0,0.683,0.332520448653,18.0,0.308982162913,0.326065143687,0.986731854224,0.933607680128,82.6158943283,239,
90.0,0.683,0.542029655065,30.0,0.498245953998,0.508416525492,0.986966597396,0.85346924711,83.1118488448,239,
96.0,0.683,0.336663674224,30.0,0.287119057509,0.303989218063,0.988278802944,0.942172085583,83.3328779508,239,
102.0,0.683,0.337346782893,18.0,0.294711613398,0.311517971026,0.988547435413,0.939918861735,83.1529893041,239,
108.0,0.683,0.215769020264,30.0,0.191465485764,0.217683102637,0.987116951455,0.969275321402,82.7135974232,239,
114.0,0.683,0.347373599101,42.0,0.342529627825,0.357913944578,0.987257981139,0.921759713009,82.6742049902,239,
120.0,0.683,0.237901341478,36.0,0.216526747684,0.242089343323,0.986453281223,0.962611054215,81.9284831403,239,
126.0,0.683,0.308856655873,30.0,0.291750425453,0.311086170044,0.98711366286,0.94031814341,81.9802922724,239,
