LeadTime (HRS), obsMax (m MSL), Peak (m), PLag (min), Bias(m), RMSD (m), RVal, Skil, VExp (%), nPts,
-0.0,0.789,0.102952990848,726.0,0.0252129661513,0.191260447609,0.962934703355,0.980634375137,72.2313492934,240,
6.0,0.789,0.127902340167,726.0,0.0530820311241,0.198328965055,0.962613536398,0.979318036517,72.0697191734,239,
12.0,0.789,0.0923562517524,726.0,0.0128633835568,0.193923655939,0.961411111358,0.980119057071,71.7184684989,239,
18.0,0.789,0.24343913761,732.0,0.16343257054,0.251609498415,0.962748785879,0.96726977407,72.0389663141,239,
24.0,0.789,0.277717309027,36.0,0.173505850576,0.193729986041,0.993212028603,0.980986892498,87.3944801251,239,
30.0,0.789,0.311204542736,12.0,0.212302832418,0.229439043739,0.993157081629,0.973594959922,87.2739114321,239,
36.0,0.789,0.237942621208,12.0,0.147352146866,0.170351379784,0.99305657301,0.985138758826,87.4968067209,239,
42.0,0.789,0.412729604027,30.0,0.309472190291,0.321295227429,0.993484444142,0.949823724634,87.3685733671,239,
48.0,0.789,0.327965481879,24.0,0.232647234358,0.246559375248,0.994076764164,0.969662780467,88.0570494391,239,
54.0,0.789,0.352901466925,24.0,0.249425476224,0.263244165946,0.993675965668,0.965580317975,87.6886554848,239,
60.0,0.789,0.285075243354,24.0,0.191322549908,0.209315417522,0.993376249812,0.977854621293,87.581203936,239,
66.0,0.789,0.448453065393,24.0,0.350882137435,0.361045334745,0.99360523796,0.937465092237,87.5581114806,239,
72.0,0.789,nan,nan,nan,nan,nan,nan,nan,0,
78.0,0.789,0.388001217965,12.0,0.28691389812,0.296089603007,0.995395410811,0.956953211856,89.3098209032,239,
84.0,0.789,0.29297517184,18.0,0.191544076751,0.204626152345,0.995410376912,0.978858389424,89.4777424746,239,
90.0,0.789,0.428429625687,0.0,0.331661768874,0.338901130877,0.995943251493,0.944508555135,89.8164408809,239,
96.0,0.789,0.378462608229,12.0,0.284336801794,0.293553398675,0.99514138738,0.957396278124,89.3331142755,239,
102.0,0.789,0.331723886106,12.0,0.232169516434,0.244042720986,0.99463783424,0.969990294485,89.0095890464,239,
108.0,0.789,0.224951515559,12.0,0.136739763914,0.157598313323,0.993947851733,0.987170911011,88.547640916,239,
114.0,0.789,0.363869347054,12.0,0.266548061262,0.277128435944,0.994697663883,0.961819976962,88.9146225649,239,
120.0,0.789,0.377302125587,12.0,0.285375767992,0.295795342683,0.994521011928,0.956878701028,88.626171218,239,
126.0,0.789,0.294439972383,12.0,0.221851783286,0.234325149329,0.994614810056,0.972274233697,88.9747568748,239,
