LeadTime (HRS), obsMax (m MSL), Peak (m), PLag (min), Bias(m), RMSD (m), RVal, Skil, VExp (%), nPts,
-0.0,0.351,0.232929264235,66.0,0.1366111617,0.158793120494,0.847216621093,0.768365014233,41.7562875664,240,
6.0,0.351,0.140329360682,6.0,0.100568973014,0.124236856007,0.872179149238,0.836539692868,47.5344932848,239,
12.0,0.351,0.13156045869,6.0,0.0974886672159,0.119385323838,0.882709525571,0.845289522206,50.4340972186,239,
18.0,0.351,0.151631896541,0.0,0.121760123927,0.139338848248,0.885450443665,0.806359145626,51.2710964203,239,
24.0,0.351,0.273099786151,-12.0,0.217447878986,0.222018445951,0.948021601098,0.674858167855,67.7694164531,239,
30.0,0.351,0.236817918811,-12.0,0.182625195177,0.187044379799,0.957563340194,0.729012195773,70.9331307913,239,
36.0,0.351,0.21176212779,-12.0,0.172538282785,0.176146148346,0.967035055877,0.746375232788,74.4928591238,239,
42.0,0.351,0.230017263055,-18.0,0.206722247044,0.209512492701,0.969503030603,0.693341479893,75.4918397077,239,
48.0,0.351,0.242129893585,-18.0,0.218373400934,0.220723422914,0.972952188332,0.677742027978,76.8986989628,239,
54.0,0.351,0.210852394374,-12.0,0.186733623939,0.189407601326,0.973644745137,0.725497780972,77.1926586743,239,
60.0,0.351,0.180000989401,-12.0,0.166443017047,0.169401522966,0.973967779389,0.757949000021,77.3313479268,239,
66.0,0.351,0.230636965301,-12.0,0.20747743373,0.209778290649,0.974879915516,0.69372392873,77.7173782831,239,
72.0,0.351,nan,nan,nan,nan,nan,nan,nan,0,
78.0,0.351,0.202773123648,-24.0,0.191770445955,0.19435437703,0.973915248791,0.718835729854,77.2807126507,239,
84.0,0.351,0.163623003611,-24.0,0.155043142095,0.158080598495,0.97512858591,0.778125903128,77.8178618623,239,
90.0,0.351,0.211084520124,-12.0,0.202252352759,0.204457097817,0.97654708632,0.703491305353,78.4616861106,239,
96.0,0.351,0.219298451206,0.0,0.216682933581,0.218676703313,0.977310895272,0.682468373491,78.8089751253,239,
102.0,0.351,0.20614637859,6.0,0.196368990916,0.198543543148,0.977540290266,0.712273224991,78.9221765862,239,
108.0,0.351,0.157955936842,6.0,0.152476709591,0.155412755679,0.976337248028,0.782033752164,78.3743470134,239,
114.0,0.351,0.215083972154,6.0,0.2016862672,0.204203776442,0.973211345168,0.702178423116,77.0078217979,239,
120.0,0.351,0.222888912859,6.0,0.214209596569,0.216322228354,0.976241942047,0.684038563927,78.3077342804,239,
126.0,0.351,0.211841650507,6.0,0.199634043306,0.201947132956,0.975677922864,0.706335547719,78.0783475924,239,
