LeadTime (HRS), obsMax (m MSL), Peak (m), PLag (min), Bias(m), RMSD (m), RVal, Skil, VExp (%), nPts,
-0.0,0.653,0.163803877173,42.0,0.00661904715511,0.134075336174,0.965107323785,0.98202234613,73.0221617972,240,
6.0,0.653,0.153740869419,-576.0,0.0125826494041,0.132096796599,0.966422035194,0.982574895414,73.5255624146,239,
12.0,0.653,0.111521452262,-576.0,-0.049700185026,0.138790055411,0.967445484403,0.980872270585,73.9101090638,239,
18.0,0.653,0.250225607779,-576.0,0.0636719382111,0.144738399406,0.967258797494,0.979174820803,73.8305917725,239,
24.0,0.653,0.284762087048,-636.0,0.115380651201,0.14180419106,0.986462389362,0.979999816866,83.3929223798,239,
30.0,0.653,0.192755150291,-636.0,0.0934428570743,0.123084194265,0.987121575242,0.984802546464,83.8608741239,239,
36.0,0.653,0.162475099195,-666.0,0.0646518767841,0.101274596334,0.987734182866,0.989624782986,84.2960765808,239,
42.0,0.653,0.277832488338,-636.0,0.187096457739,0.202050892085,0.988298399986,0.96013489633,84.6320101195,239,
48.0,0.653,0.302305016133,-642.0,0.185816663053,0.199311324066,0.989564193676,0.961233441256,85.4769256149,239,
54.0,0.653,0.221525532903,-642.0,0.140288175673,0.158851866376,0.988805409807,0.974918278465,84.9877955912,239,
60.0,0.653,0.211830157311,-636.0,0.135052410934,0.153754465989,0.989056220477,0.976377915471,85.1944869042,239,
66.0,0.653,0.320910608504,-666.0,0.246509787351,0.257703920123,0.988526893581,0.936419507826,84.8651687503,239,
72.0,0.653,nan,nan,nan,nan,nan,nan,nan,0,
78.0,0.653,0.282647507649,-672.0,0.200856378001,0.212128105619,0.990554012827,0.956051789675,86.2635099447,239,
84.0,0.653,0.214881987135,-648.0,0.144817350641,0.160348396558,0.990374352356,0.974334437818,86.1394038329,239,
90.0,0.653,0.298309673564,-672.0,0.220862660184,0.229471506079,0.99218473996,0.949352773946,87.4641559277,239,
96.0,0.653,0.369163192655,-672.0,0.303756286665,0.310284561106,0.991895722073,0.911445521139,87.2528968879,239,
102.0,0.653,0.240711386065,-672.0,0.19089654013,0.202840866115,0.990423446884,0.959376978151,86.1930475964,239,
108.0,0.653,0.179622796055,-660.0,0.136589333155,0.152488726558,0.990645828605,0.976646335948,86.3506644923,239,
114.0,0.653,0.224896426788,-648.0,0.172057536184,0.184383564419,0.991078239848,0.966390353984,86.6549829506,239,
120.0,0.653,0.326906499234,-672.0,0.271681116772,0.279831851064,0.990902568038,0.926451188711,86.5013636415,239,
126.0,0.653,0.183580259086,-654.0,0.118648405272,0.135707494713,0.991267888908,0.981629066834,86.7378939349,239,
