LeadTime (HRS), obsMax (m MSL), Peak (m), PLag (min), Bias(m), RMSD (m), RVal, Skil, VExp (%), nPts,
-0.0,1.081,0.319969808247,-66.0,0.467419006324,0.504677473136,0.97980139919,0.80739509632,67.8889566546,240,
6.0,1.081,0.321145529571,-66.0,0.499926235425,0.53458413214,0.983410636161,0.791395921681,68.1156124272,239,
12.0,1.081,0.219723314356,-42.0,0.400492614598,0.442500686103,0.98436665574,0.841558039384,68.3124991578,239,
18.0,1.081,0.2644691986,-48.0,0.448336069438,0.484575909921,0.985808286258,0.819274268994,69.0384262126,239,
24.0,1.081,0.24519276504,-36.0,0.443060584908,0.479452885945,0.988945217161,0.821217470405,69.1467675788,239,
30.0,1.081,0.29608490589,-42.0,0.474813185731,0.509927670885,0.984302477039,0.805214756229,68.6877925622,239,
36.0,1.081,nan,nan,nan,nan,nan,nan,nan,0,
42.0,1.081,0.228096342597,-48.0,0.412253673873,0.454625548975,0.981345865638,0.835037761468,67.7728286538,239,
48.0,1.081,0.173642807394,-30.0,0.346754514491,0.395335836366,0.982650414673,0.868045401554,68.0723388558,239,
54.0,1.081,0.258524455082,-54.0,0.433836064802,0.472164863313,0.980826448635,0.827492837464,68.6649080425,239,
60.0,1.081,0.209605916046,-24.0,0.389279075314,0.430379151418,0.98703248521,0.849446022767,69.1367424125,239,
66.0,1.081,0.228134306916,-36.0,0.409246405134,0.449601773267,0.983774030305,0.839029908281,68.695057851,239,
72.0,1.081,0.197111240361,-30.0,0.374683850792,0.418256552415,0.987692321086,0.855170723442,68.7441317804,239,
78.0,1.081,0.269694226582,-54.0,0.425761624585,0.465441145341,0.980600722027,0.830789716042,68.3790056693,239,
84.0,1.081,0.228153133577,-60.0,0.387086015053,0.431079602613,0.981263252169,0.848952296333,68.0978941736,239,
90.0,1.081,0.263985720283,-36.0,0.446629149333,0.484925680155,0.98360623049,0.818674028234,68.2394527177,239,
96.0,1.081,0.198575623166,-42.0,0.383922797971,0.426681983191,0.985917208853,0.850958024005,68.6943056696,239,
102.0,1.081,0.268980059845,-42.0,0.459224394407,0.496506248215,0.983430583408,0.812239262155,68.2590037135,239,
108.0,1.081,0.229054401755,-48.0,0.396307976029,0.43653870898,0.982865631632,0.847734907636,69.2202170778,239,
114.0,1.081,0.261831705015,-30.0,0.438915527293,0.478382865843,0.982491424595,0.822183017765,68.005282026,239,
120.0,1.081,0.194322699675,-18.0,0.378663557079,0.42295052256,0.983882282488,0.853041045784,68.3171180222,239,
126.0,1.081,0.220508440105,-36.0,0.390135635016,0.43321303984,0.984829496099,0.846392078879,68.2665667718,240,
