LeadTime (HRS), obsMax (m MSL), Peak (m), PLag (min), Bias(m), RMSD (m), RVal, Skil, VExp (%), nPts,
-0.0,1.15,0.370277562433,6.0,0.338387025444,0.420456798451,0.938464634541,0.911391292561,65.3948964447,240,
6.0,1.15,0.233687977676,6.0,0.211129093374,0.331822301247,0.935981514552,0.941307977288,64.565679367,239,
12.0,1.15,0.243309484969,12.0,0.216482848144,0.33579244774,0.935427161536,0.940210917121,64.4681580597,239,
18.0,1.15,0.220756781574,12.0,0.191033177266,0.321296707572,0.934733249601,0.944603614246,64.2407430707,239,
24.0,1.15,0.359110964242,12.0,0.313782813345,0.405035312076,0.935327708254,0.916767184561,64.5485411479,239,
30.0,1.15,0.194141761493,12.0,0.168153769781,0.308650076658,0.934556450431,0.948508164166,64.1734863417,239,
36.0,1.15,nan,nan,nan,nan,nan,nan,nan,0,
42.0,1.15,0.159334732699,12.0,0.139624930538,0.275150528885,0.946642023525,0.958756348559,67.1954224189,239,
48.0,1.15,0.290516603413,6.0,0.250477715252,0.342569540972,0.94708163052,0.939200009887,67.6650310288,239,
54.0,1.15,0.160738841005,12.0,0.145319898541,0.278005026204,0.946540469929,0.958034022573,67.20819673,239,
60.0,1.15,0.200358278317,12.0,0.174454997906,0.29346679592,0.946544809317,0.953909953546,67.3488184693,239,
66.0,1.15,0.179358328832,12.0,0.154483330041,0.280343156947,0.947633963439,0.957741794913,67.6317800144,239,
72.0,1.15,0.269290988703,12.0,0.234840579526,0.331329699368,0.947141669562,0.94275427982,67.6607485853,239,
78.0,1.15,0.169131088888,12.0,0.150770187007,0.282469943468,0.945406525596,0.956822514533,66.9498007932,239,
84.0,1.15,0.205912304562,12.0,0.18428470858,0.301310187843,0.945337271961,0.95148391632,67.0166678968,239,
90.0,1.15,0.223074836839,12.0,0.192543553893,0.306887623304,0.944900986255,0.949897103479,66.9355042646,239,
96.0,1.15,0.272874490498,12.0,0.24522942047,0.340641949562,0.94597219241,0.939429467356,67.2869454122,239,
102.0,1.15,0.216379880066,18.0,0.192687176984,0.308360368902,0.944071104366,0.949329072573,66.6901186189,239,
108.0,1.15,0.203176495601,12.0,0.185300414978,0.302854214414,0.944889191874,0.950858372553,66.8552843187,239,
114.0,1.15,0.255000988191,12.0,0.22211378472,0.328578298536,0.943027823797,0.943269014505,66.4977395365,239,
120.0,1.15,0.220836387807,12.0,0.194376959813,0.310280371919,0.943344525291,0.948866373269,66.5370934282,239,
126.0,1.15,0.20553954963,12.0,0.181025444613,0.304206273928,0.941852970296,0.950384815152,66.1112407929,240,
