LeadTime (HRS), obsMax (m MSL), Peak (m), PLag (min), Bias(m), RMSD (m), RVal, Skil, VExp (%), nPts,
-0.0,0.514,0.211905575417,234.0,0.188376201392,0.193222772296,0.611169118699,0.230123765807,0.0,240,
6.0,0.514,0.21442392224,366.0,0.193148702019,0.197858505643,0.571211172905,0.223385987055,0.0,239,
12.0,0.514,0.22743295985,444.0,0.190675583464,0.196095375367,0.781423991022,0.237433684698,0.0,239,
18.0,0.514,0.170612116029,348.0,0.1312236273,0.134391845711,0.915877771053,0.328792001553,0.0,239,
24.0,0.514,0.140451463349,240.0,0.106036323899,0.109495592737,0.920445424883,0.388470913586,1.17598136798,239,
30.0,0.514,0.14120766304,288.0,0.109313345223,0.112035251326,0.87476217457,0.370520915784,11.1638940212,239,
36.0,0.514,nan,nan,nan,nan,nan,nan,nan,0,
42.0,0.514,0.209082751738,168.0,0.221205023281,0.222624240712,0.418038807699,0.185491852848,9.15602765289,239,
48.0,0.514,0.216942340313,288.0,0.220128298378,0.221454346374,0.483088745909,0.186792800111,12.4110538853,239,
54.0,0.514,0.230643777437,378.0,0.242841849623,0.24420187322,0.364075741005,0.171059665205,6.84184513799,239,
60.0,0.514,0.216855889818,366.0,0.223073038889,0.224728459999,0.259571214484,0.182582827241,1.44907677696,239,
66.0,0.514,0.22433004248,168.0,0.228815314454,0.230206134033,0.404516622976,0.179789902999,8.54329125133,239,
72.0,0.514,0.234172232744,-600.0,0.244056155323,0.245531292684,0.264029409678,0.169478349967,2.7263863774,239,
78.0,0.514,0.244353827462,324.0,0.243927151425,0.245502844031,0.18903838058,0.16893154623,0.0,239,
84.0,0.514,0.217281194193,288.0,0.22603439091,0.227430080486,0.413290702423,0.181861249227,8.93956272114,239,
90.0,0.514,0.229190148856,228.0,0.237325238911,0.238818586396,0.295457265544,0.173955143939,3.48091483232,239,
96.0,0.514,0.232472753264,-666.0,0.236998960452,0.238356925871,0.396307122557,0.175001937675,8.03608011216,239,
102.0,0.514,0.232783768166,390.0,0.219588693247,0.22274560055,0.414741887252,0.195502253905,0.0,239,
108.0,0.514,0.109746874184,294.0,0.0505691463222,0.0639587237204,0.919564391965,0.614204925119,0.0,239,
114.0,0.514,0.0914553042309,300.0,0.0538216217627,0.0610902686697,0.94533784376,0.607506675626,0.0,239,
120.0,0.514,0.0936983284945,306.0,0.0415381782626,0.0545659978303,0.913375760057,0.668064989997,0.0,239,
126.0,0.514,0.0894859871578,384.0,0.0472259164007,0.0558749782235,0.879764888538,0.619839840765,0.0,240,
