LeadTime (HRS), obsMax (m MSL), Peak (m), PLag (min), Bias(m), RMSD (m), RVal, Skil, VExp (%), nPts,
-0.0,0.785,1.04537948103,18.0,0.260559993628,0.497994568421,0.978885317006,0.853741790868,3.08172705967,240,
6.0,0.785,0.928282282786,18.0,0.178815751059,0.443534329169,0.980583414525,0.878617208485,7.49894033755,239,
12.0,0.785,0.939227708773,18.0,0.18634644588,0.447483827827,0.981153590392,0.876969480548,7.28326397544,239,
18.0,0.785,0.946987773365,18.0,0.191541554247,0.449534433955,0.981819213947,0.876117246568,7.31792730523,239,
24.0,0.785,1.01016992768,18.0,0.245236482782,0.483112629893,0.981195102724,0.860917966078,5.14016436733,239,
30.0,0.785,0.900521386136,18.0,0.148413750255,0.434443033171,0.981208434041,0.883394265566,6.94851710789,239,
36.0,0.785,nan,nan,nan,nan,nan,nan,nan,0,
42.0,0.785,0.897188814507,12.0,0.152122901155,0.430183197549,0.983189270132,0.885097981899,8.30331675344,239,
48.0,0.785,0.975075636811,12.0,0.213345522104,0.462982149177,0.983162191247,0.870499014986,6.36435673133,239,
54.0,0.785,0.865861222118,12.0,0.117231214512,0.420270214241,0.983437132437,0.889947913502,8.02971325667,239,
60.0,0.785,0.902032775462,12.0,0.159070875244,0.432673387708,0.983326926079,0.883950248714,8.30713648046,239,
66.0,0.785,0.881276241665,12.0,0.141017640019,0.426213431979,0.982847778297,0.88687549658,8.34418360041,239,
72.0,0.785,0.949338931118,12.0,0.198356555283,0.455253519356,0.982568034584,0.873954882057,6.62140783429,239,
78.0,0.785,0.863341305317,12.0,0.117204334872,0.419619847748,0.98377624886,0.890242927978,8.1822733969,239,
84.0,0.785,0.903417136351,12.0,0.164294959523,0.433746325939,0.983393117376,0.883345469974,8.52250880251,239,
90.0,0.785,0.903337351382,12.0,0.156211089768,0.432365941241,0.984225428033,0.884394003027,8.12730404072,239,
96.0,0.785,0.964162200706,12.0,0.215762226125,0.459273540203,0.983949191788,0.871754882041,7.60862480437,239,
102.0,0.785,0.88344189566,12.0,0.13855891976,0.424575411019,0.984944278481,0.887977439834,8.54446248214,239,
108.0,0.785,0.942522657149,12.0,0.194453341355,0.447262743832,0.985253590457,0.87748945347,8.21397949299,239,
114.0,0.785,0.947158904689,12.0,0.198206652855,0.451340483027,0.984445799566,0.875702263702,7.59639851565,239,
120.0,0.785,0.960951704853,12.0,0.218806223581,0.46127149933,0.983264335911,0.870708562857,7.46361766616,239,
126.0,0.785,0.918062458091,12.0,0.175121171405,0.441764693822,0.983162959797,0.879674346878,7.3869332485,240,
