LeadTime (HRS), obsMax (m MSL), Peak (m), PLag (min), Bias(m), RMSD (m), RVal, Skil, VExp (%), nPts,
-0.0,0.79,0.290726809835,78.0,0.221331962071,0.227466739733,0.962424909274,0.742463196145,72.6990108479,240,
6.0,0.79,0.232202942112,18.0,0.223096797364,0.227650557347,0.971844853688,0.748899068904,76.4275439809,240,
18.0,0.79,0.0731161384277,18.0,0.0851474959579,0.0864770460732,0.997803069139,0.949701134068,92.1327253146,239,
24.0,0.79,0.095127096075,78.0,0.0979223451896,0.0987428569017,0.997815666363,0.937817672062,93.3841078664,239,
30.0,0.79,0.0811308317893,0.0,0.095559981734,0.0965631052103,0.997585779276,0.939460142657,92.7698178708,239,
42.0,0.79,0.0249589072072,72.0,0.036888338825,0.0401469113127,0.997395121595,0.988686297376,91.7483518029,239,
48.0,0.79,0.0392022761608,6.0,0.0587215534667,0.0613882681439,0.996803654769,0.973746937684,90.6790581473,239,
54.0,0.79,0.0459891141779,-54.0,0.0683769610002,0.0729003528236,0.992105632963,0.963425703033,86.8340991289,239,
