LeadTime (HRS), obsMax (m MSL), Peak (m), PLag (min), Bias(m), RMSD (m), RVal, Skil, VExp (%), nPts,
-0.0,1.166,0.0110373203206,36.0,-0.154339706812,0.313483851673,0.935291130663,0.956740409073,63.4590551372,240,
6.0,1.166,0.0105028761154,-684.0,-0.156060415464,0.317373132846,0.933814785389,0.955739630086,62.9910115547,240,
18.0,1.166,0.258846463993,30.0,0.146295225526,0.237151077118,0.969404797833,0.975119797653,74.9742681497,239,
24.0,1.166,0.252038554493,42.0,0.161054322558,0.252677399249,0.967019620329,0.971974684358,73.8952280379,239,
30.0,1.166,0.241677470767,42.0,0.156687272728,0.239521872232,0.971511018751,0.974843420133,75.7100738745,239,
42.0,1.166,0.136455028799,12.0,0.0742838104374,0.190034581915,0.97322423859,0.983947351511,76.5477941726,239,
48.0,1.166,0.157956627076,6.0,0.0733466092693,0.192924976509,0.972259435588,0.983494209409,76.0752846249,239,
54.0,1.166,0.150810530471,-6.0,0.0708418170315,0.189618833441,0.973085804062,0.98406911541,76.4172023679,239,
