LeadTime (HRS), obsMax (m MSL), Peak (m), PLag (min), Bias(m), RMSD (m), RVal, Skil, VExp (%), nPts,
-0.0,1.536,-0.0842368277095,-30.0,-0.0553620328458,0.184776248562,0.982681412089,0.989529327269,81.0774550402,240,
6.0,1.536,-0.0997107146491,-30.0,-0.054684439458,0.180467271544,0.983561962947,0.990024678771,81.5395361019,240,
18.0,1.536,0.0203729272893,-24.0,0.0771314479046,0.161182378045,0.989386867927,0.992070308077,84.8132174893,239,
24.0,1.536,0.0146023858097,-30.0,0.0826706661707,0.164610431908,0.989325677534,0.991717414933,84.7256509345,239,
30.0,1.536,0.0131018164639,-42.0,0.0754430009079,0.158800324274,0.989750910852,0.992294718037,85.0057280045,239,
42.0,1.536,0.0889904262957,-30.0,0.15174720488,0.202207671521,0.990709533194,0.987598888534,85.6593289746,239,
48.0,1.536,0.0942841628864,-30.0,0.149203455332,0.200025717247,0.990785615739,0.987860578636,85.7044080079,239,
54.0,1.536,0.116310638966,-30.0,0.158686452333,0.209407597099,0.990205621581,0.986710978645,85.3379797873,239,
