LeadTime (HRS), obsMax (m MSL), Peak (m), PLag (min), Bias(m), RMSD (m), RVal, Skil, VExp (%), nPts,
-0.0,0.43,0.0243706523435,-42.0,-0.0274243038595,0.0694405201859,0.938540203754,0.96243953176,65.3917004297,240,
6.0,0.43,-0.00251029291191,-42.0,-0.0283187420092,0.0673602160998,0.943585754787,0.964614663436,66.844157617,240,
18.0,0.43,-0.0272448002631,-108.0,-0.0114695440341,0.0576308765078,0.952111775124,0.973917505612,69.4249238881,239,
24.0,0.43,-0.0283282200719,-48.0,-0.0108275067746,0.0549443045239,0.956637212794,0.976115316313,70.8384955863,239,
30.0,0.43,-0.0320909809682,-60.0,-0.012050912494,0.054409007888,0.957934236897,0.976678212896,71.2765796632,239,
42.0,0.43,-0.0213748159442,-72.0,-0.00148781590873,0.0504750583596,0.962065506222,0.980015423142,72.6865781265,239,
48.0,0.43,-0.0126012693192,-66.0,-0.000644748908517,0.052589345835,0.958921560689,0.977960743709,71.532248886,239,
54.0,0.43,-0.0191600233851,-66.0,6.83050748637e-05,0.0517858162319,0.960108133878,0.978746926261,71.9651342072,239,
