LeadTime (HRS), obsMax (m MSL), Peak (m), PLag (min), Bias(m), RMSD (m), RVal, Skil, VExp (%), nPts,
-0.0,0.79,0.0597042568663,6.0,-0.0482927931284,0.0782347393469,0.991225156353,0.992733898486,86.4563515031,240,
6.0,0.79,0.0603879850678,6.0,-0.0499554021871,0.0771141576358,0.991983118773,0.992933942457,87.0735629196,240,
18.0,0.79,0.0792529780215,0.0,-0.0497239251112,0.0748631667816,0.992738493065,0.993306442258,87.6395115355,239,
24.0,0.79,0.0604698763351,0.0,-0.0468885349172,0.0687621745166,0.994107271636,0.994338656427,88.8914416776,239,
30.0,0.79,0.00380612872479,0.0,-0.045035863317,0.067009480811,0.994158617725,0.9945949904,89.0410054653,239,
42.0,0.79,0.0379304547994,0.0,-0.0112389805099,0.0438364263256,0.995808318145,0.997688297672,90.6417710547,239,
48.0,0.79,0.0348466351617,0.0,-0.00969189392731,0.043714511732,0.995734734802,0.997698318682,90.5853633992,239,
54.0,0.79,0.0273548012628,0.0,-0.00692420063573,0.0406154524871,0.996324958445,0.998020788606,91.1608683736,239,
