LeadTime (HRS), obsMax (m MSL), Peak (m), PLag (min), Bias(m), RMSD (m), RVal, Skil, VExp (%), nPts,
-0.0,1.043,0.151369758592,-36.0,-0.0629572866122,0.12755623174,0.987152693746,0.989457013208,81.4433095983,240,
6.0,1.043,0.148395992552,-36.0,-0.0647576650738,0.124258124626,0.988386730555,0.989985652505,82.2607966273,240,
18.0,1.043,0.119527075967,-36.0,-0.0883767786524,0.134229468203,0.989708194469,0.988330415223,83.0870726066,239,
24.0,1.043,0.0779452587457,-30.0,-0.0912418316018,0.134324017479,0.990187083111,0.988300630377,83.4973669769,239,
30.0,1.043,0.0709567727664,-30.0,-0.1008266922,0.138068377456,0.99091808396,0.987612199615,84.2098607719,239,
42.0,1.043,0.0266821215157,-24.0,-0.143650605521,0.1702239052,0.991737427078,0.981348705455,84.7113735257,239,
48.0,1.043,-0.0106705424558,-24.0,-0.145777547155,0.170171968376,0.992109433315,0.981263760244,85.3032329856,239,
54.0,1.043,-0.00997127674848,-30.0,-0.148646410864,0.170355434757,0.993238406986,0.98126641273,86.0689308017,239,
