LeadTime (HRS), obsMax (m MSL), Peak (m), PLag (min), Bias(m), RMSD (m), RVal, Skil, VExp (%), nPts,
-0.0,0.548,0.356280675443,-78.0,0.187798678183,0.257528604682,0.704811778444,0.693374919075,0.0,240,
6.0,0.548,0.324139181379,-78.0,0.186820023527,0.240364805294,0.749262064171,0.712541604161,12.6029372803,240,
18.0,0.548,0.239592821217,-78.0,0.21276838387,0.235136382128,0.867326033563,0.724150896974,42.2076975336,239,
24.0,0.548,0.207593504674,18.0,0.213939039733,0.229864842911,0.899053626792,0.728746251411,51.458877387,239,
30.0,0.548,0.19334144929,18.0,0.21353873737,0.222174603498,0.941666939133,0.73875049423,64.5825756648,239,
42.0,0.548,0.188991452441,-18.0,0.217914997809,0.22356348467,0.961748813735,0.739872051627,71.1673588175,239,
48.0,0.548,0.174223275787,-66.0,0.219190059837,0.224249069895,0.96550141595,0.738247891752,72.6527681038,239,
54.0,0.548,0.170383712887,-18.0,0.219817289357,0.224554871055,0.967086662426,0.737275168275,73.5079617802,239,
