LeadTime (HRS), obsMax (m MSL), Peak (m), PLag (min), Bias(m), RMSD (m), RVal, Skil, VExp (%), nPts,
-0.0,0.59,0.354357744697,-570.0,0.398390810346,0.408131836806,0.575154077442,0.332536536719,18.1776689646,240,
6.0,0.59,0.322742851573,-492.0,0.413557223604,0.42234496361,0.671407934459,0.321167806934,20.8815931695,240,
18.0,0.59,0.398816495969,-198.0,0.470994086315,0.475190597672,0.846191604213,0.306346395507,41.499474545,239,
24.0,0.59,0.398375502474,-270.0,0.468859985101,0.472479572595,0.870984686361,0.310120913378,45.8086084872,239,
30.0,0.59,0.395492579742,-534.0,0.459033639622,0.462023653804,0.905430427695,0.317366031083,51.2799690278,239,
42.0,0.59,0.441426394011,-408.0,0.498229459098,0.499686597534,0.958896163355,0.303375285347,64.598226352,239,
48.0,0.59,0.437383755045,-264.0,0.50271241878,0.504295490944,0.950859084378,0.301297163871,62.9324052892,239,
54.0,0.59,0.425073646128,-408.0,0.498249386232,0.49986879584,0.955092467909,0.302369664283,62.6752465232,239,
