LeadTime (HRS), obsMax (m MSL), Peak (m), PLag (min), Bias(m), RMSD (m), RVal, Skil, VExp (%), nPts,
-0.0,1.684,0.758792807435,-12.0,0.564129030091,0.600935114857,0.97345144578,0.897072942344,76.3294986366,240,
6.0,1.684,0.754739112816,-12.0,0.5609654012,0.594965899342,0.975881908882,0.899185520055,77.3388795502,240,
18.0,1.684,0.702375938885,-30.0,0.556871353479,0.584314887447,0.981009235589,0.903196556862,79.8114754985,239,
24.0,1.684,0.710553755849,-30.0,0.560384910352,0.587123466409,0.981285050226,0.902230226581,80.0173442991,239,
30.0,1.684,0.690741192243,-60.0,0.552002999454,0.579036084218,0.981422846925,0.904665888906,80.0522963622,239,
42.0,1.684,0.418750871363,-96.0,0.378083514384,0.411926215998,0.983729580162,0.948794166714,81.3467276772,239,
48.0,1.684,0.407213790107,-60.0,0.378377333241,0.411227679764,0.984291740612,0.949029464614,81.6269513936,239,
54.0,1.684,0.383510235269,-60.0,0.379878425731,0.409053208666,0.985829227892,0.949360406462,82.692680936,239,
