LeadTime (HRS), obsMax (m MSL), Peak (m), PLag (min), Bias(m), RMSD (m), RVal, Skil, VExp (%), nPts,
-0.0,0.509,0.0905385383051,-24.0,0.139675662765,0.153315687165,0.781802121253,0.551357527623,30.5007157896,240,
6.0,0.509,0.0934899161444,-24.0,0.141891751491,0.154365083519,0.82640552052,0.552250712006,33.1701033267,240,
18.0,0.509,0.195997194276,138.0,0.239739340573,0.244815346129,0.894438764716,0.435054758755,45.2722197592,239,
24.0,0.509,0.190323091097,132.0,0.241917218478,0.246685827558,0.900966941919,0.434267683051,46.7340918817,239,
30.0,0.509,0.178822145884,126.0,0.238563621311,0.243871221584,0.896803073481,0.434286514859,44.1602035023,239,
42.0,0.509,0.371782832028,48.0,0.419630328053,0.422402136114,0.883046675,0.296652516852,46.688440808,239,
48.0,0.509,0.368300641218,48.0,0.419116444747,0.421804736312,0.893390342431,0.297133192317,47.5323974153,239,
54.0,0.509,0.368372955718,54.0,0.421641439154,0.424466672697,0.880633261616,0.295280167702,46.0470126823,239,
