LeadTime (HRS), obsMax (m MSL), Peak (m), PLag (min), Bias(m), RMSD (m), RVal, Skil, VExp (%), nPts,
-0.0,0.498,0.269286138306,12.0,0.137017998989,0.166999356735,0.972556364868,0.958204852471,76.0837969557,240,
6.0,0.498,0.1604281964,18.0,0.0707944825619,0.109487744544,0.978819793354,0.981599920265,79.1111559919,239,
12.0,0.498,0.13437091456,18.0,0.0583513419662,0.096714679678,0.981747830535,0.985528857417,80.7097972457,239,
18.0,0.498,0.182573413284,12.0,0.120389315897,0.139682309032,0.984512095515,0.970287046572,82.2839634332,239,
24.0,0.498,0.24486062725,12.0,0.167323199836,0.180215359627,0.986150312426,0.951577704742,83.2588759018,239,
30.0,0.498,0.101502799851,12.0,0.0794686608516,0.0992139920938,0.989037515504,0.984765612873,85.1442806791,239,
36.0,0.498,0.0958814274217,-66.0,0.0666653615485,0.0870303402191,0.990235151375,0.98821277552,86.0075707885,239,
42.0,0.498,0.120860881279,-66.0,0.100920793828,0.113397770452,0.991619048091,0.980091892903,87.0668339393,239,
48.0,0.498,0.206216465246,-66.0,0.167623932513,0.175419946282,0.991621251413,0.953769854012,87.0660429798,239,
54.0,0.498,0.0775078885428,-60.0,0.0731378103052,0.0901214209803,0.991305509483,0.987316656764,86.830352097,239,
60.0,0.498,0.0709239871851,-66.0,0.0654255508515,0.0833026805678,0.991653222767,0.98912024151,87.1036776482,239,
66.0,0.498,0.0888022721977,-60.0,0.080342944108,0.0944637279845,0.992253387789,0.98599824747,87.5740762855,239,
72.0,0.498,nan,nan,nan,nan,nan,nan,nan,0,
78.0,0.498,0.0505109352363,18.0,0.0680860405804,0.0794261634056,0.994754442045,0.990118497277,89.7699362651,239,
84.0,0.498,0.0719606237261,-72.0,0.090128355333,0.0989834598864,0.994752630078,0.984715146344,89.7644387233,239,
90.0,0.498,0.0751294293315,6.0,0.0945653960936,0.102323706735,0.995215560491,0.983695594357,90.2242540513,239,
96.0,0.498,0.170893186754,6.0,0.189030712703,0.193238122432,0.994956169044,0.944463398784,89.9689283084,239,
102.0,0.498,0.0706639002155,18.0,0.0789374985532,0.0894629734629,0.994454515834,0.987574692289,89.4695243875,239,
108.0,0.498,0.0964483041381,-12.0,0.105274832018,0.113020363143,0.994705538117,0.980309245616,89.7150265634,239,
114.0,0.498,0.078405902773,-6.0,0.0903387056285,0.100481667807,0.994057821526,0.984531131831,88.9960082014,239,
120.0,0.498,0.186565078842,-36.0,0.186866390768,0.192648163131,0.99323071804,0.945429829542,88.2834379642,239,
126.0,0.498,0.0953609905883,-36.0,0.0911463279089,0.101692902411,0.993705312897,0.984104920175,88.7200054076,239,
