LeadTime (HRS), obsMax (m MSL), Peak (m), PLag (min), Bias(m), RMSD (m), RVal, Skil, VExp (%), nPts,
-0.0,0.347,-0.109897283167,24.0,-0.0475475433302,0.079855824966,0.948375741941,0.968978812255,72.1020907138,228,
6.0,0.347,-0.0507738046778,12.0,-0.00127168372356,0.0733363041476,0.937253823561,0.974746312309,71.7450765832,227,
12.0,0.347,0.0110029140891,24.0,0.0309199657937,0.0831051615389,0.934368520498,0.969481526465,72.5106133954,227,
18.0,0.347,-0.0471852209271,24.0,-0.0114170540239,0.0729953219713,0.940071614462,0.975058452871,71.5316078653,228,
24.0,0.347,-0.0389857913251,18.0,0.00721450757483,0.0775531188384,0.937917049698,0.971616390426,70.7477982664,227,
30.0,0.347,0.012472936494,12.0,0.0566557759945,0.101802204092,0.937465824005,0.952395460078,70.8406615266,227,
36.0,0.347,0.0491583682343,12.0,0.113739353555,0.151057535664,0.931067972673,0.897626891252,67.3147819859,227,
42.0,0.347,0.043847090648,18.0,0.0981032000283,0.136101910385,0.936038286969,0.915880314353,68.7425949517,227,
48.0,0.347,0.0392263396646,18.0,0.10165088504,0.139593474543,0.937380898526,0.910607712157,68.1988228427,227,
54.0,0.347,0.0897669143243,12.0,0.143143588005,0.174476372872,0.934589899282,0.871505266187,69.0013115368,227,
60.0,0.347,0.073094276506,24.0,0.13945844057,0.173377897677,0.93446304141,0.867783222231,67.0886910062,227,
66.0,0.347,0.070439973217,6.0,0.131338906155,0.163402426927,0.941819671186,0.882498925923,69.1386146052,227,
72.0,0.347,0.0690288198136,6.0,0.132796579383,0.164937349402,0.943652275032,0.879053748077,68.8650075847,227,
78.0,0.347,0.0390496809271,-12.0,0.112681237824,0.1486674302,0.946426372176,0.896963899828,67.7444309413,227,
84.0,0.347,0.0534304262313,-12.0,0.130857750135,0.165286351675,0.941636426326,0.875886121928,66.8873772014,227,
90.0,0.347,0.0983462110086,-12.0,0.138415428176,0.164584757124,0.951525126617,0.885897575248,73.4168837597,227,
96.0,0.347,0.0669601108394,24.0,0.141158708484,0.175980759384,0.936645111801,0.861263868373,65.5657339354,227,
102.0,0.347,0.0378161450187,24.0,0.120120492626,0.159015609248,0.9310460682,0.883444229316,65.2479450483,227,
108.0,0.347,nan,nan,nan,nan,nan,nan,nan,0,
114.0,0.347,0.0677825671805,12.0,0.115414128824,0.151472114288,0.927493713419,0.900453493027,68.499367467,227,
120.0,0.347,0.055582552187,18.0,0.124351005391,0.157493080354,0.937917436536,0.89068521879,69.3702288296,227,
126.0,0.347,0.0334357735112,18.0,0.101002625905,0.142828073696,0.927590619083,0.905236565975,65.7896875171,227,
