LeadTime (HRS), obsMax (m MSL), Peak (m), PLag (min), Bias(m), RMSD (m), RVal, Skil, VExp (%), nPts,
-0.0,0.371,0.0302497456905,-18.0,0.111981728238,0.141385424043,0.985525414466,0.882252918436,63.7332338358,240,
6.0,0.371,0.0562692603157,12.0,0.130198461633,0.153492411944,0.981240719438,0.870037984421,65.7750846883,239,
12.0,0.371,0.0299297524679,0.0,0.102890314117,0.135569158826,0.972493442449,0.891644305553,62.8346039977,239,
18.0,0.371,0.00746399831685,-12.0,0.0794475014736,0.122620579224,0.973326828981,0.90600805525,60.7546614667,240,
24.0,0.371,0.0114248387539,0.0,0.091895810201,0.13005440204,0.974251996481,0.896472612404,61.3049896488,239,
30.0,0.371,0.0362004241993,-24.0,0.110770661615,0.14250141551,0.970576681958,0.881893511199,62.3066387784,239,
36.0,0.371,0.0194490649919,-12.0,0.105252345618,0.142340433942,0.969169948464,0.877156063414,59.7081482817,239,
42.0,0.371,0.0102239012928,6.0,0.0974723975074,0.1369396552,0.971281312306,0.884188294644,59.5573635298,239,
48.0,0.371,-0.00202728515179,0.0,0.0891485089485,0.132302024141,0.973821397597,0.889179954861,58.8966263358,239,
54.0,0.371,0.0383114601373,18.0,0.113207255987,0.14622017987,0.973263014165,0.873518999009,61.0882321807,239,
60.0,0.371,0.0920710411337,6.0,0.159531086698,0.18061453773,0.97587304393,0.832307087895,64.3930881704,239,
66.0,0.371,0.106824920502,12.0,0.177384010876,0.195613415564,0.976452812686,0.81346444512,65.3286960088,239,
72.0,0.371,0.106697818645,0.0,0.188163975117,0.20742152006,0.972822355768,0.793764870776,63.3012176655,239,
78.0,0.371,0.128201396055,-18.0,0.19604951882,0.214185851394,0.973589137063,0.785238844457,63.7321090134,239,
84.0,0.371,0.14367799378,-18.0,0.225345316071,0.242633151698,0.964972354973,0.75171279223,62.1806323621,239,
90.0,0.371,0.172935985004,18.0,0.229870039899,0.245498292172,0.968703696154,0.753260237384,63.7589021819,239,
96.0,0.371,0.156447823872,12.0,0.217952408451,0.231337666494,0.978176009124,0.771761427738,67.3932283933,239,
102.0,0.371,0.12690351039,-6.0,0.188907208839,0.202294697845,0.985391878151,0.810493101311,69.5714638409,239,
108.0,0.371,nan,nan,nan,nan,nan,nan,nan,0,
114.0,0.371,0.108689888354,18.0,0.157463456047,0.170998874535,0.992045481337,0.854493836134,71.9277801503,239,
120.0,0.371,0.116194390322,6.0,0.175256621416,0.187215781786,0.993098169807,0.831849088148,72.2804646605,239,
126.0,0.371,0.0954046144303,30.0,0.156223931049,0.169058297668,0.994339697969,0.857781673741,72.7970804951,239,
