LeadTime (HRS), obsMax (m MSL), Peak (m), PLag (min), Bias(m), RMSD (m), RVal, Skil, VExp (%), nPts,
-0.0,0.407,0.147590836739,-654.0,0.187880686501,0.218159499106,0.950348294448,0.908898248631,68.6058911186,240,
6.0,0.407,0.115276795384,36.0,0.214144042189,0.234695758991,0.962525863044,0.896215024302,72.8358487261,239,
12.0,0.407,0.0911300696679,-54.0,0.198932493233,0.216399823429,0.970551380147,0.91044613203,75.9099593099,239,
18.0,0.407,0.0255705637084,6.0,0.134790620363,0.155899984468,0.97509383422,0.951456974531,77.8207271074,240,
24.0,0.407,-0.0287210241488,-12.0,0.0888257967692,0.115311543255,0.97809863058,0.972916131602,79.1850442652,239,
30.0,0.407,-0.0551754659885,6.0,0.0564320396103,0.0917751433446,0.978790073239,0.982751344036,79.5122094335,239,
36.0,0.407,0.074900166938,-6.0,0.1957618825,0.208372098283,0.979368318286,0.917463610567,79.7915920487,239,
42.0,0.407,0.0664419331284,0.0,0.184455423136,0.198243398965,0.978631784871,0.924609930505,79.4369762801,239,
48.0,0.407,0.111077049315,0.0,0.215831284351,0.227158172851,0.97968937711,0.903550367154,79.9478860011,239,
54.0,0.407,0.128511218704,0.0,0.22781850718,0.238215918882,0.980403704895,0.894766367885,80.2948485507,239,
60.0,0.407,0.1768503046,0.0,0.281494419703,0.290006638034,0.980336867591,0.852133568997,80.2558676543,239,
66.0,0.407,0.163995554969,0.0,0.264859479389,0.273609572942,0.980954324868,0.866192209582,80.5690121958,239,
72.0,0.407,0.186587761427,0.0,0.295817284307,0.303543089436,0.981325026235,0.840396357562,80.7369946595,239,
78.0,0.407,0.180474067352,0.0,0.284608019875,0.291615106429,0.983747948886,0.851130952367,82.0124406345,239,
84.0,0.407,0.0988852749273,0.0,0.204098520173,0.21477019628,0.981976813451,0.912403486473,81.0737994475,239,
90.0,0.407,0.0542154969179,6.0,0.162897907707,0.175625568453,0.982700769227,0.939264837701,81.4186677782,239,
96.0,0.407,0.0711314341695,6.0,0.178632447048,0.190406460026,0.98252529131,0.929527468571,81.3402212576,239,
102.0,0.407,0.0447291068171,0.0,0.149299009955,0.164212510999,0.981094402215,0.946880470827,80.6435943952,239,
108.0,0.407,nan,nan,nan,nan,nan,nan,nan,0,
114.0,0.407,-0.0531112670008,-6.0,0.0485931474131,0.0857370906734,0.979851286349,0.984867475492,80.0217564992,239,
120.0,0.407,-0.0292389406743,0.0,0.0854077969272,0.111662069479,0.979258132454,0.974235993088,79.6559922752,239,
126.0,0.407,0.0264181365932,-12.0,0.137215294061,0.15394826667,0.980535360419,0.952223198642,80.2584400388,239,
