LeadTime (HRS), obsMax (m MSL), Peak (m), PLag (min), Bias(m), RMSD (m), RVal, Skil, VExp (%), nPts,
-0.0,0.25,-0.175264375878,54.0,-0.134683112424,0.136082467638,0.992338175005,0.797403681929,85.876889283,240,
6.0,0.25,-0.199823365022,42.0,-0.17353329077,0.175017999336,0.989715984625,0.711582043961,83.5237392794,239,
12.0,0.25,-0.207281235772,42.0,-0.182601326683,0.183491747552,0.996013279837,0.693587525363,86.9233011373,239,
18.0,0.25,-0.216272525283,42.0,-0.19649694361,0.197457503519,0.994362541321,0.666397670449,85.8858449988,240,
24.0,0.25,-0.212990241963,42.0,-0.188522983691,0.190776865569,0.980455177362,0.677478807656,78.8083362031,239,
30.0,0.25,-0.247681822708,54.0,-0.207064316798,0.209622086338,0.979038424127,0.635683520111,76.3384323514,239,
36.0,0.25,-0.1188183278,54.0,-0.0815763011484,0.0882239862448,0.975992900413,0.894414481081,75.6492369839,239,
42.0,0.25,-0.122146955183,60.0,-0.0812911593786,0.0892863883877,0.970244132906,0.890515294267,73.233934795,239,
48.0,0.25,-0.0960163947218,60.0,-0.0468693612984,0.0616716782133,0.963652042357,0.942829572368,70.9484049637,239,
54.0,0.25,-0.106061083092,66.0,-0.0500571282541,0.0635357020331,0.965196864873,0.939937293381,71.6400425604,239,
60.0,0.25,-0.0282031661172,84.0,0.0254422977049,0.0537941942839,0.94250556439,0.955640030928,65.6472252051,239,
66.0,0.25,-0.0234780922855,90.0,0.0308040597884,0.0582128399552,0.936859413978,0.948054838426,64.1994885956,239,
72.0,0.25,-0.0043387483303,90.0,0.0607845134575,0.0837025981006,0.910249554448,0.897208709763,58.2927208797,239,
78.0,0.25,-0.0343306542329,90.0,0.0299640853568,0.0631954781623,0.91589801286,0.939292041878,59.6729792353,239,
84.0,0.25,-0.0330393257061,84.0,0.0244879243758,0.0550065931836,0.93571163972,0.954294230669,64.3007143011,239,
90.0,0.25,-0.0628248113726,72.0,0.00205414465303,0.0486483263127,0.942200871344,0.96205774659,64.7719542937,239,
96.0,0.25,-0.0365422018977,84.0,0.0185554078946,0.0549853022621,0.92950618775,0.952978581955,62.4853404076,239,
102.0,0.25,-0.0679720254233,84.0,-0.0234948930523,0.0541627354374,0.935702618756,0.95685807554,64.6294496258,239,
108.0,0.25,nan,nan,nan,nan,nan,nan,nan,0,
114.0,0.25,-0.0709725185416,78.0,-0.01766277458,0.0466506688241,0.953199052992,0.966911088533,68.7274052658,239,
120.0,0.25,-0.0744473915852,84.0,-0.00813851455004,0.0579540254498,0.909891163024,0.948378879772,58.4411791357,239,
126.0,0.25,-0.0862647992829,72.0,-0.0301540053949,0.0530222818182,0.951947566624,0.957716455978,68.4120688161,239,
