LeadTime (HRS), obsMax (m MSL), Peak (m), PLag (min), Bias(m), RMSD (m), RVal, Skil, VExp (%), nPts,
-0.0,1.299,0.153440950114,6.0,0.0468514506066,0.104272586197,0.995120867482,0.996416272931,89.0899727924,240,
6.0,1.299,0.0427012001271,6.0,-0.0444520757181,0.0965815673734,0.995788735244,0.996898272386,89.9336028048,239,
12.0,1.299,0.30932464454,6.0,0.229438336552,0.239136255903,0.99761678836,0.98131222479,92.0859350979,239,
18.0,1.299,0.173868969521,12.0,0.120808973198,0.135252628148,0.998134005603,0.993936854731,92.8602708577,239,
24.0,1.299,0.219338599419,6.0,0.163414842549,0.173229504666,0.998434104696,0.990106508405,93.2517013374,239,
30.0,1.299,0.11055415237,18.0,0.0651256151908,0.0868423957914,0.998348443879,0.997488277061,93.2555775251,239,
36.0,1.299,0.321832869471,12.0,0.26026982485,0.265857090209,0.998728420445,0.977061687941,93.6347441571,239,
42.0,1.299,0.242374025006,18.0,0.16734187582,0.175001694156,0.998829161094,0.989894036886,93.988106508,239,
48.0,1.299,0.228940631973,18.0,0.161341748546,0.169242887935,0.998859923437,0.990547554043,93.9999184882,239,
54.0,1.299,0.144590629493,18.0,0.0735326868174,0.0884933003599,0.998943956696,0.99739452906,94.2198648151,239,
60.0,1.299,0.349728245125,6.0,0.284466902896,0.288938875951,0.999079867916,0.97310221056,94.0550038565,239,
66.0,1.299,0.343276068867,6.0,0.26027138421,0.265145725887,0.999109323575,0.977261888616,94.0587059747,239,
72.0,1.299,nan,nan,nan,nan,nan,nan,nan,0,
78.0,1.299,0.289283733472,6.0,0.206326321199,0.22103063236,0.996641063207,0.984090517358,90.7086210123,239,
84.0,1.299,0.376928498423,0.0,0.307705010813,0.317045488398,0.996851381612,0.967792676878,91.0463463124,239,
90.0,1.299,0.401802377742,0.0,0.328190085011,0.336909833897,0.996932265201,0.963845551082,91.0739794592,239,
96.0,1.299,0.31488334078,0.0,0.231343812154,0.243054210244,0.997174308296,0.980863421674,91.2638574921,239,
102.0,1.299,0.289699678426,-6.0,0.202351774703,0.215559063204,0.997379041747,0.984942065184,91.2921468837,239,
108.0,1.299,0.31748007304,0.0,0.22649252508,0.238370521,0.997336311636,0.981635482433,91.2904334269,239,
114.0,1.299,0.421172589115,12.0,0.317051619833,0.325907318857,0.997692720184,0.966554767591,91.1556588011,239,
120.0,1.299,0.300127137878,12.0,0.189547726172,0.202617607461,0.99791968257,0.986750442519,91.608630071,239,
126.0,1.299,0.328320410773,6.0,0.229853392818,0.239739833894,0.998127754909,0.981520940904,92.0137417719,239,
