LeadTime (HRS), obsMax (m MSL), Peak (m), PLag (min), Bias(m), RMSD (m), RVal, Skil, VExp (%), nPts,
-0.0,1.338,0.0145818961994,30.0,-0.112400100754,0.173838923163,0.99313618044,0.992998579738,86.9043650481,240,
6.0,1.338,-0.0666112962035,48.0,-0.181199360663,0.223001158056,0.993622037455,0.988611351756,87.1897407355,239,
12.0,1.338,0.0936064642024,24.0,-0.00132964068958,0.0941640882876,0.99712507265,0.997949252655,90.7209393521,239,
18.0,1.338,-0.0415698280554,24.0,-0.128300306907,0.160615296477,0.996926944955,0.994058592783,90.4775321099,239,
24.0,1.338,-0.0661305060987,24.0,-0.124649968176,0.153287633503,0.997454345249,0.994576874098,91.2076601656,239,
30.0,1.338,-0.132780649209,18.0,-0.202458884266,0.220590142867,0.997535064048,0.988826114285,91.368796929,239,
36.0,1.338,0.121088643045,18.0,0.054919735333,0.0892486718528,0.99860463069,0.998147553671,93.0669036909,239,
42.0,1.338,-0.0137514616601,18.0,-0.0782729412155,0.104947929826,0.99859105845,0.997437869631,93.1102795425,239,
48.0,1.338,0.0403550248331,18.0,-0.0505413878432,0.0898263867025,0.998481961294,0.998128911869,92.6817188856,239,
54.0,1.338,-0.0398967020108,18.0,-0.131752909548,0.151714777455,0.998519131017,0.994692831329,92.586652179,239,
60.0,1.338,0.255597255047,12.0,0.134913020432,0.156055873836,0.998527342987,0.994411388893,92.270220786,239,
66.0,1.338,0.134262725182,12.0,0.034657547568,0.0808732925522,0.99866763947,0.998486275112,92.7987820891,239,
72.0,1.338,nan,nan,nan,nan,nan,nan,nan,0,
78.0,1.338,0.0107948915598,12.0,-0.0417415060302,0.0752712355898,0.998671850884,0.998670516035,93.8335728849,239,
84.0,1.338,0.263998739776,6.0,0.225737855299,0.236084742316,0.99898521727,0.987293783209,93.1947443756,239,
90.0,1.338,0.248205887913,12.0,0.200836357549,0.211691505128,0.998770056726,0.989678842939,93.4121074164,239,
96.0,1.338,0.312095390029,6.0,0.141165578965,0.167861362692,0.998510341987,0.993647244929,91.0582708764,239,
102.0,1.338,0.302443607419,0.0,0.151078315617,0.170531901797,0.998764174941,0.993381090876,92.21306131,239,
108.0,1.338,0.356864607759,6.0,0.195461299687,0.213458857816,0.998891887642,0.989769247528,91.5544477709,239,
114.0,1.338,0.368770309677,6.0,0.230486153437,0.243015643096,0.999200920951,0.986719326601,92.4172016583,239,
120.0,1.338,0.311998613008,6.0,0.130449661774,0.165740901984,0.998338020509,0.993870119579,89.9348310453,239,
126.0,1.338,0.412827747712,6.0,0.153147914499,0.200893239184,0.996827251808,0.991138744785,87.2004618531,239,
