LeadTime (HRS), obsMax (m MSL), Peak (m), PLag (min), Bias(m), RMSD (m), RVal, Skil, VExp (%), nPts,
-0.0,0.979,0.172741874158,-12.0,0.213997972855,0.235167788862,0.988180351807,0.958326883881,83.4354973641,240,
6.0,0.979,0.189563449712,-6.0,0.23908149492,0.257380058146,0.989178300873,0.9505434121,83.837913421,239,
12.0,0.979,0.123340880486,-18.0,0.158529856235,0.18488345117,0.989809736253,0.973595008573,83.86850507,239,
18.0,0.979,0.13919845886,-24.0,0.179075878118,0.203148762635,0.988680471417,0.968667019275,83.73442092,239,
24.0,0.979,0.060663242373,-30.0,0.105702077499,0.142718798378,0.98941958095,0.98410863203,83.739303681,239,
30.0,0.979,0.139076012558,-30.0,0.186275964904,0.208843707749,0.989240631854,0.966906545125,83.9876707514,239,
36.0,0.979,0.0724562750649,-24.0,0.115342059787,0.151799310302,0.988852730898,0.981981409402,83.2656574991,239,
42.0,0.979,0.12076373833,-24.0,0.181189215629,0.205604807584,0.989353933176,0.96747584845,83.5214259049,239,
48.0,0.979,0.0377510808491,-30.0,0.08721809679,0.131147417768,0.987942842924,0.986694290002,83.3920742509,239,
54.0,0.979,0.127694704804,-24.0,0.167284669041,0.194386225885,0.98737253203,0.971363039002,83.2119589359,239,
60.0,0.979,0.0334696136528,-42.0,0.0761401329746,0.126502688847,0.986498826538,0.987700188798,82.8696744712,239,
66.0,0.979,0.0703190404561,-36.0,0.121786047287,0.157716933477,0.986544246158,0.981097683129,83.0068727763,239,
72.0,0.979,nan,nan,nan,nan,nan,nan,nan,0,
78.0,0.979,0.0487851292322,-24.0,0.0876144542208,0.143740235028,0.982824190114,0.983919643023,80.6691258135,239,
84.0,0.979,-0.0404748020412,-42.0,-0.0166536736867,0.116229456012,0.981708757454,0.989565974381,80.4861514171,239,
90.0,0.979,-0.0288218530484,-42.0,0.010243637286,0.116639160059,0.982465911746,0.989270533078,80.2896565475,239,
96.0,0.979,-0.121251810271,-36.0,-0.0855519500209,0.145574953576,0.980860269749,0.98367162038,80.0190903722,239,
102.0,0.979,-0.113648170042,-36.0,-0.0673691895438,0.137423457862,0.982700035572,0.984860285882,79.6808459029,239,
108.0,0.979,-0.186178129754,-24.0,-0.129441487497,0.175576306437,0.980781499717,0.976323772726,79.8762857806,239,
114.0,0.979,-0.12431916969,-36.0,-0.0936846208497,0.149295321565,0.982890028158,0.982443073752,80.2805163348,239,
120.0,0.979,-0.200989266303,-30.0,-0.150391864739,0.192201528329,0.980989337958,0.97147941465,79.6970581232,239,
126.0,0.979,-0.232342764883,-30.0,-0.182773457053,0.217354880218,0.982261461628,0.963608901907,80.0449771721,239,
