LeadTime (HRS), obsMax (m MSL), Peak (m), PLag (min), Bias(m), RMSD (m), RVal, Skil, VExp (%), nPts,
-0.0,0.373,-0.16748499216,24.0,-0.145123070517,0.148168080456,0.990532372894,0.896405170157,86.2703787532,240,
6.0,0.373,-0.186259722145,12.0,-0.176499358289,0.178821741358,0.991903453835,0.862363322187,86.8249844685,239,
12.0,0.373,-0.331062831064,42.0,-0.298818109582,0.300451779375,0.989856454992,0.701468318131,85.649498565,239,
18.0,0.373,-0.355544130041,42.0,-0.329239678271,0.33047302627,0.991524292412,0.671039221953,86.9174034249,239,
24.0,0.373,-0.295024182066,30.0,-0.289072758453,0.289893378664,0.995053270231,0.719506180761,90.0029608032,239,
30.0,0.373,-0.310145089999,30.0,-0.310483423885,0.311371393109,0.994306253519,0.694925453006,89.2225214483,239,
36.0,0.373,-0.456171789235,42.0,-0.441156051111,0.442015060728,0.992111495826,0.572238712232,87.3673300554,239,
42.0,0.373,-0.469771107972,36.0,-0.46249919791,0.463133955538,0.993841256881,0.558983167801,88.8827563511,239,
48.0,0.373,-0.419499087316,42.0,-0.416757081982,0.417719865891,0.991538899303,0.59287050412,86.9999419289,239,
54.0,0.373,-0.436549150963,24.0,-0.429499132828,0.430108724026,0.994524369371,0.584712581773,89.5011135035,239,
60.0,0.373,-0.416848406687,30.0,-0.408401392328,0.409024599942,0.994628189421,0.601055058239,89.6482373579,239,
66.0,0.373,-0.414265830681,30.0,-0.402494963407,0.403172451183,0.994282609018,0.604738043996,89.2847492177,239,
72.0,0.373,nan,nan,nan,nan,nan,nan,nan,0,
78.0,0.373,-0.283891964106,24.0,-0.27639771784,0.277303529403,0.994940434997,0.735928197599,89.7242075788,239,
84.0,0.373,-0.215033549083,30.0,-0.207008623821,0.208176781036,0.994925071155,0.823231207298,89.8951393595,239,
90.0,0.373,-0.194941759811,30.0,-0.1850017975,0.186870962102,0.992767708296,0.850394992159,87.9029465748,239,
96.0,0.373,-0.140329527094,24.0,-0.132022265405,0.133380733841,0.996342923773,0.916410922359,91.2876296049,239,
102.0,0.373,-0.0756063750764,36.0,-0.0778868382371,0.080489243909,0.996210597964,0.967948464202,90.6848267305,239,
108.0,0.373,-0.182414210659,36.0,-0.180916537373,0.18272009443,0.993072446797,0.855001151279,88.2494715652,239,
114.0,0.373,-0.230128187225,36.0,-0.236094851082,0.237010073334,0.99565006413,0.787593177938,90.4522583035,239,
120.0,0.373,-0.221519244963,24.0,-0.22956718432,0.230518507917,0.996289033635,0.798923775641,90.4006430753,239,
126.0,0.373,-0.173286882943,30.0,-0.1644164127,0.165810459061,0.995144930917,0.876231380334,90.1552780369,239,
