LeadTime (HRS), obsMax (m MSL), Peak (m), PLag (min), Bias(m), RMSD (m), RVal, Skil, VExp (%), nPts,
-0.0,1.205,0.338441256679,6.0,0.326642571989,0.343039628981,0.993311451085,0.949167391298,86.4550313632,239,
6.0,1.205,0.315104979908,6.0,0.311906602931,0.330862963808,0.993175767465,0.951747416906,85.7031643795,240,
12.0,1.205,0.357075586538,6.0,0.327632968356,0.342794473942,0.993912681767,0.94914794887,86.9418442765,240,
18.0,1.205,0.344801860706,6.0,0.324933063437,0.340777802798,0.99407466148,0.949387482,86.6979014915,240,
24.0,1.205,0.349650880985,6.0,0.322305467427,0.337750691316,0.993990961539,0.95048616543,86.9225720855,240,
30.0,1.205,0.295439913323,6.0,0.296313743327,0.316722005723,0.993314047844,0.955377832341,85.5129252101,240,
36.0,1.205,0.338330136777,6.0,0.315553289382,0.331300544609,0.993706374108,0.952439588965,86.928052395,240,
42.0,1.205,0.273662232933,6.0,0.271155160178,0.294225625027,0.993054028643,0.961132107954,85.2077757583,240,
48.0,1.205,0.29539864538,6.0,0.283037943693,0.301919262061,0.993740663571,0.959728781682,86.3882804632,240,
54.0,1.205,0.225838594266,12.0,0.235457752348,0.264982226027,0.992618944624,0.967831597176,84.2564790132,240,
60.0,1.205,0.339078757349,6.0,0.312894643354,0.328912117113,0.993714973682,0.953026158061,86.8679072571,240,
66.0,1.205,0.252813228404,6.0,0.254026882008,0.279716305548,0.992810255854,0.964582916133,84.8337525051,240,
72.0,1.205,0.271465200808,6.0,0.265676395644,0.290556770267,0.993087104188,0.961754784649,84.7632730522,240,
78.0,1.205,0.198205308906,6.0,0.219830583429,0.254421791134,0.992194301358,0.969945417272,83.4109159906,240,
84.0,1.205,0.352146498445,6.0,0.327980897484,0.343242724892,0.994009528444,0.948911403128,86.890936355,240,
90.0,1.205,0.287673864534,6.0,0.275720981892,0.297102643149,0.993439552718,0.960568974147,85.6660472014,240,
96.0,1.205,0.327245446399,6.0,0.303478283211,0.320743721025,0.993920920907,0.954843830296,86.5539995458,240,
102.0,1.205,0.186124750242,6.0,0.20648234141,0.242680045243,0.992935096616,0.972457026661,83.4850604455,240,
108.0,1.205,0.272487099789,6.0,0.279259679627,0.301212823866,0.993311021936,0.95936642268,85.3791043167,240,
114.0,1.205,0.20940934664,6.0,0.236810360944,0.266054198704,0.992343551251,0.967679733606,84.2935699562,240,
120.0,1.205,0.19417249467,6.0,0.223582596078,0.256205850728,0.992504469087,0.969656649005,83.7959593874,240,
126.0,1.205,0.138424180921,6.0,0.175052783496,0.221891866469,0.992007912068,0.97659392811,82.3394609549,240,
