LeadTime (HRS), obsMax (m MSL), Peak (m), PLag (min), Bias(m), RMSD (m), RVal, Skil, VExp (%), nPts,
-0.0,0.259,1.68136788874,-1140.0,1.73917948834,1.74033121506,0.959955612715,0.0781376654399,21.9079731635,240,
6.0,0.259,1.6813515327,-1140.0,1.74667036499,1.7477771114,0.960740196131,0.0779574120512,23.3444693796,239,
12.0,0.259,1.66350525712,126.0,1.74157814484,1.74272504884,0.932398809751,0.078146295347,22.0795093027,239,
18.0,0.259,1.66177983451,102.0,1.74141708397,1.74259991304,0.955811324403,0.0780809673814,20.8717970612,239,
24.0,0.259,1.68593458111,-6.0,1.76379270546,1.76488465014,0.960253238679,0.0772383089504,23.4867818932,239,
30.0,0.259,1.69720384824,36.0,1.77400871675,1.77512331508,0.927383744905,0.0768156576056,22.4734516868,239,
36.0,0.259,1.67166396498,216.0,1.75066655675,1.75189840979,0.900735060011,0.0776201818073,19.0339925644,239,
42.0,0.259,1.66720713795,246.0,1.74447477343,1.74561264401,0.937195408292,0.0780091973524,22.3225852193,239,
48.0,0.259,1.68070096048,180.0,1.76023011763,1.76140576274,0.940474759815,0.0773005107748,20.6877043983,239,
54.0,0.259,1.69288933427,270.0,1.77647675806,1.77768802491,0.931063743715,0.0765843258463,19.12414757,239,
60.0,0.259,1.66893268373,198.0,1.75041911324,1.75161863479,0.946469337311,0.0776721883261,20.1095965861,239,
66.0,0.259,1.67073072971,132.0,1.74704029005,1.74823511622,0.860514826535,0.0778917623696,20.3431297442,239,
72.0,0.259,1.6871825475,228.0,1.75857617559,1.75968362827,0.925152276922,0.0774723888141,23.0591964372,239,
78.0,0.259,1.69947216787,0.0,1.77833372659,1.77945017414,0.933476612584,0.076644000697,22.3146510255,239,
84.0,0.259,1.65244119084,54.0,1.73312256962,1.73432303529,0.93075677763,0.0784317535494,20.4738651913,239,
90.0,0.259,1.64645263875,150.0,1.73031123544,1.73156284439,0.950058334522,0.0784181448597,18.7987247365,240,
96.0,0.259,1.64500420493,162.0,1.7204991289,1.72170326827,0.920577474501,0.0788627004357,20.5130011275,239,
102.0,0.259,1.64874649712,198.0,1.72711557464,1.72830453854,0.957695120906,0.0785502381299,20.8639654024,239,
108.0,0.259,1.00701117823,108.0,1.07983493965,1.08166698784,0.834963707775,0.120605254966,22.3063041137,239,
114.0,0.259,1.17392971309,-1140.0,1.13997159864,1.1435928739,0.112565357045,0.112557189977,0.0,239,
120.0,0.259,1.03696016853,-1104.0,1.09408460423,1.09565974082,0.913397557685,0.119674885939,27.4904285301,239,
126.0,0.259,0.730793462176,42.0,0.809045753862,0.81182087149,0.837689180842,0.154318114399,17.1955152134,239,
