LeadTime (HRS), obsMax (m MSL), Peak (m), PLag (min), Bias(m), RMSD (m), RVal, Skil, VExp (%), nPts,
-0.0,0.335,0.308267065959,-156.0,0.0820143123821,0.146727513568,0.874926680696,0.890231255288,38.5991750509,240,
6.0,0.335,0.289677644496,-156.0,0.0744706041046,0.128017513753,0.905550055507,0.914084765104,47.4059685303,239,
12.0,0.335,0.247635174358,-156.0,0.0731759954494,0.111792983078,0.935543320503,0.932835862009,57.3117717558,239,
18.0,0.335,0.153836437091,-156.0,0.0818075196092,0.108352511728,0.954261654978,0.93660181294,64.1143840583,239,
24.0,0.335,0.131223844391,-18.0,0.0728896920282,0.0923276410298,0.971879005669,0.953204643115,71.3765151377,239,
30.0,0.335,0.191592307124,-36.0,0.0805088673295,0.103457294742,0.961525535695,0.941735630891,67.1817874512,239,
36.0,0.335,0.144895949661,-30.0,0.072252270806,0.089942386039,0.975034310966,0.955415934876,72.9446543367,239,
42.0,0.335,0.169513627036,-24.0,0.0855787388583,0.100031118476,0.97694574552,0.945539440404,73.8398829344,239,
48.0,0.335,0.167094713093,-30.0,0.0584997297928,0.0786593303602,0.976127203686,0.965533437574,73.440328689,239,
54.0,0.335,0.177005590974,-24.0,0.0930605995739,0.104584221876,0.980884800672,0.940775838013,75.8950235264,239,
60.0,0.335,nan,nan,nan,nan,nan,nan,nan,0,
66.0,0.335,0.15041588334,-36.0,0.0967062151127,0.111951099764,0.970899397809,0.932074927592,71.4397988238,239,
72.0,0.335,0.10153574317,-36.0,0.0507345509658,0.0753898523827,0.971459617264,0.967824217664,71.7617938605,239,
78.0,0.335,0.159244772788,-30.0,0.0969845568019,0.11159912006,0.972240795033,0.932473726399,72.0413972225,239,
84.0,0.335,0.152820022297,-30.0,0.0791080964587,0.0966437423177,0.971559146102,0.948254991649,71.8879054039,239,
90.0,0.335,0.161321068747,-30.0,0.0936503240107,0.109764210012,0.96931658025,0.934229904603,71.0083109983,239,
96.0,0.335,0.103348746497,-30.0,0.0367987422255,0.0647922320836,0.973991124949,0.975990818919,72.9953552499,239,
102.0,0.335,0.144634368055,-24.0,0.0910088792194,0.105598417397,0.974285556309,0.939176468811,72.8791702799,239,
108.0,0.335,0.124398530814,-30.0,0.088584712199,0.10314373541,0.974787142149,0.941703887964,73.2458116055,239,
114.0,0.335,0.14261813955,-24.0,0.104401353585,0.115766403069,0.977232061338,0.927513009668,74.6694331892,239,
120.0,0.335,0.100745571099,-30.0,0.0421087857899,0.0659625320798,0.976065082115,0.975024370172,74.2891813333,239,
126.0,0.335,0.148273521212,-24.0,0.0985177682161,0.110393329785,0.977370327749,0.933572067051,74.7773788114,239,
