LeadTime (HRS), obsMax (m MSL), Peak (m), PLag (min), Bias(m), RMSD (m), RVal, Skil, VExp (%), nPts,
-0.0,0.944,-0.00302009552661,0.0,-0.0392155158967,0.0942295331244,0.988899127111,0.992903318749,84.4435035991,240,
6.0,0.944,-0.0193082449857,6.0,-0.0447993739667,0.0969104809221,0.98867381833,0.992472909043,84.4030335215,239,
12.0,0.944,-0.0729762850768,6.0,-0.101900078114,0.130311541908,0.990015724198,0.986518442913,85.2577510162,239,
18.0,0.944,-0.12272445464,6.0,-0.112578917232,0.139684025123,0.98961280523,0.984531158911,84.9918465521,239,
24.0,0.944,-0.178325945378,0.0,-0.158664345027,0.178323167838,0.989951524811,0.975060964205,85.2272747364,239,
30.0,0.944,-0.185219055232,6.0,-0.173872829608,0.191074756688,0.990344017472,0.97138581757,85.6193418769,239,
36.0,0.944,-0.175366553381,6.0,-0.162350341693,0.179857282026,0.990913629886,0.9746407918,85.9516626108,239,
42.0,0.944,-0.226056310799,6.0,-0.198321299773,0.2134877713,0.990453628156,0.964611190156,85.6561678599,239,
48.0,0.944,-0.237869524231,6.0,-0.219310018704,0.232943660411,0.990746194882,0.958337239753,85.7481266168,239,
54.0,0.944,-0.293270896613,0.0,-0.259539858735,0.271769436087,0.990155099542,0.944095657347,85.3696608506,239,
60.0,0.944,nan,nan,nan,nan,nan,nan,nan,0,
66.0,0.944,-0.317161672631,0.0,-0.292608801771,0.300988804231,0.992495775455,0.932264591636,87.186887326,239,
72.0,0.944,-0.308309891697,-6.0,-0.287145820332,0.295754198517,0.992509324751,0.934562476569,87.1310176398,239,
78.0,0.944,-0.334708735761,-6.0,-0.308804137965,0.316642712077,0.992750683826,0.925898938918,87.2796154406,239,
84.0,0.944,-0.115021708469,0.0,-0.103095173608,0.121013810749,0.993975545461,0.98833153424,88.4875270458,239,
90.0,0.944,-0.220873697841,0.0,-0.220816533249,0.232970196641,0.991614183211,0.958120072305,86.5083210053,239,
96.0,0.944,-0.19892378765,-6.0,-0.198137278238,0.213724776153,0.990172926857,0.964454639276,85.4437134393,239,
102.0,0.944,-0.236288180553,6.0,-0.234982691904,0.248206387331,0.990082746263,0.952535958862,85.4781657421,239,
108.0,0.944,-0.0498240651296,6.0,-0.0483825744266,0.0845877199635,0.992770810577,0.994268025007,87.3948224968,239,
114.0,0.944,-0.147603252406,6.0,-0.151321124811,0.169182965766,0.991310616883,0.977443535138,86.2543146238,239,
120.0,0.944,-0.167188361705,12.0,-0.140258615392,0.155667247522,0.993242547154,0.980904285261,87.7323887103,239,
126.0,0.944,-0.218451093054,6.0,-0.203516645065,0.214208503622,0.993346238488,0.964450891643,87.8588894009,239,
