LeadTime (HRS), obsMax (m MSL), Peak (m), PLag (min), Bias(m), RMSD (m), RVal, Skil, VExp (%), nPts,
-0.0,1.217,-0.106386968794,0.0,-0.112159572973,0.145345039106,0.989987951393,0.987219091168,85.7877003664,240,
6.0,1.217,-0.123287859645,48.0,-0.124560451589,0.150364632584,0.99180222446,0.986340491463,87.0570567849,239,
12.0,1.217,-0.183298179535,48.0,-0.17096515306,0.18907129119,0.992513727977,0.978597407586,87.5929946555,239,
18.0,1.217,-0.246746156705,24.0,-0.172357564073,0.188466885448,0.993321632519,0.978798077584,88.2843220646,239,
24.0,1.217,-0.25604381749,12.0,-0.210730689879,0.224426045575,0.993184222727,0.970164071538,88.137114576,239,
30.0,1.217,-0.304205752711,12.0,-0.240676068476,0.251990569833,0.993669218858,0.962692583688,88.5270497777,239,
36.0,1.217,-0.294103989929,0.0,-0.230423690705,0.241657691038,0.993994941438,0.965595956909,88.8093200474,239,
42.0,1.217,-0.364497716344,12.0,-0.283156446696,0.292709984852,0.993764243084,0.950375267232,88.6021266831,239,
48.0,1.217,-0.357324671098,12.0,-0.289440993938,0.298628667667,0.99386987137,0.948487109895,88.7046942244,239,
54.0,1.217,-0.430335417699,6.0,-0.351865731709,0.360070141799,0.993273717516,0.92721310728,88.2557593638,239,
60.0,1.217,nan,nan,nan,nan,nan,nan,nan,0,
66.0,1.217,-0.407527747556,12.0,-0.345134902041,0.354479674102,0.992407814268,0.92914049435,87.5639056554,239,
72.0,1.217,-0.391288683707,24.0,-0.323422369156,0.333694945574,0.992162856856,0.936571880986,87.3633669908,239,
78.0,1.217,-0.444629232168,24.0,-0.362693034706,0.3715902811,0.992422513972,0.922729717537,87.5683187471,239,
84.0,1.217,-0.230425924475,24.0,-0.171174754751,0.187016733535,0.993644232101,0.978939984286,88.414025411,239,
90.0,1.217,-0.366666659848,12.0,-0.305366616547,0.315436930516,0.992932574459,0.942527016808,87.8390129053,239,
96.0,1.217,-0.363933940947,0.0,-0.289616102979,0.300390347123,0.992821662111,0.947533983349,87.7371331369,239,
102.0,1.217,-0.402203476256,6.0,-0.339860230532,0.348877396719,0.993021218659,0.930635090187,87.8791753283,239,
108.0,1.217,-0.239343518677,12.0,-0.168812632865,0.18462921525,0.993624951538,0.979560488446,88.5003258152,239,
114.0,1.217,-0.33963351433,12.0,-0.282033835709,0.291709562738,0.993712393684,0.950559486866,88.540362451,239,
120.0,1.217,-0.35759579845,24.0,-0.274855749162,0.285083132427,0.993464873387,0.952723667174,88.360808718,239,
126.0,1.217,-0.418591248245,12.0,-0.348852915862,0.356412143718,0.993979617644,0.92821039013,88.769861054,239,
