LeadTime (HRS), obsMax (m MSL), Peak (m), PLag (min), Bias(m), RMSD (m), RVal, Skil, VExp (%), nPts,
-0.0,0.64,0.126517542358,-66.0,0.201405227551,0.285846179891,0.950053140704,0.935818397497,66.7128309406,240,
6.0,0.64,0.0141636016089,-60.0,0.109248300091,0.237200208564,0.94783070429,0.953660422392,65.4932350169,239,
12.0,0.64,0.24254945902,-72.0,0.366308264608,0.428880145996,0.936538068057,0.867640869774,63.4416874457,239,
18.0,0.64,0.226760903171,-60.0,0.341247566419,0.409913792584,0.934483432473,0.87589257034,62.7779984215,239,
24.0,0.64,0.357801332255,-36.0,0.466587088327,0.512232369026,0.942554604456,0.827630171854,65.3573782547,239,
30.0,0.64,0.337128594381,-54.0,0.422912333873,0.467875671227,0.949736315538,0.851446942369,67.1996888529,239,
36.0,0.64,0.391377722399,-42.0,0.483769391777,0.519004526197,0.956055362058,0.827198683457,69.1928874684,239,
42.0,0.64,0.364697413996,-48.0,0.42132123689,0.463989574702,0.950202811896,0.858140474519,68.1461258223,239,
48.0,0.64,0.385727869614,-36.0,0.468664433032,0.502028479233,0.958580923502,0.839722992087,70.50544826,239,
54.0,0.64,0.333812528911,-42.0,0.400094709645,0.439400029311,0.956767928939,0.87211714978,70.2288116974,239,
60.0,0.64,nan,nan,nan,nan,nan,nan,nan,0,
66.0,0.64,0.350354622959,-60.0,0.41672821833,0.46804507815,0.939596524386,0.853555628785,65.1295297233,239,
72.0,0.64,0.380479106557,-60.0,0.466805644312,0.511174808901,0.943423419488,0.830736738786,65.9107475406,239,
78.0,0.64,0.361856782193,-60.0,0.424984035642,0.478892023081,0.934437472199,0.847528034641,63.8762552043,239,
84.0,0.64,0.340785224464,-72.0,0.400392067224,0.461551244912,0.929913267249,0.852839679422,62.4264754583,239,
90.0,0.64,0.275586570266,-54.0,0.341638544518,0.413453431654,0.926539182519,0.878471087816,61.8917563397,239,
96.0,0.64,0.249932610309,-48.0,0.334293485397,0.401976074695,0.932810352421,0.885738660527,63.4684020083,239,
102.0,0.64,0.264322225996,-60.0,0.332717169875,0.400946975251,0.931438313952,0.888061989699,63.3859746061,239,
108.0,0.64,0.302320151625,-60.0,0.34940028887,0.414430373787,0.935275722693,0.876684583555,63.5273373815,239,
114.0,0.64,0.334643968048,-72.0,0.357031690047,0.425341446,0.92679648017,0.874646755486,62.1679307126,239,
120.0,0.64,0.277417673158,-42.0,0.337287202891,0.394146521471,0.94483228025,0.891573219613,66.6266287071,239,
126.0,0.64,0.35858612954,-72.0,0.407168664542,0.470852129208,0.923846743105,0.849193095182,61.3029813615,239,
