LeadTime (HRS), obsMax (m MSL), Peak (m), PLag (min), Bias(m), RMSD (m), RVal, Skil, VExp (%), nPts,
-0.0,0.382,0.102659237852,36.0,0.0667978064657,0.0751350662231,0.699807723948,0.486726251514,0.0,239,
6.0,0.382,0.0908450325073,-18.0,0.053452610899,0.0614971334185,0.792233083299,0.568945823454,0.0,240,
12.0,0.382,0.0811908749074,-6.0,0.0514917768013,0.0584325605426,0.791460788289,0.577159390232,0.0,240,
18.0,0.382,0.0897630578639,-18.0,0.0569364253724,0.0636325177293,0.788068500627,0.550244602428,0.0,240,
24.0,0.382,0.0800040784959,-30.0,0.0534135983012,0.0595599904214,0.81716406777,0.572487966828,0.0,240,
30.0,0.382,0.0993668886934,6.0,0.065740605976,0.0704176954781,0.883810783933,0.523343520355,0.726025252999,240,
36.0,0.382,0.163981136251,-6.0,0.128898415313,0.131688696783,0.85683946219,0.320064640638,0.0,240,
42.0,0.382,0.2016289104,-6.0,0.167229613953,0.169803307378,0.833172500684,0.254401172391,0.0,240,
48.0,0.382,0.215446314963,-30.0,0.179662024172,0.181314350501,0.927203232115,0.241130266249,3.92446561068,240,
54.0,0.382,0.227357406605,-30.0,0.196693541196,0.197934560458,0.916252690144,0.219326849065,12.9419825433,240,
60.0,0.382,0.22523792784,0.0,0.192338440845,0.194062621043,0.92228528348,0.225973210709,0.0,240,
66.0,0.382,0.231179234024,-30.0,0.199162321426,0.200727902223,0.925297483878,0.2183927852,1.56860414004,240,
72.0,0.382,0.257603746346,-18.0,0.226995337957,0.228260107963,0.928753920196,0.192638110294,5.60285457039,240,
78.0,0.382,0.261348375992,-18.0,0.219403928739,0.221005465262,0.939628964363,0.201802912742,0.0,240,
84.0,0.382,0.169695109848,-24.0,0.140722766892,0.142966703613,0.942227489892,0.299772651273,0.744994261776,240,
90.0,0.382,0.181905904745,-24.0,0.151619395227,0.153284466587,0.940495523025,0.279801211172,11.3612964101,240,
96.0,0.382,0.210686414784,-6.0,0.169689357796,0.172033922738,0.947076188689,0.258043160388,0.0,240,
102.0,0.382,0.197122175877,-18.0,0.160930124575,0.162913261033,0.954043653996,0.269078299155,0.305930888035,240,
108.0,0.382,0.130093197915,0.0,0.098515327375,0.101939174173,0.877195725619,0.396163294721,0.0,240,
114.0,0.382,0.11887605476,-12.0,0.0945701876242,0.097692112391,0.842216007129,0.402063763609,3.62069484733,240,
120.0,0.382,0.151736013519,0.0,0.12333451772,0.125444320915,0.90390381893,0.331886670043,9.87335626646,240,
126.0,0.382,0.158963509834,-24.0,0.133468950191,0.135296560424,0.890283319552,0.308010533202,12.8125317757,240,
