LeadTime (HRS), obsMax (m MSL), Peak (m), PLag (min), Bias(m), RMSD (m), RVal, Skil, VExp (%), nPts,
-0.0,0.45,0.368064399788,18.0,0.336508404137,0.339010614601,0.982121100957,0.670396425357,81.1113317932,240,
6.0,0.45,0.384270619192,18.0,0.352330002416,0.354505513171,0.983554893102,0.653643224283,81.8673556165,239,
12.0,0.45,0.270979217861,18.0,0.290120853618,0.292239381273,0.986924777252,0.716862173264,83.7581958061,239,
18.0,0.45,0.279049825757,18.0,0.30782288692,0.309718808138,0.987594999306,0.698441706323,84.1778815449,239,
24.0,0.45,0.283881570347,12.0,0.323713613263,0.325454714712,0.988093541693,0.682416543396,84.4542368944,239,
30.0,0.45,0.304178883064,12.0,0.343733435195,0.34532145265,0.988562908907,0.662813956769,84.7040699022,239,
36.0,0.45,0.249955465259,12.0,0.300872576808,0.302498845039,0.989862227851,0.705549692189,85.5152900647,239,
42.0,0.45,0.255540916374,12.0,0.30952037757,0.311138946166,0.989378309811,0.697473198767,85.3440645904,239,
48.0,0.45,0.274900237992,18.0,0.32923088674,0.330622208276,0.990416886685,0.677860946898,85.9893356681,239,
54.0,0.45,0.289424539614,6.0,0.343904994977,0.345202770414,0.990797939619,0.663377549121,86.1718305624,239,
60.0,0.45,nan,nan,nan,nan,nan,nan,nan,0,
66.0,0.45,0.25761284121,1416.0,0.313584176529,0.315299164129,0.988801137915,0.692548212659,84.8232292499,239,
72.0,0.45,0.276734510509,6.0,0.327410235001,0.329028698462,0.988893794252,0.679354374653,84.9369661569,239,
78.0,0.45,0.279459837988,1416.0,0.329676262583,0.33128287083,0.988799470961,0.677579513434,84.9406531269,239,
84.0,0.45,0.256474193626,1416.0,0.310544224247,0.312167834682,0.989608765241,0.695612507433,85.3057172743,239,
90.0,0.45,0.259465166903,1416.0,0.314939829106,0.316750480145,0.988208727548,0.690426581349,84.3709232832,239,
96.0,0.45,0.281154149354,6.0,0.339432836397,0.340935655744,0.989563558545,0.666890122023,85.2228962681,239,
102.0,0.45,0.272552050453,1416.0,0.327284194365,0.328812122393,0.98971439954,0.679121065172,85.3681552181,239,
108.0,0.45,0.257756499362,6.0,0.311703429026,0.313282528439,0.989718298521,0.695133277828,85.482103282,239,
114.0,0.45,0.262714087364,1416.0,0.313061433997,0.314668016839,0.989448252047,0.69397416248,85.3242045033,239,
120.0,0.45,0.290412528129,1416.0,0.336741957972,0.338257925129,0.989465266842,0.669730670083,85.2170679138,239,
126.0,0.45,0.263343905084,1416.0,0.312624811814,0.314146402416,0.990237836056,0.693665204987,85.728577401,239,
