LeadTime (HRS), obsMax (m MSL), Peak (m), PLag (min), Bias(m), RMSD (m), RVal, Skil, VExp (%), nPts,
-0.0,0.329,0.154787264986,-72.0,0.115140659184,0.129673953067,0.992911497893,0.982182462499,87.4407329652,240,
6.0,0.329,0.058259527667,36.0,0.0526194851233,0.0752378503142,0.994298479695,0.993935547226,88.6869935173,239,
12.0,0.329,0.128761143704,30.0,0.113196969308,0.123221410796,0.995422621848,0.983927413819,89.7586946126,239,
18.0,0.329,0.19185542207,-6.0,0.205137914049,0.209615248105,0.996427287304,0.954926808586,90.9345533275,239,
24.0,0.329,0.155075392329,-36.0,0.182869054113,0.188215591425,0.996051862037,0.963167619885,90.629615783,239,
30.0,0.329,0.111560120557,30.0,0.13469562365,0.141038232352,0.996553644193,0.978956153586,91.2024121545,239,
36.0,0.329,0.119771516446,30.0,0.137777349007,0.144299317486,0.99629348639,0.977942099066,90.9768633528,239,
42.0,0.329,0.188938837386,24.0,0.212330719296,0.216450210563,0.996407326428,0.951770331567,91.1585370885,239,
48.0,0.329,0.157281217457,-18.0,0.18468727041,0.1893660896,0.996445264176,0.962619464838,91.1992533965,239,
54.0,0.329,0.105245476823,-18.0,0.136251354243,0.142215019889,0.996687152187,0.978573300876,91.4271025496,239,
60.0,0.329,nan,nan,nan,nan,nan,nan,nan,0,
66.0,0.329,0.1506830078,-24.0,0.183463714162,0.186835007424,0.997391470748,0.96331339533,92.5608133546,239,
72.0,0.329,0.128575217732,-24.0,0.161610875371,0.165460032943,0.997475034131,0.971122276109,92.5294102787,239,
78.0,0.329,0.0904998918347,-24.0,0.124565692205,0.129881370036,0.997331742349,0.98202967079,92.2566457396,239,
84.0,0.329,0.15781017392,-24.0,0.187000171848,0.190065054898,0.997642063797,0.962186904081,92.8424188973,239,
90.0,0.329,0.200303148397,-18.0,0.231336047573,0.233750001188,0.997716642619,0.944023392476,92.9452407296,239,
96.0,0.329,0.181560636735,-12.0,0.210730329453,0.213201988879,0.997918989506,0.953026828856,93.1845637517,239,
102.0,0.329,0.140503929413,-18.0,0.188021687753,0.190517530697,0.997925083301,0.961039851146,93.5283480957,239,
108.0,0.329,0.243146758593,-30.0,0.290950120434,0.292742808461,0.997694570679,0.913159872488,93.1892387346,239,
114.0,0.329,0.283422385872,-24.0,0.328667241028,0.33024012807,0.997700499456,0.892826320598,93.221836633,239,
120.0,0.329,0.24747186188,-24.0,0.282374388673,0.284723589674,0.997387315329,0.919767839922,92.3150646094,239,
126.0,0.329,0.218453401113,-24.0,0.288263990443,0.291058014761,0.997616112242,0.910501132706,91.5291657114,239,
