LeadTime (HRS), obsMax (m MSL), Peak (m), PLag (min), Bias(m), RMSD (m), RVal, Skil, VExp (%), nPts,
-0.0,0.736,0.0837661894983,30.0,0.00954241885199,0.0554410804167,0.997259156456,0.998466941345,92.2072494531,240,
6.0,0.736,0.118445185408,24.0,0.0217928188737,0.0561835003926,0.997629337782,0.99843445318,92.6209401189,239,
12.0,0.736,0.00428945375589,24.0,-0.095922165462,0.105894714971,0.998231360634,0.994450979383,93.6073471219,239,
18.0,0.736,0.125932530644,18.0,0.0767201437054,0.0860715583961,0.998695630496,0.996325001607,94.4402653038,239,
24.0,0.736,0.0378912611377,24.0,-0.00899072835397,0.0387422095334,0.998839384098,0.999254602463,94.6301437911,239,
30.0,0.736,0.0542268643088,24.0,-0.00920588243237,0.0369986341696,0.999035486685,0.999321940966,94.8936889365,239,
36.0,0.736,-0.0166862461033,24.0,-0.081209933451,0.0877394441021,0.999164293618,0.996191933857,95.2672028232,239,
42.0,0.736,0.176081381513,24.0,0.110594670194,0.114872366824,0.999304708622,0.993493046356,95.5746686187,239,
48.0,0.736,nan,nan,nan,nan,nan,nan,nan,0,
54.0,0.736,0.0763928462908,18.0,0.0270795933818,0.0556394126032,0.997833622989,0.998461166132,93.0828195267,239,
60.0,0.736,0.0273016095746,18.0,-0.0155364826422,0.0494074633085,0.997987956386,0.998785912229,93.3252969679,239,
66.0,0.736,0.199114440193,12.0,0.147834867383,0.154521276939,0.998203219664,0.988281172639,93.6011104671,239,
72.0,0.736,0.204703104698,18.0,0.155620108218,0.161793101507,0.998261249012,0.987166669643,93.7004558055,239,
78.0,0.736,0.109407265995,18.0,0.0627207356056,0.0769439964754,0.998238301855,0.997066843576,93.6570441231,239,
84.0,0.736,0.118463330886,18.0,0.0735955259347,0.0850431095037,0.998380342206,0.996415332718,93.9352888604,239,
90.0,0.736,0.233220454083,24.0,0.188977563611,0.193633218842,0.998559541436,0.981821950237,93.9935518212,239,
96.0,0.736,0.319891482422,12.0,0.280430710738,0.283498831966,0.9986357564,0.961971080878,94.0803312227,239,
102.0,0.736,0.144451917274,24.0,0.111202905426,0.118132765556,0.998880761382,0.993182349224,94.326556085,239,
108.0,0.736,0.0608201558321,24.0,0.0278606431355,0.0455178009776,0.998998681384,0.998975522558,94.8773654371,239,
114.0,0.736,0.136131822772,18.0,0.104462287917,0.110248534379,0.99902148324,0.994013933546,94.9838079217,239,
120.0,0.736,0.207732719621,24.0,0.177864655311,0.18150705873,0.999008408374,0.983985149287,94.8510971893,239,
126.0,0.736,-0.0265720924121,24.0,-0.0636828704146,0.0731689167594,0.999205490713,0.997376930297,94.8723711309,239,
