LeadTime (HRS), obsMax (m MSL), Peak (m), PLag (min), Bias(m), RMSD (m), RVal, Skil, VExp (%), nPts,
-0.0,1.872,1.35897091699,-744.0,1.20342881134,1.22732664912,0.988799001518,0.844574876334,82.3203860058,240,
6.0,1.872,1.38282644169,-744.0,1.20094595636,1.2251274334,0.989098748094,0.845836762657,82.2648785835,239,
12.0,1.872,1.36388578259,-744.0,1.20078831104,1.22626844331,0.988479473903,0.845675911912,81.7911888534,239,
18.0,1.872,1.39958609048,-750.0,1.20653450377,1.23210348114,0.988236506087,0.844133061949,81.7160033477,239,
24.0,1.872,1.37827657912,-720.0,1.20314272224,1.22810783959,0.988611937019,0.844995150197,81.9605849047,239,
30.0,1.872,1.35127367361,-726.0,1.20084672168,1.22402152877,0.989644536542,0.84591623956,82.6422701824,239,
36.0,1.872,1.31196196108,-726.0,1.19748627017,1.21983363864,0.989771233382,0.846170141087,82.9815091328,239,
42.0,1.872,1.31795712935,-720.0,1.2004110029,1.22286934133,0.989741444112,0.845644189635,82.918286737,239,
48.0,1.872,nan,nan,nan,nan,nan,nan,nan,0,
54.0,1.872,1.40328447973,-732.0,1.21111975186,1.24218611585,0.984492208425,0.841176058598,79.7795906772,239,
60.0,1.872,1.42145228778,-726.0,1.20767570136,1.24057408119,0.983514509056,0.841389937759,79.2133741838,239,
66.0,1.872,1.40293447397,-732.0,1.20428637274,1.23674604338,0.983279040351,0.841638581656,79.382893772,239,
72.0,1.872,1.32855786222,-738.0,1.19077070544,1.22327267725,0.983051148765,0.84382326648,79.4838308682,239,
78.0,1.872,1.34384965784,-732.0,1.20171563074,1.23147059785,0.984973341764,0.843042822045,80.2922841034,239,
84.0,1.872,1.34943438006,-732.0,1.2047297031,1.23466222951,0.984140806651,0.841277491281,80.208379286,239,
90.0,1.872,1.3379034952,-738.0,1.1839689197,1.21650376138,0.983472330763,0.845687477882,79.5312362438,239,
96.0,1.872,1.31148067768,-732.0,1.18174679268,1.21389028519,0.983215933967,0.845433851203,79.6752166397,239,
102.0,1.872,1.30420140485,-732.0,1.16293268135,1.19386807793,0.983989641136,0.849326688461,80.2231026455,239,
108.0,1.872,1.30595673938,-732.0,1.16597553064,1.19666275889,0.984483783281,0.849355664728,80.2782099311,239,
114.0,1.872,1.29321969408,-738.0,1.15387979958,1.18323113003,0.984916122284,0.851419491411,80.8167388125,239,
120.0,1.872,1.23217577177,-738.0,1.1279145292,1.15647298284,0.985495586853,0.856567181273,81.2922691347,239,
126.0,1.872,1.2467214713,-738.0,1.11617737527,1.14663089667,0.984649440657,0.858578346011,80.7730003356,239,
