LeadTime (HRS), obsMax (m MSL), Peak (m), PLag (min), Bias(m), RMSD (m), RVal, Skil, VExp (%), nPts,
-0.0,3.021,-0.235448583129,-6.0,0.0151015199651,0.212710624842,0.998659750649,0.996832592102,89.3086449654,240,
6.0,3.021,-0.524227171388,-6.0,-0.221107092157,0.317436538834,0.999295822745,0.992897575415,88.5466747786,239,
12.0,3.021,-0.284671611366,-6.0,0.0468873854802,0.238249834716,0.999626802435,0.995962053596,88.2538125001,239,
18.0,3.021,-0.464342624935,0.0,-0.117859830499,0.266572768444,0.999631143482,0.994933749146,87.9766332802,239,
24.0,3.021,-0.203962521464,0.0,0.150245735436,0.280150927542,0.999624647798,0.994416349271,88.109795739,239,
30.0,3.021,-0.543315490369,0.0,-0.179052846154,0.304314439286,0.999664388976,0.993379553261,87.6265956542,239,
36.0,3.021,-0.2155561958,-6.0,0.137472424997,0.273054078432,0.999701405027,0.994692695235,88.1365043323,239,
42.0,3.021,-0.458159709517,0.0,-0.0744575780805,0.261850918919,0.999684975201,0.995074685205,87.3762725354,239,
48.0,3.021,nan,nan,nan,nan,nan,nan,nan,0,
54.0,3.021,-0.506139192475,-6.0,-0.116331495234,0.2963512173,0.998413108358,0.993679777051,86.2996586989,239,
60.0,3.021,-0.239436831876,-6.0,0.152483292211,0.304898137195,0.998520982486,0.993343141922,86.7286194421,239,
66.0,3.021,-0.487949688689,-6.0,-0.0811409206974,0.279638686849,0.998793992922,0.994370972095,86.5487697278,239,
72.0,3.021,-0.12840271965,-6.0,0.276780511608,0.382362843931,0.998748722711,0.989556305072,86.7398398385,239,
78.0,3.021,-0.420878732505,-6.0,-0.0263257553269,0.265187881699,0.99890228625,0.994942541486,86.7362511551,239,
84.0,3.021,-0.201291655064,-6.0,0.204329142322,0.329695325933,0.998940047029,0.992227150496,86.9942924087,239,
90.0,3.021,-0.387913340208,-6.0,0.0118719395085,0.265975136598,0.999141928535,0.99489849269,86.6441607024,239,
96.0,3.021,-0.143820234022,-6.0,0.288228753728,0.389241410644,0.998719092474,0.989198364379,86.8508951386,239,
102.0,3.021,-0.340044889079,-6.0,0.0973363881016,0.282113975661,0.998983256669,0.994273812835,86.6903897575,239,
108.0,3.021,-0.311680466921,-12.0,0.116705893294,0.285340942171,0.998922085903,0.994161104608,86.9119347891,239,
114.0,3.021,-0.0914262544767,-12.0,0.328456352332,0.417864420989,0.998703160549,0.987598894793,87.0158260076,239,
120.0,3.021,-0.208740637613,-6.0,0.213924718111,0.339053173752,0.998644693234,0.99177910473,86.778061548,239,
126.0,3.021,-0.2485561217,-6.0,0.167389953672,0.305664602025,0.999097633954,0.99331593611,87.1444666102,239,
