LeadTime (HRS), obsMax (m MSL), Peak (m), PLag (min), Bias(m), RMSD (m), RVal, Skil, VExp (%), nPts,
-0.0,0.867,0.203779347649,-18.0,0.108589317981,0.126869992855,0.996551095674,0.992868193526,91.1270528182,240,
6.0,0.867,0.221191820264,-12.0,0.132175347274,0.14734801312,0.996702956482,0.990469143688,91.2108394413,239,
12.0,0.867,0.13910587831,-12.0,0.0543334996572,0.0803356249392,0.997121613473,0.997125214629,92.0136959771,239,
18.0,0.867,0.296177180401,-18.0,0.213482148081,0.222495758531,0.99698099939,0.978553500634,91.5396363535,239,
24.0,0.867,0.1739893433,-12.0,0.105751181251,0.121914197754,0.997151622384,0.993448100001,91.8131449411,239,
30.0,0.867,0.218176734328,-12.0,0.142504025244,0.154150675858,0.997395360109,0.989584384359,92.06707153,239,
36.0,0.867,0.122444826807,-12.0,0.0555372967508,0.0790187188741,0.997447096071,0.997221522569,92.4138547387,239,
42.0,0.867,0.320805803424,-12.0,0.238166864373,0.245616046438,0.99734915294,0.974064319976,91.8980986048,239,
48.0,0.867,nan,nan,nan,nan,nan,nan,nan,0,
54.0,0.867,0.217996249021,-18.0,0.156323564507,0.172259909153,0.995660787219,0.98695201041,90.237808608,239,
60.0,0.867,0.167171088289,-18.0,0.112021784264,0.132228002021,0.995849551394,0.992248044342,90.5225890243,239,
66.0,0.867,0.351518132287,-24.0,0.289591217752,0.298634641667,0.995806709166,0.962123533788,90.1606002778,239,
72.0,0.867,0.283214698479,-18.0,0.222448660321,0.234456471625,0.995605127336,0.976233284786,90.0074794902,239,
78.0,0.867,0.263974359169,-18.0,0.208481372942,0.219601834557,0.99616205881,0.979041957159,90.6920164587,239,
84.0,0.867,0.22866965975,-24.0,0.174245360951,0.188133470775,0.995920625376,0.98452140103,90.4295340088,239,
90.0,0.867,0.384861814699,-24.0,0.321977578543,0.33047287872,0.995938586042,0.954414520608,89.9563114398,239,
96.0,0.867,0.355670324827,-24.0,0.298564158149,0.308399747745,0.995650294586,0.960098905907,89.576544051,239,
102.0,0.867,0.271257630448,-18.0,0.215628129767,0.226564529775,0.996433253862,0.977930278136,90.6184831977,239,
108.0,0.867,0.165142108152,-18.0,0.111555411233,0.129426839128,0.996624546021,0.99262983921,91.1467595949,239,
114.0,0.867,0.291201945492,-24.0,0.236992157924,0.246651906428,0.996491787044,0.973906347188,90.7790441248,239,
120.0,0.867,0.266717981246,-24.0,0.210675482547,0.222275803961,0.996375060294,0.978790194796,90.439411379,239,
126.0,0.867,0.101853025569,-18.0,0.0513942074424,0.080629062796,0.997013002237,0.997126786855,91.6188074025,239,
