LeadTime (HRS), obsMax (m MSL), Peak (m), PLag (min), Bias(m), RMSD (m), RVal, Skil, VExp (%), nPts,
-0.0,0.406,0.349066087012,6.0,0.214436422373,0.224359205366,0.927630856111,0.726339146708,62.3141777424,240,
6.0,0.406,0.204750044827,-72.0,0.170975951212,0.17828460793,0.957630415307,0.795848776532,71.1998128212,239,
12.0,0.406,0.195428280775,-72.0,0.179585884634,0.185468670954,0.964633532036,0.784670336391,73.583688381,239,
18.0,0.406,0.188798103891,-30.0,0.198834437783,0.203017138988,0.972915611401,0.758402017626,76.6297684684,239,
24.0,0.406,0.215343906514,-12.0,0.22887577685,0.232347278219,0.974275118149,0.71915535756,77.1904913269,239,
30.0,0.406,0.17483539871,-12.0,0.177919685945,0.182234519699,0.974925200572,0.790069754659,77.5287084244,239,
36.0,0.406,0.163159145572,-12.0,0.181579187732,0.185774897866,0.975239377133,0.78414727719,77.6206776698,239,
42.0,0.406,0.177907937392,-54.0,0.201521615749,0.205215405028,0.975954131764,0.756082254819,77.9049664299,239,
48.0,0.406,nan,nan,nan,nan,nan,nan,nan,0,
54.0,0.406,0.16348801498,-42.0,0.184946458573,0.189616863468,0.97178278874,0.778116419208,76.1785069554,239,
60.0,0.406,0.151719670442,-12.0,0.1696033281,0.174706038667,0.971610751869,0.801348794737,76.1271662346,239,
66.0,0.406,0.173147258036,-60.0,0.194097910273,0.198533768341,0.971901336502,0.765122495875,76.2310182737,239,
72.0,0.406,0.206815789482,-12.0,0.229453149431,0.233228497996,0.971661041445,0.71858276754,76.1960652311,239,
78.0,0.406,0.164862381547,-12.0,0.183078895894,0.187891623765,0.97106039686,0.780826990767,75.934524918,239,
84.0,0.406,0.125429544188,-12.0,0.146132511086,0.152042787939,0.971324549556,0.838497882611,76.0905915273,239,
90.0,0.406,0.158394397584,-60.0,0.17483606209,0.179567989013,0.972947443879,0.793833031652,76.6763003173,239,
96.0,0.406,0.180591611024,-24.0,0.204476534921,0.208680127677,0.971989601973,0.750985265293,76.2645874169,239,
102.0,0.406,0.153490085263,-54.0,0.175958250261,0.180290130887,0.975245246676,0.793127005789,77.6259926001,239,
108.0,0.406,0.1151072346,-66.0,0.137368202067,0.143168586862,0.974060543854,0.851730805689,77.0251650012,239,
114.0,0.406,0.152254237886,-60.0,0.176206064524,0.180617466068,0.974752035462,0.792319778802,77.4033465083,239,
120.0,0.406,0.185983351582,-54.0,0.199570288979,0.20350705318,0.974277141904,0.759330600638,77.3121688171,239,
126.0,0.406,0.176412575014,-54.0,0.194930355811,0.19896389739,0.974326527405,0.765510837797,77.2981014334,239,
