LeadTime (HRS), obsMax (m MSL), Peak (m), PLag (min), Bias(m), RMSD (m), RVal, Skil, VExp (%), nPts,
-0.0,1.028,0.514572263809,0.0,0.390749649749,0.400255040246,0.990267774218,0.897281535746,84.9689217252,240,
6.0,1.028,0.392106220147,30.0,0.332346400853,0.340174298562,0.993601480502,0.923228409146,87.3737405564,239,
12.0,1.028,0.448594229783,30.0,0.367292135301,0.373423059147,0.994406253045,0.908796088028,88.2729737411,239,
18.0,1.028,0.462383082317,24.0,0.436411705224,0.439464338774,0.997077084479,0.878670778833,91.0017517494,239,
24.0,1.028,0.395949488688,18.0,0.351017235279,0.35493733045,0.997062642289,0.91715162926,90.8454712887,239,
30.0,1.028,0.361649707267,-12.0,0.327884774034,0.332233124916,0.997064677326,0.926743278307,90.6766421194,239,
36.0,1.028,0.419844224173,18.0,0.363413764901,0.366757128824,0.9973545789,0.911799324992,91.4018821306,239,
42.0,1.028,0.554367107492,12.0,0.498746621363,0.50095603292,0.997745131295,0.848566552068,91.821511576,239,
48.0,1.028,nan,nan,nan,nan,nan,nan,nan,0,
54.0,1.028,0.39121624315,-6.0,0.388840398235,0.397188242681,0.991818707082,0.898237124424,85.8633715705,239,
60.0,1.028,0.298285282165,-6.0,0.277600728269,0.287772117947,0.992665904465,0.943254759314,86.7658179868,239,
66.0,1.028,0.478537659068,-12.0,0.460305418942,0.464907023778,0.994198764362,0.864189889796,88.6128543292,239,
72.0,1.028,0.317522436766,-6.0,0.29729879429,0.303545182144,0.994870260025,0.936466363976,89.3085942185,239,
78.0,1.028,0.342969540759,-6.0,0.312371302107,0.318970051759,0.995012022533,0.931457213662,88.7357461702,239,
84.0,1.028,0.210817588371,-6.0,0.169990578005,0.179718656864,0.995661033354,0.976817888533,89.820965756,239,
90.0,1.028,0.368806441264,-6.0,0.344338602845,0.350617516762,0.995022758128,0.918893992599,88.4718282009,239,
96.0,1.028,0.214623653824,-6.0,0.18080686759,0.188292783849,0.996810664255,0.974772701729,90.8265270757,239,
102.0,1.028,0.186418678536,0.0,0.159671209784,0.166308598668,0.996861178461,0.979661308164,91.8822912481,239,
108.0,1.028,0.0218488725265,-6.0,-0.0308606885305,0.0517005008603,0.997439201044,0.997981441379,92.7610703521,239,
114.0,1.028,0.211865091543,-12.0,0.194332441204,0.202872637321,0.995567574058,0.970586034338,89.835622131,239,
120.0,1.028,0.144101511537,-6.0,0.105128406935,0.115276211427,0.997247153078,0.990288349704,91.7465433482,239,
126.0,1.028,0.117047422258,-6.0,0.0535183765042,0.0644158921508,0.998221706237,0.996898546576,93.7436182085,239,
