LeadTime (HRS), obsMax (m MSL), Peak (m), PLag (min), Bias(m), RMSD (m), RVal, Skil, VExp (%), nPts,
-0.0,0.856,0.696848848523,-30.0,0.567683864512,0.57286398175,0.990771739959,0.789923893696,85.8715557192,240,
6.0,0.856,0.655194135815,-30.0,0.502982250823,0.509456233154,0.989754517595,0.824358902327,85.05087159,239,
12.0,0.856,0.663677833925,-36.0,0.545426752159,0.551088545173,0.990239977353,0.801211585969,85.4511007433,239,
18.0,0.856,0.727596871833,-36.0,0.618375296409,0.621291095336,0.994529623457,0.763339315423,88.8986193385,239,
24.0,0.856,0.639557365129,-36.0,0.533654507276,0.536609364473,0.995629327753,0.811698060914,89.6161244048,239,
30.0,0.856,0.564279646055,-36.0,0.488389463201,0.492012803624,0.995460812582,0.837375733641,88.9946839766,239,
36.0,0.856,0.596910071737,-30.0,0.552183987877,0.55490045534,0.995907003213,0.801678289545,89.8739883459,239,
42.0,0.856,0.763062538456,-18.0,0.701019464351,0.703137585048,0.996139739396,0.720904501651,89.9300111558,239,
48.0,0.856,nan,nan,nan,nan,nan,nan,nan,0,
54.0,0.856,0.692466221222,-24.0,0.604522857107,0.612754542152,0.986985478077,0.7737833765,81.4722873814,239,
60.0,0.856,0.562022584356,-30.0,0.485386920514,0.493211546521,0.990004830537,0.837993457867,83.8036663909,239,
66.0,0.856,0.775726556868,-30.0,0.686488391546,0.691896240308,0.98977771879,0.728178952819,84.0198764169,239,
72.0,0.856,0.618271867951,-30.0,0.52095380837,0.527001697088,0.991044389754,0.817860961665,85.2648021582,239,
78.0,0.856,0.619538312559,-24.0,0.521586206855,0.528584951271,0.991500762487,0.820514853478,84.1319790906,239,
84.0,0.856,0.447041225033,-24.0,0.358971461841,0.368004596867,0.991221547518,0.901564671392,85.0010119521,239,
90.0,0.856,0.639487414442,-30.0,0.545911456083,0.553190279337,0.990696543811,0.807757540603,83.4448855496,239,
96.0,0.856,0.400912661666,-24.0,0.356095734324,0.360655920994,0.995871222834,0.90445396769,89.4182300305,239,
102.0,0.856,0.372337595834,-24.0,0.331113477571,0.33456625772,0.996224222164,0.913981043708,91.1264012868,239,
108.0,0.856,0.170304062364,630.0,0.127135577998,0.13355674414,0.997129820657,0.984908723447,92.4272481185,239,
114.0,0.856,0.420757448778,-18.0,0.3768901693,0.380883749079,0.995436132933,0.89295337619,89.8179866354,239,
120.0,0.856,0.291837776734,612.0,0.280501995013,0.283383511438,0.997706176063,0.937517408993,92.5391438001,239,
126.0,0.856,0.276890032638,612.0,0.236553162407,0.238665558083,0.998291765835,0.953709541677,94.1356881224,239,
