LeadTime (HRS), obsMax (m MSL), Peak (m), PLag (min), Bias(m), RMSD (m), RVal, Skil, VExp (%), nPts,
-0.0,2.397,1.56121764108,-6.0,1.26965981749,1.28426807043,0.993362431522,0.829300663326,85.6590013885,239,
6.0,2.397,1.57598859606,-6.0,1.25151670374,1.26755695796,0.992765509833,0.833464494382,85.1010840749,240,
12.0,2.397,1.51890547497,-12.0,1.23756551801,1.25110093924,0.993822454028,0.83592532793,86.3965881302,240,
18.0,2.397,1.52556155086,-12.0,1.24438181376,1.25649177783,0.995041307447,0.835433024022,87.1013009553,240,
24.0,2.397,1.46442507692,-6.0,1.23159016616,1.24210674477,0.995887752395,0.838251047513,88.0452887172,240,
30.0,2.397,1.4610392114,-12.0,1.23582768049,1.24621853582,0.996047290328,0.837536151364,88.0969243602,240,
36.0,2.397,1.59329891315,-18.0,1.26452918717,1.27551603361,0.997206830815,0.833959874635,87.6181407242,240,
42.0,2.397,1.62242818338,-24.0,1.25113471628,1.26672733827,0.995430060047,0.836791182898,85.3139786944,240,
48.0,2.397,1.52414078015,-24.0,1.24916479959,1.26254608963,0.996146334458,0.836828790679,86.4117844156,240,
54.0,2.397,1.52997333019,-18.0,1.2523448564,1.26327312477,0.997068164291,0.83608801518,87.7107145122,240,
60.0,2.397,1.48731139596,-12.0,1.25904837901,1.26717394988,0.997452816623,0.833294169416,89.3808112979,240,
66.0,2.397,1.47713547293,-24.0,1.28678660699,1.29799121752,0.99512150826,0.826289257605,87.3864130788,240,
72.0,2.397,1.50838957503,-30.0,1.26840067645,1.28101897717,0.994890526904,0.830694790217,86.7061824609,240,
78.0,2.397,1.52648864768,-30.0,1.26971217454,1.28384354696,0.993768734654,0.82975415285,85.9202983257,240,
84.0,2.397,1.54118238204,-30.0,1.26512876193,1.27892812358,0.994478869841,0.831611220089,86.1125816152,240,
90.0,2.397,1.48473919864,-6.0,1.26752299444,1.2781853722,0.995673910675,0.830607258579,87.7887542986,240,
96.0,2.397,1.4700684265,0.0,1.32265144421,1.33533612028,0.992044165618,0.814408440931,86.3904183607,240,
102.0,2.397,1.43634751243,-12.0,1.24837566797,1.26428001114,0.993187439366,0.834397767134,85.1832493942,240,
108.0,2.397,1.47808708263,-18.0,1.20802508694,1.22026748865,0.99679436214,0.845340674638,87.2205421136,240,
114.0,2.397,1.41304143834,-6.0,1.19360650491,1.20891250387,0.99409853963,0.846147611631,85.7867672348,240,
120.0,2.397,1.48807115728,-6.0,1.15266435373,1.16177797447,0.998621801124,0.857104660108,89.2354155302,240,
126.0,2.397,1.5066676963,0.0,1.24273060485,1.25382448605,0.995988979925,0.836344335143,87.6649491346,240,
