LeadTime (HRS), obsMax (m MSL), Peak (m), PLag (min), Bias(m), RMSD (m), RVal, Skil, VExp (%), nPts,
-0.0,1.64,0.245968482827,-18.0,0.300184448108,0.307466064159,0.997065387576,0.969519861802,92.3440931192,239,
6.0,1.64,0.148917736785,12.0,0.205680627031,0.217093243167,0.996818153123,0.984520115017,92.0152060686,240,
12.0,1.64,0.220197257547,12.0,0.30116364687,0.308670637945,0.997049519319,0.969011742282,92.2222154843,240,
18.0,1.64,0.164482530369,-6.0,0.229857094813,0.237673740508,0.997600033128,0.981512445033,93.0508388664,240,
24.0,1.64,0.25624050543,-6.0,0.311223095271,0.316671474577,0.997764578965,0.967648861573,93.2765207383,240,
30.0,1.64,0.266589776376,0.0,0.316180718409,0.321086501943,0.997944788826,0.966858716109,93.5726489751,240,
36.0,1.64,0.352870919523,0.0,0.338660290359,0.344048651556,0.997728622456,0.962951888518,93.0279067949,240,
42.0,1.64,0.313560813579,-6.0,0.280731345616,0.286041068336,0.998249977435,0.974181364708,93.6939514238,240,
48.0,1.64,0.321188000179,-6.0,0.304948422666,0.309598156149,0.99820677767,0.969668125313,93.8551898205,240,
54.0,1.64,0.342406885962,-6.0,0.3398364829,0.344835661734,0.997807983629,0.962574161509,93.2747612792,240,
60.0,1.64,0.270839122298,0.0,0.296775396182,0.304682132938,0.99685306427,0.970121300978,92.0728301886,240,
66.0,1.64,0.268997614469,0.0,0.286116024333,0.297385223999,0.995647359751,0.971380146547,90.6785286238,240,
72.0,1.64,0.246932524036,0.0,0.282661523155,0.292394119266,0.996299885672,0.97230574889,91.4002401469,240,
78.0,1.64,0.405976757316,0.0,0.395970899694,0.402301258639,0.996667560831,0.949369476081,91.8284075597,240,
84.0,1.64,0.383256914721,0.0,0.396854723275,0.403081579294,0.996703947979,0.949007445984,91.8870433812,240,
90.0,1.64,0.352107203365,0.0,0.402093790538,0.406272978228,0.997820096277,0.947805029044,93.3186041562,240,
96.0,1.64,0.352333469343,0.0,0.45617566004,0.475795157636,0.988041379945,0.928114750224,84.4560233006,240,
102.0,1.64,0.458549456756,0.0,0.543309171361,0.551294600307,0.994241648718,0.90815870947,89.2528172556,240,
108.0,1.64,0.333330774026,0.0,0.321543821203,0.329140462927,0.996857126096,0.965850892005,91.9181084267,240,
114.0,1.64,0.222933646651,6.0,0.283486631496,0.293731656352,0.996108295181,0.971950540348,91.1601766168,240,
120.0,1.64,0.188249288205,0.0,0.170681238139,0.18932644862,0.995802667462,0.988462946675,90.5820458727,240,
126.0,1.64,0.377750243655,12.0,0.426899208984,0.434133467411,0.995916301269,0.940795296843,90.9275650119,240,
