LeadTime (HRS), obsMax (m MSL), Peak (m), PLag (min), Bias(m), RMSD (m), RVal, Skil, VExp (%), nPts,
-0.0,2.651,0.44478562576,-6.0,0.366924282199,0.397238434524,0.996241728286,0.981126162494,89.0568325232,239,
6.0,2.651,0.263068573335,-6.0,0.169059554231,0.228187840204,0.99649425585,0.993716225534,88.977870865,240,
12.0,2.651,0.374031100222,6.0,0.317150357672,0.356098388755,0.995835242679,0.984831750461,88.3542395632,240,
18.0,2.651,0.200211454806,6.0,0.113358923815,0.19918491972,0.995990914403,0.995221490601,88.2211681646,240,
24.0,2.651,0.397688745206,0.0,0.309380890174,0.353825215891,0.995729946093,0.985149076426,87.6527642525,240,
30.0,2.651,0.243163901437,6.0,0.161366967629,0.23382309812,0.996009167558,0.993464309722,87.830355292,240,
36.0,2.651,0.397894344531,6.0,0.285061259328,0.327158728796,0.997103267871,0.987362781809,88.4543318952,240,
42.0,2.651,0.246255206318,6.0,0.123785036092,0.189560886543,0.997649294621,0.995686127175,89.6751778059,240,
48.0,2.651,0.370735497295,6.0,0.284909943937,0.32396728743,0.996445282598,0.987420585105,88.9094383829,240,
54.0,2.651,0.356485644762,6.0,0.226549492389,0.265719966977,0.998000301478,0.991566442878,90.0133878274,240,
60.0,2.651,0.340372985114,6.0,0.253135952663,0.290556431838,0.996925262645,0.989809011367,89.7418600797,240,
66.0,2.651,0.224786650399,6.0,0.124236938862,0.188756411136,0.997090956649,0.995681369299,89.7800144953,240,
72.0,2.651,0.310839331362,12.0,0.269017706396,0.304574989553,0.996460930515,0.988728010446,89.7292203319,240,
78.0,2.651,0.447098937524,6.0,0.361535457697,0.387615172137,0.997271869774,0.98205984076,89.9475178236,240,
84.0,2.651,0.455087747754,12.0,0.380794354788,0.405795866105,0.996594834477,0.980162558333,89.9145629301,240,
90.0,2.651,0.384832009142,6.0,0.33550057023,0.36640597928,0.996274949774,0.983805786041,89.4076037999,240,
96.0,2.651,0.49458172583,12.0,0.476215713856,0.499032852202,0.995070060632,0.969763265794,89.2718319115,240,
102.0,2.651,0.67553120787,12.0,0.616083452366,0.630719444316,0.996815286202,0.953411804854,90.2848993651,240,
108.0,2.651,0.514676735301,12.0,0.405627796784,0.429604547543,0.997344484258,0.978117382607,89.8226165465,240,
114.0,2.651,0.519565484072,12.0,0.369528802512,0.402208233052,0.997591557869,0.981112424998,88.578865851,240,
120.0,2.651,0.65064235204,12.0,0.386633984755,0.433316516097,0.997226602608,0.978680019884,85.9295386407,240,
126.0,2.651,0.636099060518,12.0,0.466767747271,0.48799181805,0.998482433797,0.972394410487,89.7623878338,240,
