LeadTime (HRS), obsMax (m MSL), Peak (m), PLag (min), Bias(m), RMSD (m), RVal, Skil, VExp (%), nPts,
-0.0,0.538,0.386259995344,-126.0,0.370215526785,0.392371651699,0.90871746411,0.691471692501,57.8661164176,240,
6.0,0.538,0.346905433332,-78.0,0.372175337158,0.391324598267,0.926681028675,0.690079487714,60.8059311013,240,
12.0,0.538,0.332464126872,-72.0,0.361560777817,0.384728660773,0.910556094719,0.690697594947,57.3777215562,240,
18.0,0.538,0.332405267967,-78.0,0.378116900949,0.397522698942,0.92568059408,0.685568638522,60.3099991685,239,
24.0,0.538,0.37741962305,-78.0,0.394094199571,0.414544313585,0.918446805529,0.669954334393,58.3983605539,239,
30.0,0.538,0.378420971876,-78.0,0.407632250354,0.4276197378,0.91535439032,0.661886310371,58.2002938141,239,
36.0,0.538,0.19240962481,-108.0,0.254213784794,0.281158745618,0.935318276514,0.784883056216,61.1445280535,239,
42.0,0.538,0.223531474755,-90.0,0.249070952075,0.271752967503,0.94984195861,0.800856494815,64.8381554481,239,
48.0,0.538,0.158582672415,-78.0,0.234396648124,0.261390657886,0.944168468616,0.807219849493,62.5745724992,239,
54.0,0.538,0.218833722679,-78.0,0.263704094597,0.286896391273,0.950441497014,0.778763131583,63.4425796745,239,
60.0,0.538,0.188187228404,-96.0,0.229791783475,0.256598072318,0.948190778528,0.811527136857,63.0600784462,239,
66.0,0.538,0.124869489781,-78.0,0.229381186651,0.256955546039,0.946562315561,0.810517493327,62.5366490889,239,
72.0,0.538,0.146249086086,-96.0,0.24474451722,0.269511413866,0.947925116746,0.79959197452,63.4900852737,239,
78.0,0.538,0.24676039815,-90.0,0.288987134141,0.309510882648,0.943430442751,0.762694838787,64.1453846259,239,
84.0,0.538,0.0921335975629,-96.0,0.181956307685,0.222237946978,0.924442055439,0.847789132912,58.7205403065,239,
90.0,0.538,0.212604693059,-60.0,0.220886146227,0.251745307518,0.929723599786,0.821042966856,60.9304204484,239,
96.0,0.538,0.125875810359,-84.0,0.190690832621,0.225874239837,0.934569809047,0.84592160032,60.8352154263,239,
102.0,0.538,nan,nan,nan,nan,nan,nan,nan,0,
108.0,0.538,0.208062333393,-102.0,0.253952001701,0.27776946466,0.942460626426,0.792722786089,63.426230741,239,
114.0,0.538,0.26798589794,-72.0,0.294848467303,0.31850481267,0.926858268344,0.751290367806,60.8520480554,239,
120.0,0.538,0.288966565643,-108.0,0.29610683063,0.318700591581,0.930966900756,0.751622307841,61.696038679,239,
126.0,0.538,0.342459544532,-84.0,0.351709377679,0.373734390233,0.918052608393,0.700754469078,58.9191109385,239,
