LeadTime (HRS), obsMax (m MSL), Peak (m), PLag (min), Bias(m), RMSD (m), RVal, Skil, VExp (%), nPts,
-0.0,0.775,0.165762634041,-30.0,0.383697660312,0.449578017148,0.907822493123,0.805514330689,55.7850886287,240,
6.0,0.775,0.214901527691,-42.0,0.401982903905,0.458178250373,0.927850976382,0.800098305605,58.5106602111,240,
12.0,0.775,0.345530326393,-42.0,0.490767641755,0.543985910031,0.912829551631,0.745756123001,55.7161606235,240,
18.0,0.775,0.339238477,-72.0,0.474822590112,0.522509959824,0.927595525773,0.763483452313,58.8146923859,239,
24.0,0.775,0.383129747651,-60.0,0.4788857083,0.53143263742,0.918396477855,0.75258436014,56.4865595316,239,
30.0,0.775,0.363127559206,-24.0,0.509859122965,0.554817563502,0.929789617319,0.742138714908,58.6823964236,239,
36.0,0.775,0.376594166793,-24.0,0.403382655347,0.453840680966,0.93861062476,0.804482088393,60.7235025203,239,
42.0,0.775,0.295399877162,-24.0,0.372595548237,0.423819397459,0.938312484376,0.826929922115,61.8559819684,239,
48.0,0.775,0.281782846677,-30.0,0.341799322274,0.39654047377,0.940140504503,0.843656387137,62.033047757,239,
54.0,0.775,0.299876933944,-42.0,0.376557602336,0.424075295211,0.941155430911,0.829703567844,63.1646312637,239,
60.0,0.775,0.28748862455,-24.0,0.377171198219,0.430645715802,0.936596510813,0.819992501825,60.7490166289,239,
66.0,0.775,0.284827615847,-18.0,0.355200177074,0.40485307899,0.948431105248,0.838210259214,63.3127665944,239,
72.0,0.775,0.271372480149,-12.0,0.383830863115,0.427184211912,0.956356830728,0.824414351832,64.5883289378,239,
78.0,0.775,0.39652464481,-42.0,0.406052691536,0.449726216051,0.945101461487,0.812982364879,63.4901084509,239,
84.0,0.775,0.204874589155,-42.0,0.32217114477,0.375843239837,0.958252394759,0.852534334913,63.446657696,239,
90.0,0.775,0.222163995821,-12.0,0.364220583291,0.413060528011,0.952788305452,0.830655845215,63.2042828361,239,
96.0,0.775,0.2194981187,-30.0,0.34016790718,0.399379063096,0.947539438064,0.83378401011,60.4810603006,239,
102.0,0.775,nan,nan,nan,nan,nan,nan,nan,0,
108.0,0.775,0.200931576379,-48.0,0.370247388608,0.426692213892,0.931652120443,0.821390828617,59.8457837892,239,
114.0,0.775,0.278218916419,-24.0,0.391424214885,0.449891121871,0.919848970964,0.807411505189,58.0104863057,239,
120.0,0.775,0.155102810063,-36.0,0.3614147465,0.434632193304,0.902641068823,0.810640507691,54.2929690791,239,
126.0,0.775,0.324920759744,6.0,0.434295636589,0.483258062469,0.933856847249,0.786311492084,59.8714385763,239,
