LeadTime (HRS), obsMax (m MSL), Peak (m), PLag (min), Bias(m), RMSD (m), RVal, Skil, VExp (%), nPts,
-0.0,0.764,0.381470347612,-1266.0,0.407870727504,0.417402006862,0.603773521532,0.337237546723,20.1006156421,237,
6.0,0.764,0.381407526867,-1266.0,0.388448356759,0.400981867298,0.500189662465,0.342396163724,12.4203373258,236,
12.0,0.764,0.342033161643,-1260.0,0.297791847494,0.318275511761,0.58869642593,0.419975139076,1.38907590992,236,
18.0,0.764,0.345691777514,-1254.0,0.307008153841,0.321941887235,0.651600239025,0.420370571704,14.0569118498,236,
24.0,0.764,0.555771436152,-900.0,0.475792918114,0.512286440345,0.151111004972,0.263175034729,0.0,236,
30.0,0.764,0.539274210576,-1044.0,0.474914634126,0.512211349631,0.0672383127703,0.258571213418,0.0,237,
36.0,0.764,0.297522494647,-1260.0,0.281315667017,0.290661314875,0.82993482296,0.482303905088,34.601270689,236,
42.0,0.764,0.311749402706,-1260.0,0.321979911523,0.327451100484,0.853913907633,0.436022066142,47.6497149521,236,
48.0,0.764,0.200002094505,-1152.0,0.280691878784,0.287484836277,0.827899038238,0.463953370786,43.9153730947,236,
54.0,0.764,0.367723217583,-1260.0,0.390481166314,0.396181972581,0.795399385574,0.364264185603,38.7566561103,236,
60.0,0.764,0.333734574147,60.0,0.369492061959,0.369748698295,0.967365850895,0.420870937401,73.275940713,236,
66.0,0.764,0.371793812414,-870.0,0.523266900168,0.532151017372,0.517191397082,0.278093904463,12.2747628316,236,
72.0,0.764,0.396575015468,168.0,0.468981981913,0.474837992929,0.844930681485,0.317978460252,33.9099132589,236,
78.0,0.764,0.410230399024,108.0,0.456257936708,0.456876622963,0.966703174379,0.35001245321,72.3767359167,236,
84.0,0.764,0.308862056127,60.0,0.342008843693,0.351341052971,0.672130999503,0.413030883456,24.2088224216,236,
90.0,0.764,0.283437164977,-1260.0,0.398483617528,0.422510844063,-0.411642572979,0.294861311357,0.0,236,
96.0,0.764,0.317135696515,-792.0,0.431573983136,0.455507066569,-0.300101181278,0.281255235853,0.0,236,
102.0,0.764,0.348497871432,-1260.0,0.438252940484,0.463815657469,-0.218789334199,0.273036511711,0.0,236,
108.0,0.764,0.266712746112,-1260.0,0.318509024266,0.3527267683,-0.0269057071436,0.329724966266,0.0,236,
114.0,0.764,0.206602296321,-1260.0,0.144322891643,0.166604152672,0.680609620366,0.607989191069,25.2491021318,236,
120.0,0.764,nan,nan,nan,nan,nan,nan,nan,0,
126.0,0.764,0.0819635784177,-1266.0,0.140562652429,0.168093209404,0.576437044554,0.560545836678,18.1368475476,236,
