LeadTime (HRS), obsMax (m MSL), Peak (m), PLag (min), Bias(m), RMSD (m), RVal, Skil, VExp (%), nPts,
-0.0,0.576,0.353185619301,306.0,0.396952191906,0.398099889822,0.681684418933,0.130563160363,18.9431923391,227,
6.0,0.576,0.342076502594,156.0,0.381476532695,0.382450255179,0.845654279648,0.137587857808,32.7213525743,226,
12.0,0.576,0.311492714097,222.0,0.350582728456,0.35161405785,0.857151301049,0.149026409632,35.6231874669,226,
18.0,0.576,0.353242445793,0.0,0.373778925,0.374649369194,0.936807151494,0.144543063502,56.3341336317,226,
24.0,0.576,0.379877910977,-24.0,0.384603864349,0.385317147196,0.922862378727,0.143683604908,63.8859098033,226,
30.0,0.576,0.370080843198,180.0,0.388991838192,0.389645936244,0.889069833675,0.141237584419,55.8423937798,227,
36.0,0.576,0.369241830799,252.0,0.39443425127,0.395239538343,0.612332878068,0.132045301079,21.1328664542,226,
42.0,0.576,0.387682677478,192.0,0.411172134173,0.412060499609,0.684712612447,0.127599431773,25.2999017072,226,
48.0,0.576,0.419533476529,246.0,0.427028787277,0.42808946407,0.861687430623,0.129233027671,54.4276423728,226,
54.0,0.576,0.380030963397,-18.0,0.412200594442,0.41308559807,0.844182563982,0.128532017912,39.4877536537,226,
60.0,0.576,0.358961943697,-18.0,0.388707098163,0.3895057829,0.668589880486,0.135309836782,26.4723534159,226,
66.0,0.576,0.424987002004,-18.0,0.416341034317,0.417132420702,0.902989971673,0.135537699782,52.4101623853,226,
72.0,0.576,0.426121567609,18.0,0.419204158428,0.42002670155,0.888859640151,0.132475210967,54.9304679093,226,
78.0,0.576,0.396278995152,12.0,0.389570678879,0.390340120453,0.845107447985,0.138982419007,46.0965750856,226,
84.0,0.576,0.357408569639,150.0,0.360619207924,0.361608168779,0.938904495236,0.155267978181,67.9475779351,226,
90.0,0.576,0.352242746492,36.0,0.349782040535,0.350751990817,0.886584299834,0.154721399947,54.626200479,226,
96.0,0.576,0.344561939438,84.0,0.350425618713,0.351512254301,0.811319280235,0.151138676656,39.8495904226,226,
102.0,0.576,0.372395268213,24.0,0.361395164029,0.362274001625,0.918475702572,0.154003480492,61.7169087432,226,
108.0,0.576,0.297508871242,12.0,0.297333680475,0.298306259135,0.813234311456,0.174235251488,38.0876160373,226,
114.0,0.576,0.330633742564,198.0,0.31556347234,0.316850836406,0.78958024102,0.173220791611,35.6555272263,226,
120.0,0.576,nan,nan,nan,nan,nan,nan,nan,0,
126.0,0.576,0.274280151889,210.0,0.323628245198,0.324796192631,0.926104220431,0.15824855405,28.7799039365,226,
