LeadTime (HRS), obsMax (m MSL), Peak (m), PLag (min), Bias(m), RMSD (m), RVal, Skil, VExp (%), nPts,
-0.0,0.58,0.412160754099,-60.0,0.433134383469,0.433826667105,0.879740642191,0.145621276824,38.8360202915,240,
6.0,0.58,0.40833217169,-60.0,0.408197989791,0.408732682924,0.886845748251,0.155928686466,47.9174827023,239,
12.0,0.58,0.348325686392,-72.0,0.368591775767,0.369219444046,0.921770740753,0.169659831421,46.3728422169,239,
18.0,0.58,0.397821451928,-72.0,0.375006356275,0.375404223015,0.902597399986,0.173212432388,56.9408597793,239,
24.0,0.58,0.382977172769,-72.0,0.389747361853,0.390434153809,0.87799171968,0.161876199131,42.3157180896,239,
30.0,0.58,0.342187299593,1152.0,0.383765014716,0.38557624766,0.369776087735,0.15579687454,6.80329106421,240,
36.0,0.58,0.357630935359,-66.0,0.380221368033,0.383122006866,-0.18321163396,0.151132345833,0.0,239,
42.0,0.58,0.386992160618,-66.0,0.392589824769,0.395405726456,0.000913479782936,0.147868114511,0.0,239,
48.0,0.58,0.390377734305,354.0,0.407378056636,0.411751623298,-0.307556479315,0.137062161755,0.0,239,
54.0,0.58,0.376816535205,-66.0,0.410386254121,0.4121051011,0.354632732552,0.146734172056,6.16215846831,239,
60.0,0.58,0.441205416261,-66.0,0.409180115835,0.410753830747,0.455697120218,0.150314847662,10.3508461771,239,
66.0,0.58,0.474810848129,-66.0,0.447962965583,0.448321932954,0.895477930065,0.147537221018,55.2344156522,239,
72.0,0.58,0.464935052504,-66.0,0.457301992276,0.457585997538,0.922678385987,0.143129035096,59.7708471608,239,
78.0,0.58,0.480626047048,-30.0,0.451038635942,0.451739882939,0.785880138411,0.144794268912,37.205754499,239,
84.0,0.58,0.404330178169,60.0,0.409236508962,0.409631617123,0.900150352355,0.158059161141,55.1090584333,239,
90.0,0.58,0.416268298517,114.0,0.398702099321,0.399210374618,0.883188092798,0.166525174778,49.7401880039,239,
96.0,0.58,0.5112398853,-18.0,0.407941042071,0.409452480435,0.702404820821,0.161299836709,12.278803334,239,
102.0,0.58,0.448159795614,-18.0,0.411051374917,0.411637381956,0.857600785434,0.160399100692,45.2022245669,239,
108.0,0.58,0.498054631026,0.0,0.408334714253,0.410490940082,0.839203290806,0.171006626733,0.0,239,
114.0,0.58,0.498352138805,162.0,0.417594270074,0.418717973446,0.822857409297,0.160929358161,23.4925370732,239,
120.0,0.58,nan,nan,nan,nan,nan,nan,nan,0,
126.0,0.58,0.331095638969,-72.0,0.376507035641,0.377810093547,0.70791079023,0.161209110719,21.87214428,239,
