LeadTime (HRS), obsMax (m MSL), Peak (m), PLag (min), Bias(m), RMSD (m), RVal, Skil, VExp (%), nPts,
-0.0,0.607,0.0448811083665,6.0,0.0496915965373,0.075000676372,0.990568249885,0.991096538305,85.6280960941,240,
6.0,0.607,0.00878954310947,-12.0,-0.00311302455535,0.0517241324208,0.991527326029,0.995670593508,86.7857038588,239,
12.0,0.607,0.103456230259,0.0,0.0882711044929,0.103194115692,0.991392533254,0.983230586291,86.3191843501,239,
18.0,0.607,0.0781609333182,-12.0,0.070237705932,0.0900140018214,0.990370102071,0.987165315553,85.5917040842,239,
24.0,0.607,0.1590310985,-6.0,0.136729333544,0.147063912605,0.991019075342,0.966412985964,86.1392658303,239,
30.0,0.607,0.0967475152214,-6.0,0.0686105231094,0.0877673704778,0.991386211325,0.987936158484,85.9974847244,240,
36.0,0.607,0.12779710978,-18.0,0.0969514438233,0.113841125055,0.989533278534,0.979728651443,84.6963942563,239,
42.0,0.607,0.100066848497,-18.0,0.0671724085636,0.0887444652264,0.990231081392,0.987606794125,85.125316648,239,
48.0,0.607,0.153623389683,-12.0,0.116792365898,0.129900868258,0.991137079142,0.974075175904,85.4148616986,239,
54.0,0.607,0.102816891256,-12.0,0.050633111143,0.0800448796863,0.989033468617,0.989937591046,84.0992654261,239,
60.0,0.607,0.132008261574,-18.0,0.0815614381236,0.101168625724,0.989799663916,0.984021995091,84.6478908648,239,
66.0,0.607,0.135012378445,-24.0,0.0782987731714,0.100009574839,0.988986399826,0.984391350849,84.041974226,239,
72.0,0.607,0.20529982492,-24.0,0.136714368917,0.151030522407,0.988213006063,0.965099396574,83.5383873652,239,
78.0,0.607,0.156232936338,-18.0,0.0998767859039,0.115670576932,0.990486361039,0.979276049351,85.0352335072,239,
84.0,0.607,0.165704043028,-18.0,0.130109746596,0.142260793399,0.99000355971,0.968522551365,85.244894919,239,
90.0,0.607,0.188278307034,-24.0,0.136002461228,0.149504873612,0.98939413896,0.966004955928,84.0753567119,239,
96.0,0.607,0.261208572839,-24.0,0.195739494049,0.203873840476,0.990757595896,0.938246228566,85.376992191,239,
102.0,0.607,0.205571243845,-18.0,0.157098449611,0.167930668851,0.989816087885,0.957094462208,84.7813808207,239,
108.0,0.607,0.216828961716,-24.0,0.164364160213,0.174160353365,0.990550808616,0.954117247546,85.2300465992,239,
114.0,0.607,0.282414204506,-30.0,0.234063171362,0.239730976377,0.99215133296,0.916307928572,86.7089990025,239,
120.0,0.607,nan,nan,nan,nan,nan,nan,nan,0,
126.0,0.607,0.285146447228,-42.0,0.249543150586,0.256950302586,0.988902072369,0.905457785647,84.3234187748,239,
