LeadTime (HRS), obsMax (m MSL), Peak (m), PLag (min), Bias(m), RMSD (m), RVal, Skil, VExp (%), nPts,
-0.0,0.416,0.203120277397,6.0,0.128899377889,0.14954710263,0.979728487969,0.961209375897,79.6590354924,240,
6.0,0.416,0.185361240563,6.0,0.114953682095,0.134561941814,0.982916845091,0.96860146249,81.2617296951,239,
12.0,0.416,0.153115025103,6.0,0.0616005069952,0.0900717366675,0.984951808326,0.985708234284,82.3957604486,239,
18.0,0.416,0.234131817257,6.0,0.151246054079,0.16372179988,0.986385047469,0.95451327152,83.2070313994,239,
24.0,0.416,0.187896581381,-60.0,0.135277257736,0.147975257246,0.98731601146,0.96223678034,83.9337085152,239,
30.0,0.416,0.134779860085,0.0,0.0951117549984,0.112913250391,0.987035433382,0.977679337168,83.6750977806,240,
36.0,0.416,0.081325671518,0.0,0.0728042289125,0.0928787411855,0.988101214995,0.984629211603,84.5419104873,239,
42.0,0.416,0.194551413882,624.0,0.161029774421,0.170144559122,0.989369013146,0.950796456855,85.2736226809,239,
48.0,0.416,0.195945542184,-6.0,0.173701764719,0.182072927387,0.989555087159,0.944178776747,85.3723420189,239,
54.0,0.416,0.145358447514,0.0,0.116948369635,0.129671550237,0.989027604952,0.970855456098,84.9856580368,239,
60.0,0.416,0.108033114352,0.0,0.0870488413955,0.103552069951,0.989063635165,0.981247585142,84.9671499839,239,
66.0,0.416,0.190834050615,0.0,0.163579352392,0.17322850268,0.988606984225,0.949164926227,84.719765401,239,
72.0,0.416,0.236683786393,6.0,0.212119024379,0.219548490761,0.988750959866,0.920968892273,84.8208352207,239,
78.0,0.416,0.142348066129,6.0,0.130113095129,0.141271399665,0.989318846469,0.965487079088,85.2502044138,239,
84.0,0.416,0.11274494088,12.0,0.10256595569,0.116227061841,0.989595131064,0.976494092435,85.3460723535,239,
90.0,0.416,0.170084350614,30.0,0.169166427101,0.177838754031,0.989343816698,0.946384499828,85.2961798727,239,
96.0,0.416,0.257433069101,12.0,0.250312677394,0.256701985546,0.988634754372,0.89531385756,84.7443204461,239,
102.0,0.416,0.142312569534,648.0,0.14425032522,0.154609209357,0.989232029665,0.959206081008,85.0863335192,239,
108.0,0.416,0.129548752888,30.0,0.136338813061,0.146687368755,0.989593492681,0.962779976773,85.4940038512,239,
114.0,0.416,0.188322938042,-12.0,0.190166290324,0.19779270458,0.989577371041,0.934767310413,85.4203368676,239,
120.0,0.416,nan,nan,nan,nan,nan,nan,nan,0,
126.0,0.416,0.168642804203,0.0,0.149499224318,0.156902104188,0.993425166691,0.959451973667,87.2412897531,239,
