LeadTime (HRS), obsMax (m MSL), Peak (m), PLag (min), Bias(m), RMSD (m), RVal, Skil, VExp (%), nPts,
-0.0,0.474,0.39873719717,-612.0,0.130775497404,0.184940273222,0.942399379619,0.938515287116,63.0825623393,240,
6.0,0.474,0.370753478423,-612.0,0.115819499444,0.166711086826,0.951038009057,0.949351462403,66.1369792558,239,
12.0,0.474,0.234772881948,-618.0,0.0542295319024,0.121023873644,0.960271120938,0.972798408504,69.4456511541,239,
18.0,0.474,0.27461507798,-618.0,0.129509931718,0.161635803296,0.967995686263,0.95244057005,72.6880544224,239,
24.0,0.474,0.298105570989,-618.0,0.130550568191,0.157324000315,0.973182417445,0.954649722792,75.2073107827,239,
30.0,0.474,0.219259172558,-618.0,0.0816873936788,0.114754786948,0.977647573206,0.975440015988,77.2468101523,240,
36.0,0.474,0.125861811947,762.0,0.048297794586,0.0899663849385,0.979957083139,0.984732722585,78.5842646109,239,
42.0,0.474,0.176866943384,762.0,0.119202994182,0.137826560804,0.983724128149,0.965044138804,80.4792406289,239,
48.0,0.474,0.209647908005,-618.0,0.148344241266,0.161599362381,0.985685625756,0.952331024097,81.9154820616,239,
54.0,0.474,0.131775538476,-618.0,0.0815619421617,0.104162461495,0.984977206756,0.979466495322,81.7203682226,239,
60.0,0.474,0.108702208356,42.0,0.0666975264991,0.0927771788694,0.985466902313,0.983737707217,81.8042253011,239,
66.0,0.474,0.183026627225,42.0,0.119870227706,0.13606156462,0.985223766341,0.965518469682,81.8374333346,239,
72.0,0.474,0.218298129341,42.0,0.18727121258,0.19699685966,0.986997612025,0.930903627784,82.7515469348,239,
78.0,0.474,0.124115286352,24.0,0.0980459806712,0.11410046352,0.988378215997,0.975705511666,83.5339364908,239,
84.0,0.474,0.128240878148,54.0,0.088020165244,0.106044356862,0.988215922025,0.979000065742,83.3131362889,239,
90.0,0.474,0.151992377692,30.0,0.129926190036,0.142745540239,0.987753318803,0.962337078377,83.3188183985,239,
96.0,0.474,0.262086558905,0.0,0.227623683447,0.235709483321,0.987158119927,0.904511010932,82.7304136104,239,
102.0,0.474,0.164308244402,54.0,0.124641829073,0.138260407464,0.988120203661,0.964949081957,83.1174993432,239,
108.0,0.474,0.126530135784,48.0,0.0994457838406,0.116441556588,0.988270949101,0.97502759492,82.9093809741,239,
114.0,0.474,0.133888013674,36.0,0.112088722397,0.125964544577,0.989525273084,0.970910966609,83.7841326426,239,
120.0,0.474,nan,nan,nan,nan,nan,nan,nan,0,
126.0,0.474,0.171414142993,30.0,0.115810950456,0.128531808156,0.991617353275,0.970237994211,84.2555354196,239,
