LeadTime (HRS), obsMax (m MSL), Peak (m), PLag (min), Bias(m), RMSD (m), RVal, Skil, VExp (%), nPts,
-0.0,1.342,0.144076918405,-24.0,0.202224292409,0.444619285655,0.854706444726,0.89688696877,48.0802901126,240,
6.0,1.342,-0.0249762950214,-36.0,0.0867172475349,0.441751206849,0.823016669085,0.88867228709,43.1341756354,239,
12.0,1.342,0.104205769873,-30.0,0.201194418144,0.451669750561,0.847659608278,0.891082884963,46.9114632765,239,
18.0,1.342,0.0532933601081,-36.0,0.16027307678,0.434723187775,0.848218060368,0.896953734151,46.9487425391,239,
24.0,1.342,0.172023794819,-30.0,0.279890112384,0.465324957741,0.873230915277,0.890476057754,51.1973567396,239,
30.0,1.342,0.0821235174838,-36.0,0.206173273425,0.430792207449,0.868286330317,0.903660554219,50.3421414687,239,
36.0,1.342,0.164236218722,-36.0,0.29273479939,0.469271847791,0.876571051503,0.891080310808,51.8491267414,239,
42.0,1.342,0.140967627968,-36.0,0.262955937137,0.460053916757,0.868563013723,0.894432392367,50.4412833248,239,
48.0,1.342,0.224506894756,-30.0,0.334410614929,0.488375407047,0.884129393746,0.887311071489,53.2737401473,239,
54.0,1.342,0.174095772891,-36.0,0.292190242256,0.467101794156,0.878133491964,0.894494744376,52.1567662283,239,
60.0,1.342,0.205665066212,-36.0,0.315876165444,0.476589176617,0.883477533936,0.89069032892,53.1486062063,239,
66.0,1.342,0.193112218346,-42.0,0.303664678669,0.471898469774,0.880425475398,0.893213222345,52.5788528399,239,
72.0,1.342,0.252903444483,-30.0,0.33855106711,0.488127584349,0.887071655691,0.887982399073,53.8356285353,239,
78.0,1.342,0.238680349383,-30.0,0.320103063874,0.467289339964,0.894665069209,0.898755800987,55.3073479364,239,
84.0,1.342,nan,nan,nan,nan,nan,nan,nan,0,
90.0,1.342,0.172104283421,-42.0,0.262914602612,0.480838506012,0.849731761205,0.884001189026,47.2646180619,239,
96.0,1.342,0.168400963331,-42.0,0.267956736954,0.493789316953,0.839613837307,0.875909367054,45.6707551301,239,
102.0,1.342,0.151820467135,-42.0,0.249993646875,0.480944529754,0.843250009872,0.884277824861,46.1810277164,239,
108.0,1.342,0.0394988652672,-54.0,0.170973830489,0.493882748671,0.79487794791,0.864227436681,39.3069071326,239,
114.0,1.342,0.138050102977,-36.0,0.250258005698,0.48895358775,0.835176272012,0.877497149881,44.9773073931,239,
120.0,1.342,0.083312810604,-54.0,0.189656426141,0.476312600581,0.820035459786,0.877168006074,42.7674719089,239,
126.0,1.342,0.181506395579,-42.0,0.252969104359,0.478147416377,0.847190321653,0.88462600378,46.8513983591,239,
