LeadTime (HRS), obsMax (m MSL), Peak (m), PLag (min), Bias(m), RMSD (m), RVal, Skil, VExp (%), nPts,
-0.0,0.473,1.20345511405,198.0,1.18119901056,1.19437729267,0.0853988704099,0.194506494402,0.0,240,
6.0,0.473,1.17213960875,90.0,1.17372286267,1.18761502363,0.0369710515675,0.194731475036,0.0,239,
12.0,0.473,1.16978406207,-66.0,1.17224114921,1.18593560158,0.0377201920322,0.195220135237,0.0,239,
18.0,0.473,1.25371128232,102.0,1.2356370947,1.24811193813,0.160297508698,0.188577278946,0.0,239,
24.0,0.473,1.29105559884,-804.0,1.1856848157,1.19810683968,0.211003116708,0.196033894677,0.0,239,
30.0,0.473,1.22163313884,366.0,1.22508167046,1.23717513214,0.170565615302,0.189622266963,0.0,239,
36.0,0.473,1.22468012701,-306.0,1.18418295778,1.19720297494,0.134450093963,0.194705174758,0.0,239,
42.0,0.473,1.21764149011,330.0,1.19681273453,1.20704991903,0.361314836659,0.196412856519,5.01436027851,239,
48.0,0.473,1.21871768409,150.0,1.21840737825,1.2312811143,0.0941088938434,0.190512408674,0.0,239,
54.0,0.473,1.18588202944,-210.0,1.12448787502,1.13759441934,0.21087835843,0.203639362343,0.0,239,
60.0,0.473,1.23309827656,42.0,1.14646942817,1.15773665279,0.321665030054,0.202552306253,2.43770746757,239,
66.0,0.473,1.15007156759,168.0,1.10901520253,1.12326574275,0.188915212821,0.205357656928,0.0,239,
72.0,0.473,1.18733080511,-678.0,1.11786133613,1.13320285098,0.0288325400456,0.202481459854,0.0,239,
78.0,0.473,1.15570280167,-816.0,1.13033503951,1.14321442682,0.218659061097,0.202372107613,0.0,239,
84.0,0.473,nan,nan,nan,nan,nan,nan,nan,0,
90.0,0.473,1.14214906536,-666.0,1.12230303168,1.13787080143,0.0405894179248,0.202206332497,0.0,239,
96.0,0.473,1.15182892315,-588.0,1.14302374715,1.15699622082,0.136295087564,0.201311095868,0.0,239,
102.0,0.473,1.22118640036,222.0,1.13954645795,1.15315037855,0.145007706325,0.20191605807,0.0,239,
108.0,0.473,1.14851821417,384.0,1.13636966287,1.15051939847,0.13110237406,0.201446892561,0.0,239,
114.0,0.473,1.1537823838,24.0,1.12260902644,1.13691648296,0.16134259119,0.204749288971,0.0,239,
120.0,0.473,1.16923180686,378.0,1.13805167524,1.14947711342,0.321001437534,0.203992131539,2.29870320826,239,
126.0,0.473,1.17597035481,-852.0,1.14322278777,1.15668201973,0.122545057671,0.200487069017,0.0,239,
