LeadTime (HRS), obsMax (m MSL), Peak (m), PLag (min), Bias(m), RMSD (m), RVal, Skil, VExp (%), nPts,
-0.0,1.177,0.0130108791083,12.0,-0.080496325585,0.104990282999,0.99404835391,0.993847914448,89.4966606412,236,
6.0,1.177,0.0355672478936,12.0,-0.033064551935,0.0750793065784,0.994466210655,0.99681105535,89.7904124787,235,
12.0,1.177,-0.0880921532517,6.0,-0.12155236775,0.133537343896,0.995633650847,0.989965213654,91.0275170348,235,
18.0,1.177,-0.0585828624315,0.0,-0.0833171491472,0.099896059407,0.995914128501,0.994356437091,91.2975098984,235,
24.0,1.177,-0.114085020032,6.0,-0.117366630905,0.129659961827,0.995943674094,0.990455814672,91.1403947823,235,
30.0,1.177,0.0083524365737,0.0,-0.00836093522694,0.0628367624333,0.995327943657,0.99777311457,90.6674923941,235,
36.0,1.177,-0.021431225171,0.0,-0.0597498580824,0.0805771515614,0.996068098266,0.996360192561,91.5765715697,235,
42.0,1.177,0.0645542312523,0.0,0.0234931984029,0.0594994169907,0.996361963761,0.998020479202,92.0034780819,235,
48.0,1.177,0.00747890036472,0.0,-0.0225759285994,0.0594395149484,0.99622861389,0.998009985163,91.6755306901,235,
54.0,1.177,0.126939050134,0.0,0.0994956336991,0.118833215771,0.995441038505,0.992084369069,90.7408277653,235,
60.0,1.177,0.0330700938144,0.0,0.0141780183272,0.0514256480969,0.99699410038,0.99851520382,92.7215146535,235,
66.0,1.177,0.0835585464978,-6.0,0.076665084403,0.0947026204101,0.996683717797,0.994929469891,92.118944694,235,
72.0,1.177,0.0104663983242,6.0,0.00122690384386,0.0483845224294,0.997194059287,0.998668174345,92.7943727107,235,
78.0,1.177,0.162329185404,0.0,0.136257016499,0.147307355169,0.996855623403,0.987873733923,92.6407576775,235,
84.0,1.177,nan,nan,nan,nan,nan,nan,nan,0,
90.0,1.177,0.138989255797,-6.0,0.117492688493,0.143705317302,0.992568786513,0.988448712742,88.0933756125,235,
96.0,1.177,0.0927269267866,0.0,0.051573770235,0.0923824362782,0.993321760369,0.995251474376,88.8155730987,235,
102.0,1.177,0.182229791509,-6.0,0.149951269093,0.170342283872,0.993086109578,0.983938331137,88.6970093714,235,
108.0,1.177,0.00483136354534,-12.0,-0.0193372417322,0.0926806885876,0.990394806794,0.995122529077,86.4119152797,235,
114.0,1.177,0.0876466900736,-6.0,0.0599442505727,0.0999709333572,0.992595005212,0.994400473452,88.4189757195,235,
120.0,1.177,-0.0262750317118,-6.0,-0.049673660641,0.10067010591,0.990670928381,0.994245152839,86.7219341072,235,
126.0,1.177,0.0651536784672,-12.0,0.0436781182572,0.0940008888198,0.99202479996,0.995015966885,87.7883945389,235,
