LeadTime (HRS), obsMax (m MSL), Peak (m), PLag (min), Bias(m), RMSD (m), RVal, Skil, VExp (%), nPts,
-0.0,0.23,0.270990505505,-12.0,0.134218628055,0.154602375128,0.886770856139,0.747185157819,35.6072685772,240,
6.0,0.23,0.291797832884,-12.0,0.15380443579,0.17368406156,0.872285594189,0.702570151104,32.4250333687,239,
12.0,0.23,0.254115927673,-12.0,0.127987332802,0.146542893428,0.900835925913,0.76645789292,40.2255159006,239,
18.0,0.23,nan,nan,nan,nan,nan,nan,nan,0,
24.0,0.23,0.269469643987,-6.0,0.138188255089,0.158321134554,0.880825909688,0.737491296269,35.3799551331,239,
30.0,0.23,0.235302761629,-6.0,0.112915952735,0.135438967587,0.880272397313,0.786657864266,37.4474917362,239,
36.0,0.23,0.160546091812,-6.0,0.0469465608288,0.0871653606744,0.866896502017,0.890577857729,38.5752597007,239,
42.0,0.23,0.179966293379,-6.0,0.0660342903569,0.100497314783,0.8588065573,0.859867353386,36.63927893,239,
48.0,0.23,0.173260754055,-6.0,0.0579484415094,0.0984279035295,0.845196725895,0.863815313967,33.4576739155,239,
54.0,0.23,0.122572360594,-6.0,0.0106728498908,0.0710608419392,0.880298794664,0.925493278004,41.241468179,239,
60.0,0.23,0.0391804946727,-6.0,-0.0605206959724,0.0888925430449,0.882688643965,0.886595468983,45.5455434072,239,
66.0,0.23,0.0380646967795,-6.0,-0.0631867873745,0.0933719040334,0.865209150134,0.87427179555,42.5049966359,239,
72.0,0.23,-0.00675572031481,0.0,-0.101218471812,0.117975127188,0.893261893929,0.820319847343,49.312288256,239,
78.0,0.23,-0.0547753623707,0.0,-0.142122345508,0.152543269753,0.911580978499,0.744113366158,53.6539279114,239,
84.0,0.23,0.0250601633537,-6.0,-0.0712353182131,0.0943941958081,0.892280111671,0.874976498868,48.2008419738,239,
90.0,0.23,0.0539608117802,0.0,-0.0432989129842,0.0711476525431,0.921805815426,0.927186824158,52.782907916,239,
96.0,0.23,0.197079820495,-6.0,0.0507913231977,0.0961304076273,0.917632289958,0.893725544808,31.7387127259,239,
102.0,0.23,0.0831653193706,-6.0,-0.0344996055802,0.0720123103291,0.933878760153,0.93269047064,47.1331577221,239,
108.0,0.23,0.229243328247,6.0,0.0767047359561,0.13118892851,0.733378566381,0.769957479272,10.8018237497,240,
114.0,0.23,0.252949660473,6.0,0.112377434157,0.141274751993,0.84043340309,0.767250336931,28.2979150005,239,
120.0,0.23,0.333008578696,12.0,0.163391890921,0.18938337979,0.828538804275,0.666635080145,19.8048030722,239,
126.0,0.23,0.338890849607,12.0,0.174575652973,0.199209888532,0.818945437764,0.641765154847,19.6354519909,239,
