LeadTime (HRS), obsMax (m MSL), Peak (m), PLag (min), Bias(m), RMSD (m), RVal, Skil, VExp (%), nPts,
-0.0,1.389,1.17742249554,48.0,0.972446593552,0.983032852997,0.991533511002,0.81339573162,85.4179652398,240,
6.0,1.389,1.24957697124,48.0,1.11657375783,1.12617626014,0.9913170296,0.770906920795,85.1212340648,239,
12.0,1.389,1.12085544212,18.0,0.972328901416,0.983587406396,0.990585175599,0.812226387035,84.954737718,239,
18.0,1.389,nan,nan,nan,nan,nan,nan,nan,0,
24.0,1.389,1.10656137508,18.0,0.911195283288,0.91914277113,0.99436329457,0.832412665521,87.7897178372,239,
30.0,1.389,1.21846484938,-6.0,1.09515224773,1.10175789834,0.994148719598,0.777763110458,87.8042347492,239,
36.0,1.389,1.15302999461,6.0,0.996977935156,1.0045680745,0.993410646422,0.805626925046,87.5217761356,239,
42.0,1.389,1.19245073708,0.0,1.00404220779,1.01254658148,0.992589670614,0.803559295939,86.7420935254,239,
48.0,1.389,1.10767336566,6.0,0.913007978573,0.923619341754,0.991538500153,0.830030581572,85.8667767598,239,
54.0,1.389,1.33645815909,6.0,1.14406446352,1.15136322556,0.992454003999,0.760831157072,86.8960713505,239,
60.0,1.389,1.27314640869,6.0,1.04948708266,1.05779916336,0.992199426093,0.789364199826,86.6013281395,239,
66.0,1.389,1.31013032459,0.0,1.0855555427,1.09244396887,0.993769208892,0.780012766077,87.599648311,239,
72.0,1.389,1.26876295449,0.0,1.07116125735,1.08087174289,0.991597026372,0.78453529258,85.3650903491,239,
78.0,1.389,1.43285208204,0.0,1.21181732281,1.2171147056,0.994710191889,0.742460006404,88.5162569046,239,
84.0,1.389,1.31630431026,12.0,1.19554437218,1.19921310132,0.996926061674,0.748410004327,90.5107103539,239,
90.0,1.389,1.28411648715,6.0,1.166135641,1.16922485231,0.997399216055,0.756976860886,91.4010409238,239,
96.0,1.389,1.32663744101,6.0,1.14753503548,1.154642507,0.995086119986,0.765869722735,87.0499310713,239,
102.0,1.389,1.50584197762,6.0,1.31892490151,1.32432752974,0.995449454146,0.71563979319,87.901905532,239,
108.0,1.389,1.36023960699,0.0,1.13304794101,1.14071733028,0.994236362539,0.769724130782,86.6336801434,240,
114.0,1.389,1.37535747384,6.0,1.16141894736,1.17385982296,0.990944181403,0.76259348941,82.7185926811,239,
120.0,1.389,1.15854832571,6.0,0.94266022684,0.956016684951,0.987822952508,0.817286706226,83.8543529264,239,
126.0,1.389,1.22276015024,0.0,1.00217211599,1.01474869379,0.9884686926,0.801710805555,83.8523275426,239,
