LeadTime (HRS), obsMax (m MSL), Peak (m), PLag (min), Bias(m), RMSD (m), RVal, Skil, VExp (%), nPts,
-0.0,0.2,0.0566582925076,72.0,0.00950277267445,0.0516632723703,0.875070545399,0.920558962292,39.3636255162,240,
6.0,0.2,0.0700204816006,162.0,0.0293266128756,0.0584612067659,0.870810136648,0.898987810323,39.7212339173,239,
12.0,0.2,0.0559997130623,126.0,0.0308217052252,0.0453892438836,0.938716014237,0.936151121075,60.2859194219,239,
18.0,0.2,nan,nan,nan,nan,nan,nan,nan,0,
24.0,0.2,0.0349343840477,114.0,0.0109462366263,0.0257968714245,0.966805355146,0.977822664243,72.1572337185,239,
30.0,0.2,0.058226767367,120.0,0.031736916584,0.0396271950938,0.966229353897,0.949406999526,71.7161824919,239,
36.0,0.2,0.0500997471292,126.0,0.0271094458644,0.0359208075915,0.966077597006,0.957804567484,71.9102438059,239,
42.0,0.2,0.0262802861362,126.0,0.0104174468485,0.0259377431763,0.967394266729,0.977928096793,71.6870487117,239,
48.0,0.2,0.0120157506778,132.0,-0.00506040077731,0.0248247381997,0.965369247772,0.979706775154,71.0318542095,239,
54.0,0.2,0.0257830047247,126.0,0.0136330807131,0.025928178644,0.970084332947,0.977534622629,73.7122765096,239,
60.0,0.2,0.0343607949138,126.0,0.0244784402822,0.0323513678456,0.971154411133,0.964929281045,74.7879505374,239,
66.0,0.2,0.0277144161504,90.0,0.0136402595447,0.0249275181485,0.974629137868,0.979520691158,75.1309913701,239,
72.0,0.2,0.0138195173213,114.0,-0.00112647990591,0.0210289485287,0.973450958774,0.985223839187,74.9708859022,239,
78.0,0.2,0.0368392401336,108.0,0.0172615525248,0.0278785750152,0.97434348283,0.975034793669,73.9063587384,239,
84.0,0.2,0.0581672029473,96.0,0.035866480237,0.0418812331721,0.975997495173,0.945855057325,74.224646113,239,
90.0,0.2,0.0481201915124,120.0,0.0248141335263,0.0342889620426,0.9717657696,0.96326523077,71.7939208016,239,
96.0,0.2,0.0375044804723,102.0,0.0179135025698,0.0290078023257,0.970845893653,0.97277172117,72.8051344235,239,
102.0,0.2,0.0570524493845,120.0,0.0412089285207,0.0461889371224,0.972712532349,0.931879601325,75.1333439335,239,
108.0,0.2,0.0421523559863,138.0,0.0291752157103,0.0360167284709,0.970251845688,0.956310789831,74.7846977646,240,
114.0,0.2,0.0414623168956,132.0,0.0231192134046,0.0324972154553,0.967576391518,0.965034295323,72.7792899706,239,
120.0,0.2,0.0145177765363,138.0,-0.00277668784375,0.0225493367051,0.972329392511,0.983447210607,73.3278099771,239,
126.0,0.2,0.0244777141072,132.0,0.00902259590647,0.023785570801,0.970336727329,0.981072345535,73.7686489233,239,
