LeadTime (HRS), obsMax (m MSL), Peak (m), PLag (min), Bias(m), RMSD (m), RVal, Skil, VExp (%), nPts,
-0.0,0.686,-0.103400627799,30.0,-0.0691642998267,0.0975984330231,0.985563871563,0.985274440965,82.6785506525,240,
6.0,0.686,-0.188510532935,36.0,-0.146513044052,0.159066510222,0.987955532102,0.961437187265,84.4354623638,239,
12.0,0.686,-0.0216772841883,6.0,0.00694471533201,0.061782610727,0.988370887998,0.994026734844,84.572435805,239,
18.0,0.686,-0.0184617339646,-18.0,-0.00506310197512,0.059678804554,0.989012794471,0.994408653289,85.0567950225,239,
24.0,0.686,0.068946435737,18.0,0.0914445543581,0.108671697346,0.989269279537,0.981697155943,85.2449713128,239,
30.0,0.686,0.0252754994755,18.0,0.0416233907897,0.071271746714,0.989560797257,0.992033202248,85.4611459988,239,
36.0,0.686,0.290434394017,18.0,0.299804528754,0.305739206374,0.988816961637,0.873366783944,84.9351929701,239,
42.0,0.686,0.298827887089,18.0,0.31851823006,0.323595280061,0.989694169323,0.859524962678,85.6515868528,239,
48.0,0.686,0.413704401446,12.0,0.437340292333,0.441292378194,0.988977545986,0.771689843991,85.1915668657,239,
54.0,0.686,0.374350670688,0.0,0.40206594692,0.405792753017,0.990452061095,0.798184408794,86.2111403568,239,
60.0,0.686,0.446957298205,6.0,0.479691153944,0.483147074623,0.989458844287,0.740180474786,85.5039127381,239,
66.0,0.686,0.447707911012,6.0,0.475056002719,0.47849450931,0.989593654654,0.744705012173,85.6103897322,239,
72.0,0.686,nan,nan,nan,nan,nan,nan,nan,0,
78.0,0.686,0.470822709957,-18.0,0.502150037906,0.507450230989,0.983051396496,0.723533865434,81.6662944078,239,
84.0,0.686,0.231995053658,-6.0,0.260864027658,0.270989566775,0.982955830276,0.895353538753,81.6077523514,239,
90.0,0.686,0.184855254366,-12.0,0.215369523236,0.227488968097,0.983052350936,0.923831029024,81.6386956031,239,
96.0,0.686,0.167826858671,-12.0,0.191833005144,0.206086180315,0.982032524392,0.935985101184,81.1251751807,239,
102.0,0.686,0.0975497670881,0.0,0.129379222364,0.148048489746,0.983610208277,0.965908851306,81.9628367159,239,
108.0,0.686,-0.119084062546,0.0,-0.0848804820678,0.109173346579,0.985083682663,0.981134158094,82.7920097774,239,
114.0,0.686,-0.091841602721,-6.0,-0.0724073066925,0.0985287576599,0.985887440467,0.984652393523,83.2526854435,239,
120.0,0.686,-0.106139617039,-18.0,-0.073724256023,0.0989767362841,0.986207801433,0.984452559145,83.4488141465,239,
126.0,0.686,-0.0465293863364,0.0,-0.019954232267,0.0647372958883,0.988033615425,0.993346419352,84.5650024945,239,
