LeadTime (HRS), obsMax (m MSL), Peak (m), PLag (min), Bias(m), RMSD (m), RVal, Skil, VExp (%), nPts,
-0.0,1.943,-0.0786231598798,-6.0,-0.0349688102288,0.0925171078112,0.997445310198,0.998483646049,92.826214423,240,
6.0,1.943,-0.0956823001943,-6.0,-0.0265981834399,0.093057394192,0.997273376336,0.998465751778,92.5468518954,239,
18.0,1.943,-0.165191215937,-6.0,-0.0922996748238,0.13124423043,0.997085352118,0.996934126493,92.2016902595,239,
24.0,1.943,-0.181462463534,0.0,-0.0990687731969,0.138162230078,0.996863291973,0.996607155281,91.9511571489,239,
30.0,1.943,-0.170597006311,-12.0,-0.0917235175956,0.135338076526,0.996631243027,0.996745167214,91.6826826677,239,
42.0,1.943,nan,nan,nan,nan,nan,nan,nan,0,
48.0,1.943,-0.243075181966,-750.0,-0.103888339517,0.134898746572,0.998583183641,0.996666387539,92.8122406804,239,
54.0,1.943,-0.251611429674,-750.0,-0.147498156499,0.166208671195,0.998574070974,0.995016230321,93.6006004312,239,
66.0,1.943,-0.295196998939,-744.0,-0.204348704533,0.222743152255,0.998093741011,0.991025714838,92.5964775614,239,
72.0,1.943,-0.278646786683,-744.0,-0.199644137937,0.215512787885,0.998256224428,0.991661562526,93.2202995034,239,
78.0,1.943,-0.293884763269,-744.0,-0.191800963364,0.209588919659,0.998497626599,0.992022357824,92.9420169212,239,
90.0,1.943,-0.239763424532,-750.0,-0.121871015836,0.151658020796,0.99820537515,0.99579833945,92.4603790624,239,
96.0,1.943,-0.220394225714,0.0,-0.0881027754311,0.130542861913,0.997825468794,0.996879864668,91.9537612816,239,
102.0,1.943,-0.242935418813,-750.0,-0.135558393307,0.165672248261,0.997748223489,0.995001282303,92.0445064951,239,
114.0,1.943,-0.163045661265,-750.0,-0.0288035781677,0.0982630564248,0.997973364399,0.998230603964,92.1527787569,239,
120.0,1.943,-0.145834662872,-6.0,-0.0198938613778,0.0873283333832,0.998017064845,0.998620914115,92.8973943574,239,
126.0,1.943,-0.172032568716,-750.0,-0.0333010885339,0.111882720585,0.997419751271,0.997687676537,91.0781690405,239,
138.0,1.943,0.0441159033585,-756.0,0.0962554114758,0.153530407378,0.99529291415,0.995758477929,90.0031745207,239,
144.0,1.943,0.0765683505053,-756.0,0.0524295934986,0.150606401903,0.993069555302,0.995957179846,88.199873525,239,
150.0,1.943,-0.00573371895449,-762.0,0.0492997209321,0.130709535413,0.99555114428,0.996883928017,89.8823071934,239,
