LeadTime (HRS), obsMax (m MSL), Peak (m), PLag (min), Bias(m), RMSD (m), RVal, Skil, VExp (%), nPts,
-0.0,0.458,0.125989027074,36.0,0.0112666459663,0.0548087063068,0.608701051272,0.744789209023,0.0,240,
6.0,0.458,0.116629440254,0.0,0.0167313241465,0.0533777629336,0.579120693745,0.728094775638,0.0,239,
18.0,0.458,0.0717620087887,42.0,0.00995171446993,0.0493668564819,0.63299205984,0.77276936906,0.280466688671,239,
24.0,0.458,0.0892333257373,-24.0,0.0166900985208,0.0472841300597,0.680854873063,0.789541329757,8.76231999781,239,
30.0,0.458,0.0759165465989,30.0,0.0107936549961,0.0468179727041,0.648879429344,0.784497092702,6.04794054476,239,
42.0,0.458,nan,nan,nan,nan,nan,nan,nan,0,
48.0,0.458,0.141426328876,126.0,0.0397239158378,0.0646582084874,0.590549134097,0.661150457054,0.0,239,
54.0,0.458,0.102973763225,42.0,0.0457741400482,0.0691235468144,0.590580328846,0.650719697078,0.0,239,
66.0,0.458,0.0825591506211,0.0,0.0190784591757,0.0577243370606,0.596785545317,0.72169735599,0.0,239,
72.0,0.458,0.0722887360738,42.0,0.0285619138517,0.0589222462645,0.557348541081,0.689964365259,0.0,239,
78.0,0.458,0.0795511353976,-24.0,0.0202060833571,0.05781122556,0.562155211741,0.70583855536,0.0,239,
90.0,0.458,0.099437031149,48.0,0.0275851960605,0.0584982654672,0.614701641169,0.717290565884,0.0,239,
96.0,0.458,0.103555476726,120.0,0.0282284691567,0.0589139975401,0.593208474608,0.708779525408,0.0,239,
102.0,0.458,0.137099635093,108.0,0.0255291713874,0.0573832849158,0.665680021865,0.738507114555,0.0,239,
114.0,0.458,0.131701808448,36.0,0.0421030442002,0.0700111785654,0.650302102322,0.682364950366,0.0,239,
120.0,0.458,0.0759319587297,6.0,0.0358271393105,0.0630426131833,0.64758244044,0.704981601116,0.0,239,
126.0,0.458,0.0973947076012,156.0,0.0318523769254,0.0607378600145,0.646525738277,0.719405886734,0.0,239,
138.0,0.458,0.126276589617,84.0,0.128878169534,0.130840950459,0.899015048313,0.438931554463,53.4369708771,239,
144.0,0.458,0.221181207818,30.0,0.165391883885,0.171200179844,0.688336863725,0.358178872004,8.81368735595,239,
150.0,0.458,0.119584336934,60.0,0.128523039016,0.130886209496,0.874389705895,0.434587640867,48.9384958627,239,
