LeadTime (HRS), obsMax (m MSL), Peak (m), PLag (min), Bias(m), RMSD (m), RVal, Skil, VExp (%), nPts,
-0.0,0.539,0.131489370978,-24.0,0.053418038503,0.104028122834,0.80356670538,0.839976207515,12.8148309818,236,
6.0,0.539,0.117616452882,-30.0,0.032794708259,0.0887399624356,0.853105400195,0.883768931044,19.7807443529,235,
18.0,0.539,0.159973599572,-30.0,0.0493896771704,0.0966792185605,0.84854470502,0.865570495659,18.2268930532,235,
24.0,0.539,0.171165993653,-12.0,0.0619487236898,0.109885562613,0.803762023169,0.827669254401,10.5311234639,235,
30.0,0.539,0.133879165623,-18.0,0.0388861747331,0.100460945574,0.788652582145,0.846848892424,9.9787369983,235,
42.0,0.539,nan,nan,nan,nan,nan,nan,nan,0,
48.0,0.539,0.116768562395,-48.0,0.0374418949611,0.0970579871591,0.800294985431,0.853942813855,12.6732994533,235,
54.0,0.539,0.152388072074,-24.0,0.0666171485836,0.11457619517,0.762449416882,0.803518116679,7.83143636693,235,
66.0,0.539,0.189434070535,-18.0,0.113609230124,0.160594443995,0.640909767227,0.6662288067,0.0,235,
72.0,0.539,0.230641159767,0.0,0.103983682633,0.134673949776,0.825725787237,0.77009555296,12.2949527337,235,
78.0,0.539,0.202105065502,-24.0,0.0699243324506,0.112720215867,0.861720796789,0.835823724608,11.703649881,235,
90.0,0.539,0.32070006768,-24.0,0.154025790918,0.180603595103,0.847523366502,0.680945072713,1.36810287475,235,
96.0,0.539,0.306725668547,-18.0,0.215575293678,0.253705549132,0.605405298497,0.4930469023,0.0,235,
102.0,0.539,0.312942227057,0.0,0.226467351902,0.264661323081,0.561295426148,0.470686600808,0.0,235,
114.0,0.539,0.279492178108,714.0,0.175558727308,0.232664080929,0.507705130682,0.504280836197,0.0,235,
120.0,0.539,0.288402892393,714.0,0.172710249532,0.229289094056,0.513401593203,0.507304391907,0.0,235,
126.0,0.539,0.226627984377,-12.0,0.140444462988,0.180400571498,0.696011947582,0.637681221808,0.0,235,
138.0,0.539,0.0437082673848,720.0,-0.0220002181185,0.127090178947,0.616577000236,0.744068498355,0.0,235,
144.0,0.539,0.0367920604741,726.0,-0.0418779247894,0.139987961378,0.571371999184,0.698327389536,0.0,235,
150.0,0.539,0.0632572074485,720.0,-0.0257745138176,0.141824812819,0.543231941843,0.687717222523,0.0,235,
