LeadTime (HRS), obsMax (m MSL), Peak (m), PLag (min), Bias(m), RMSD (m), RVal, Skil, VExp (%), nPts,
-0.0,1.014,0.184652286061,-48.0,0.277153419332,0.357498486102,0.927433350729,0.904806225691,62.4687178749,240,
6.0,1.014,0.18519766745,-48.0,0.280198563974,0.360785903427,0.926476269737,0.90333647592,62.2496995582,239,
12.0,1.014,0.103702884939,-42.0,0.211818019756,0.311626946335,0.925642656732,0.925547583495,62.0349954036,239,
18.0,1.014,0.154386674541,-36.0,0.2654422024,0.351920892154,0.923954345862,0.906898493232,61.6214879361,239,
24.0,1.014,0.0271336056692,-36.0,0.154073022987,0.278498102065,0.923370781525,0.939055579091,61.4658329015,239,
30.0,1.014,0.0819487119126,-36.0,0.202243090427,0.303223688866,0.927429644211,0.929435217548,62.4743235677,239,
36.0,1.014,0.0375687737574,-24.0,0.154550405945,0.270550933897,0.930248050345,0.942828883284,63.1158762579,239,
42.0,1.014,0.0862843998025,-18.0,0.204024744045,0.301365333662,0.930433746916,0.93014005852,63.1596631582,239,
48.0,1.014,-0.0204851567358,-30.0,0.111207754669,0.251552053591,0.927968985524,0.94979437646,62.5225338925,239,
54.0,1.014,0.0856393824035,-24.0,0.210516070556,0.307807929176,0.92860151137,0.927115604793,62.7005730392,239,
60.0,1.014,-0.0208806212308,-24.0,0.111577132299,0.250029330571,0.929257379335,0.950464877635,62.8352453298,239,
66.0,1.014,-0.0212832596715,-24.0,0.106147710666,0.249489645867,0.927842806554,0.950590007979,62.4980743052,239,
72.0,1.014,-0.12003238284,-18.0,0.00219534671832,0.229118576521,0.925173347064,0.958349006873,61.9457106572,239,
78.0,1.014,-0.0286735019039,-24.0,0.095314528187,0.242875991109,0.929519636726,0.953132872293,62.895170447,239,
84.0,1.014,nan,nan,nan,nan,nan,nan,nan,0,
90.0,1.014,-0.114225154195,-12.0,-0.0147576092647,0.238581754746,0.918272368749,0.954941257947,60.3805509897,239,
96.0,1.014,-0.106097612795,-30.0,-0.122177175918,0.288102472035,0.903009115639,0.938800673938,56.5889876516,239,
102.0,1.014,-0.101919586261,-30.0,0.0217029350025,0.23435185345,0.921870748746,0.956282238767,61.1758759443,239,
108.0,1.014,0.0151998784101,-36.0,0.130880813077,0.270156350118,0.920032259099,0.941867099848,60.6782030171,239,
114.0,1.014,0.0458972749094,-36.0,0.141603723644,0.272702887469,0.922669501955,0.940631400317,61.2238650193,239,
120.0,1.014,-0.0668041946167,-30.0,0.0443492772481,0.243809636038,0.918022588425,0.951407000919,60.1114772503,239,
126.0,1.014,0.165856693695,-24.0,0.243936940212,0.330559257743,0.929422830905,0.916591911232,62.8839197711,239,
