LeadTime (HRS), obsMax (m MSL), Peak (m), PLag (min), Bias(m), RMSD (m), RVal, Skil, VExp (%), nPts,
-0.0,2.627,0.0523958713501,-6.0,0.184347508206,0.250937533937,0.999080244993,0.993808733904,89.8063694596,240,
6.0,2.627,-0.436825884489,-6.0,-0.127609369927,0.23169414224,0.999528055806,0.994613927934,88.4270748123,239,
12.0,2.627,-0.069765602275,0.0,0.269785153139,0.336846965773,0.999669759785,0.988609915276,87.9296695325,239,
18.0,2.627,-0.258403430507,-6.0,0.0810726905301,0.226398599472,0.999650930896,0.994786555295,87.3499388426,239,
24.0,2.627,-0.0166750280073,-12.0,0.318888370368,0.38012445788,0.999649545828,0.985493294522,87.6187325009,239,
30.0,2.627,-0.275016843924,-6.0,0.0691436619232,0.224356120138,0.99960370251,0.994874105639,87.2272033991,239,
36.0,2.627,-0.0336884707097,-12.0,0.307678615351,0.375669953782,0.999543179888,0.985751841012,87.1006817976,239,
42.0,2.627,-0.1796420894,-12.0,0.164534564386,0.27671285342,0.999424875949,0.992184197318,86.6858234805,239,
48.0,2.627,-0.016676090839,-12.0,0.339917793688,0.404397749475,0.999485731018,0.983495126643,86.8897876598,239,
54.0,2.627,-0.235935676832,-6.0,0.11534051029,0.252018011712,0.999657399837,0.993490527458,86.5905059718,239,
60.0,2.627,0.0286351365065,-6.0,0.380947177359,0.437760267601,0.999672266145,0.980739029658,87.0935324946,239,
66.0,2.627,-0.116469578963,-6.0,0.227639386028,0.311163452801,0.999638391255,0.990194925385,87.3047993381,239,
72.0,2.627,0.101405734943,-12.0,0.441350326883,0.491574427183,0.999582374128,0.9758458506,87.0461695791,239,
78.0,2.627,-0.02556003148,-12.0,0.31706616594,0.385706732847,0.999569920055,0.984946982684,86.8563268811,239,
84.0,2.627,nan,nan,nan,nan,nan,nan,nan,0,
90.0,2.627,-0.204538515617,-18.0,0.151766327756,0.283544668379,0.997824573379,0.991823989119,85.6998414787,239,
96.0,2.627,-0.164875863956,-12.0,0.170444144724,0.295708904191,0.997655711827,0.991109863508,85.5722790284,239,
102.0,2.627,-0.228391889076,-12.0,0.134152175698,0.27329413356,0.99788622818,0.992404744271,85.7838085093,239,
108.0,2.627,-0.331680906793,-18.0,0.00893438744325,0.233392900002,0.997936774187,0.994467391089,86.07522404,239,
114.0,2.627,-0.354551761953,-12.0,-0.0266872987512,0.22812270971,0.998355145297,0.994724062642,86.4731969666,239,
120.0,2.627,-0.392975547534,-12.0,-0.0573937890804,0.228368750663,0.99820279355,0.994740504646,86.8026139287,239,
126.0,2.627,-0.324028255233,-6.0,0.00462226840258,0.203820006699,0.998922012917,0.995836470405,87.8338233071,239,
