LeadTime (HRS), obsMax (m MSL), Peak (m), PLag (min), Bias(m), RMSD (m), RVal, Skil, VExp (%), nPts,
-0.0,0.471,0.301482874056,-24.0,0.198381476454,0.25831214219,0.821333759336,0.792577162908,31.6478018888,240,
6.0,0.471,0.28434828643,-24.0,0.204017688036,0.261475063554,0.817237967998,0.784768259154,32.1157382859,239,
12.0,0.471,0.232916983505,-42.0,0.189272501788,0.247227892792,0.819820558566,0.798539711758,33.9794731457,239,
18.0,0.471,0.21714246596,-36.0,0.176324875868,0.234926563059,0.830256079864,0.815027522085,35.5610403058,239,
24.0,0.471,0.214185155155,-24.0,0.177628069328,0.235264292239,0.831749396346,0.814597962636,35.9666938479,239,
30.0,0.471,0.199230753864,-30.0,0.156639774025,0.221804819052,0.825415665198,0.829619678176,34.814913293,239,
36.0,0.471,0.179469570269,-30.0,0.129934793462,0.209038884516,0.817702367791,0.846347120733,32.0292275503,239,
42.0,0.471,0.162216807347,-30.0,0.110494287602,0.198308072848,0.817624474751,0.859301393506,31.6463988382,239,
48.0,0.471,0.170141313815,-30.0,0.114300381575,0.203960077327,0.809247570428,0.852138122873,29.8819680332,239,
54.0,0.471,0.160611095284,-24.0,0.10736531744,0.194487100093,0.823943318279,0.864316770761,32.6867667992,239,
60.0,0.471,0.073515241115,-30.0,0.0330916857544,0.158626861707,0.83511019873,0.90343038812,35.6046470189,239,
66.0,0.471,0.0650582215098,-24.0,0.025546339053,0.15371023641,0.84353576006,0.909394989126,37.0841387874,239,
72.0,0.471,0.0392931630225,-24.0,-0.0212062801902,0.157987672804,0.838549596289,0.905531446719,35.0147295169,239,
78.0,0.471,0.0386563017772,-24.0,-0.010315254543,0.157075539094,0.83147800933,0.904394424269,34.9406376955,239,
84.0,0.471,nan,nan,nan,nan,nan,nan,nan,0,
90.0,0.471,0.0165823501576,-30.0,-0.0235030581577,0.178633104904,0.780232221748,0.873819495279,26.0674116678,239,
96.0,0.471,-0.0153183043549,-30.0,-0.0495011354606,0.186858043878,0.771345561548,0.862305111614,24.7723611989,239,
102.0,0.471,0.0369629800146,-30.0,0.000443827082217,0.180305944998,0.773661018285,0.871960673791,24.7208561892,239,
108.0,0.471,-0.0756546451857,726.0,-0.106341787004,0.196112201146,0.810261825038,0.855255337938,31.204154512,239,
114.0,0.471,-0.0803632287263,732.0,-0.10345292369,0.186225029206,0.830032277344,0.868194990652,35.3504266647,239,
120.0,0.471,-0.136095228969,-24.0,-0.163593441416,0.219678070897,0.848647610073,0.829990893854,38.787356093,239,
126.0,0.471,-0.119322171147,738.0,-0.142870191994,0.203820169455,0.847820890698,0.847685655569,39.3090970565,239,
