LeadTime (HRS), obsMax (m MSL), Peak (m), PLag (min), Bias(m), RMSD (m), RVal, Skil, VExp (%), nPts,
-0.0,1.947,-0.0738442754406,30.0,0.0928543808237,0.155762858048,0.995535072515,0.996097100039,90.1379523045,240,
6.0,1.947,0.101835970741,12.0,0.247862975026,0.269939651232,0.996934380986,0.988421389103,91.5846535232,239,
12.0,1.947,-0.022230876061,12.0,0.111368568581,0.155808770313,0.996631880296,0.996132131968,91.4234849533,239,
18.0,1.947,0.168795518422,18.0,0.273907569309,0.295087193767,0.996601929465,0.986255174824,91.3595513147,239,
24.0,1.947,-0.0203922613757,18.0,0.0610387070438,0.121981588294,0.996843610682,0.997627873127,91.6874523002,239,
30.0,1.947,0.238619088968,18.0,0.293198163578,0.3136989753,0.996506279407,0.984477400239,91.2205743223,239,
36.0,1.947,-0.0905666895349,12.0,-0.0125515530077,0.0968341964712,0.997534060147,0.998500635717,92.442598757,239,
42.0,1.947,0.0564388538006,18.0,0.140467525846,0.169178054788,0.997710651857,0.99542760108,92.5787669006,239,
48.0,1.947,-0.223145637007,6.0,-0.117262243878,0.150564344679,0.997623633139,0.996384151456,92.5666309798,239,
54.0,1.947,0.0529924064882,6.0,0.161314835723,0.187030317771,0.997735705383,0.994409259823,92.5505320804,239,
60.0,1.947,-0.254399546905,6.0,-0.152479465052,0.178780221788,0.997755879313,0.994899036896,92.653314501,239,
66.0,1.947,-0.0947792687776,12.0,-0.00377274941065,0.0931148304743,0.997686082317,0.998615054414,92.6770660121,239,
72.0,1.947,-0.383590196201,6.0,-0.285705320384,0.299691994593,0.997738668949,0.985897601936,92.8779400403,239,
78.0,1.947,-0.0902830683611,18.0,0.0144464267116,0.0950670034263,0.997596045678,0.998558222647,92.6042933885,239,
84.0,1.947,nan,nan,nan,nan,nan,nan,nan,0,
90.0,1.947,-0.138498737092,0.0,-0.0251923746774,0.133309468801,0.995125158196,0.99714438525,89.698286221,239,
96.0,1.947,-0.338078002046,6.0,-0.217835817728,0.25153474296,0.995574031867,0.989907886318,90.1028287107,239,
102.0,1.947,-0.0449406545642,6.0,0.0816515107382,0.154001126797,0.995242799856,0.996182159923,89.7245841715,239,
108.0,1.947,-0.280237272945,6.0,-0.160999889139,0.201887199892,0.995809828247,0.993492301434,90.4142704844,239,
114.0,1.947,-0.269858160689,0.0,-0.147284925104,0.191134037658,0.995835959248,0.994157797239,90.4136586924,239,
120.0,1.947,-0.451259016933,-6.0,-0.333437639407,0.353023798256,0.996186038825,0.980435810381,90.8751056001,239,
126.0,1.947,-0.226022244968,-6.0,-0.110025825258,0.162378375111,0.996119733273,0.995764078509,90.6023134025,239,
