LeadTime (HRS), obsMax (m MSL), Peak (m), PLag (min), Bias(m), RMSD (m), RVal, Skil, VExp (%), nPts,
-0.0,1.11,-0.0282042074462,738.0,0.154120041832,0.307231311104,0.951405762132,0.901517507979,55.6215131232,238,
6.0,1.11,-0.0559486508462,738.0,0.152054765301,0.304224364184,0.955234003603,0.903572579671,56.0378315954,237,
18.0,1.11,-0.0706116231685,726.0,0.151974772446,0.311127473411,0.953676525068,0.897210114643,54.7261864763,237,
24.0,1.11,-0.0864577240356,726.0,0.130970817516,0.289368500107,0.959125200449,0.91279188632,56.9906854262,237,
30.0,1.11,-0.0820015425226,720.0,0.154073533579,0.31598731991,0.951976389846,0.893233442598,54.0135932926,237,
