LeadTime (HRS), obsMax (m MSL), Peak (m), PLag (min), Bias(m), RMSD (m), RVal, Skil, VExp (%), nPts,
-0.0,0.64,0.327889820753,-30.0,0.295383154303,0.354410629209,0.927880663829,0.888237055865,62.3723745858,240,
6.0,0.64,0.237364593084,-84.0,0.191451227988,0.277015273348,0.923016763208,0.925716471981,61.3665954035,239,
12.0,0.64,0.334267726968,-30.0,0.345524378621,0.395091369755,0.930090436371,0.863587345843,63.0281819761,239,
18.0,0.64,0.370839044864,-84.0,0.395717500903,0.439754796723,0.929939018623,0.837063126966,62.9869899188,239,
24.0,0.64,0.340399845786,-84.0,0.357839555055,0.406653163291,0.928809179973,0.856564086657,62.7234947699,239,
30.0,0.64,0.227388102719,-48.0,0.248656682223,0.316030156849,0.927748460261,0.907286300738,62.5251210224,240,
36.0,0.64,0.344012573672,-66.0,0.366349429908,0.412998268984,0.930324866838,0.85269246885,63.0402117218,239,
42.0,0.64,0.408136861849,-54.0,0.457121712125,0.495324211692,0.930435214525,0.803254735048,63.0248895986,239,
48.0,0.64,0.373555468299,-66.0,0.399393668052,0.442884349928,0.9298112716,0.834832404492,62.9003965461,239,
54.0,0.64,0.272286812185,-72.0,0.289100110615,0.346794765655,0.929452900954,0.890098821841,62.8718013327,239,
60.0,0.64,0.3742944726,-66.0,0.381727825897,0.425739673318,0.931999836341,0.845408299775,63.458131476,239,
66.0,0.64,0.499791235785,-54.0,0.523270871037,0.55578678587,0.932961169373,0.766269355498,63.6910458154,239,
72.0,0.64,0.425800098879,-42.0,0.457214272537,0.492722643209,0.935294815318,0.804524408571,64.3994931649,239,
78.0,0.64,0.352651420387,-72.0,0.367231822651,0.409725852607,0.936434515673,0.854084006363,64.7786444548,239,
84.0,0.64,0.352099009837,-36.0,0.377379892399,0.420233547369,0.934948949264,0.849873354242,64.1628394906,239,
90.0,0.64,0.516168801554,-42.0,0.547840303356,0.577415022392,0.93658667717,0.754090177348,64.638614063,239,
96.0,0.64,0.450533359741,-60.0,0.469216322847,0.503181955804,0.936712897101,0.798414039245,64.7722121144,239,
102.0,0.64,0.346773175476,-66.0,0.356593116617,0.401354674244,0.934746854554,0.859298949402,64.2960992087,239,
108.0,0.64,0.274239046606,-54.0,0.270557507304,0.325757619242,0.93703746977,0.902863911763,64.831704639,239,
114.0,0.64,0.479330936199,-54.0,0.494794649043,0.526176563482,0.93886383964,0.785353587487,65.3031625634,239,
120.0,0.64,nan,nan,nan,nan,nan,nan,nan,0,
126.0,0.64,0.29372315707,-78.0,0.293481441702,0.354389166251,0.924705858651,0.886296531172,61.6682732631,239,
