LeadTime (HRS), obsMax (m MSL), Peak (m), PLag (min), Bias(m), RMSD (m), RVal, Skil, VExp (%), nPts,
-0.0,1.01,0.0960488105415,42.0,0.139846960773,0.156899469448,0.989400115584,0.973963656716,85.4168776599,240,
6.0,1.01,0.0526546901177,18.0,0.0755975551474,0.096154503427,0.992677221497,0.990145326938,87.8413621954,239,
12.0,1.01,0.0494906268039,30.0,0.0781743787021,0.0972252601335,0.993451835023,0.989769027357,88.171586217,239,
18.0,1.01,0.0187393668267,6.0,0.02822865179,0.0603620106728,0.994168105576,0.996090288871,89.0824130075,239,
24.0,1.01,0.0985452969085,18.0,0.0765797716551,0.0910841773752,0.994902314104,0.99133781791,89.9092269312,239,
30.0,1.01,0.0109613231979,18.0,-0.0329360934258,0.0670849571265,0.993298452373,0.995377861358,88.0188787728,240,
36.0,1.01,-0.000625723770969,36.0,-0.00321391572302,0.0532415905689,0.99406502329,0.997009478988,89.1196896435,239,
42.0,1.01,-0.0584862516487,0.0,-0.0554676280643,0.0849354695466,0.991291517884,0.99237789481,86.831221941,239,
48.0,1.01,0.00696803712986,12.0,0.0249782050457,0.0742195758887,0.990238176086,0.993955968961,85.691338257,239,
54.0,1.01,-0.0687781624668,18.0,-0.0872095337724,0.109039598798,0.991024730516,0.987379217034,86.599705016,239,
60.0,1.01,-0.0676184820904,12.0,-0.0785228649026,0.0994038465109,0.992185247071,0.989623265698,87.5210224771,239,
66.0,1.01,-0.0942250515199,18.0,-0.128010942768,0.13771574318,0.994589432886,0.980416773222,89.6033395397,239,
72.0,1.01,-0.056700498695,24.0,-0.0671322822179,0.091467671443,0.991996044963,0.99103958271,87.2809800777,239,
78.0,1.01,-0.156632860891,30.0,-0.179056235255,0.187048537937,0.993872149382,0.964102414411,88.9255637313,239,
84.0,1.01,-0.0659067972697,12.0,-0.0867160250266,0.102343611352,0.993800198108,0.988967058054,88.8717125926,239,
90.0,1.01,-0.0686077410589,36.0,-0.0886403767735,0.100517151323,0.995285401837,0.989400358778,90.2961507208,239,
96.0,1.01,-0.0131124646634,30.0,-0.0272099767083,0.0599298024588,0.99406352992,0.996165712937,89.0680738369,239,
102.0,1.01,-0.0488419859724,6.0,-0.0247703681743,0.0589620544175,0.994011952007,0.996298834543,89.045563071,239,
108.0,1.01,0.0192879163408,18.0,0.0315384527977,0.0636981786464,0.993725172645,0.995635223498,88.6697066827,239,
114.0,1.01,-0.0106397652565,6.0,0.0214512503732,0.055081471799,0.994728884252,0.996744033799,89.6134476358,239,
120.0,1.01,nan,nan,nan,nan,nan,nan,nan,0,
126.0,1.01,0.0499602913873,18.0,0.0956567522723,0.118375142469,0.989820177418,0.985416451936,85.7313577412,239,
