LeadTime (HRS), obsMax (m MSL), Peak (m), PLag (min), Bias(m), RMSD (m), RVal, Skil, VExp (%), nPts,
-0.0,0.516,0.187703266579,-24.0,0.11414001528,0.123239927721,0.995686981141,0.978059917562,88.3532462467,240,
6.0,0.516,0.185711851939,-24.0,0.103932984372,0.11331271296,0.996096847428,0.9814631838,88.7106551824,239,
12.0,0.516,0.107669268652,-24.0,0.0585925818133,0.0720253498219,0.996950988075,0.99243145845,89.5243213239,239,
18.0,0.516,0.210136839554,-672.0,0.153318499141,0.15865366432,0.997318741126,0.964466340869,89.796953459,239,
24.0,0.516,0.168461417109,-6.0,0.107663907529,0.115005386412,0.99734511868,0.980958515146,89.8883983205,239,
30.0,0.516,0.134942599005,-672.0,0.0917535726704,0.0998300859442,0.997534728077,0.985515376726,90.142757002,240,
36.0,0.516,0.0839010563236,-18.0,0.047458278968,0.0613677908026,0.997777652572,0.994508317768,90.2701115626,239,
42.0,0.516,0.205300222016,-660.0,0.158776223994,0.163477264398,0.997842326793,0.962439104025,90.2662262001,239,
48.0,0.516,0.165734923877,-654.0,0.124487837413,0.130532068135,0.997957159529,0.975743723736,90.1815484523,239,
54.0,0.516,0.132151928866,-654.0,0.0894181887638,0.0970018516135,0.998225923891,0.986429971833,90.5968957419,239,
60.0,0.516,0.0771908981647,-12.0,0.0432827752304,0.0568602669548,0.998396677127,0.995295641942,90.7784142805,239,
66.0,0.516,0.18802697422,-6.0,0.153430295355,0.157856884548,0.998322639382,0.964926922998,90.716736641,239,
72.0,0.516,0.178672460731,0.0,0.146534841348,0.150712338547,0.998539867816,0.967850858961,91.1874336632,239,
78.0,0.516,0.102350719377,0.0,0.0751527706449,0.0827301484747,0.998599471964,0.990058133791,91.3500720649,239,
84.0,0.516,0.066750322065,-6.0,0.0307853493608,0.0465154906242,0.998564410953,0.996836027487,91.2794502911,239,
90.0,0.516,0.149217296218,-12.0,0.118199157667,0.12324000897,0.998421501054,0.978176336211,91.2754858965,239,
96.0,0.516,0.185676178187,-12.0,0.154406330177,0.158798659119,0.998290764386,0.964503564023,90.7242890137,239,
102.0,0.516,0.0661962407157,-6.0,0.0390465328895,0.0520330258561,0.998356975206,0.996025129782,91.3991406581,239,
108.0,0.516,0.0377555676612,-6.0,0.0109991553545,0.0357729517606,0.998651784347,0.998124213925,91.4871458268,239,
114.0,0.516,0.0908330584489,-660.0,0.059356639796,0.0696339687241,0.998597590085,0.992972263388,90.8944828222,239,
120.0,0.516,nan,nan,nan,nan,nan,nan,nan,0,
126.0,0.516,0.0453250144988,-666.0,0.0153336867095,0.0445358615301,0.997059039759,0.997096535055,89.5429640949,239,
