LeadTime (HRS), obsMax (m MSL), Peak (m), PLag (min), Bias(m), RMSD (m), RVal, Skil, VExp (%), nPts,
-0.0,4.728,0.699290261483,24.0,1.38906837695,1.9739151425,0.901431321492,0.881149653394,55.367471448,240,
6.0,4.728,0.595158738794,24.0,1.49088644952,2.01261325241,0.912170144303,0.877778049971,57.0625033639,239,
12.0,4.728,-0.112748691561,24.0,0.952338117112,1.71265499571,0.904650288237,0.903335655789,54.7926067934,239,
18.0,4.728,-0.0240013352165,24.0,1.00716000609,1.73260386381,0.906172848157,0.902133345033,55.2263422954,239,
24.0,4.728,-0.186237925722,24.0,0.887035203316,1.70280531615,0.899647985475,0.903333408164,53.8380113965,239,
30.0,4.728,nan,nan,nan,nan,nan,nan,nan,0,
36.0,4.728,-0.316176154102,12.0,0.757335403097,1.55509077926,0.917951538622,0.919208204665,56.8853715142,239,
42.0,4.728,-0.101511999483,18.0,0.955595569358,1.64718202392,0.918954670315,0.911567394462,57.410983774,239,
48.0,4.728,-0.365656746319,18.0,0.739788148439,1.56538729223,0.914940868115,0.917584586688,56.2082351239,239,
54.0,4.728,0.152167309573,24.0,1.18697493388,1.78252149254,0.919213813398,0.899524932625,57.7861363967,239,
60.0,4.728,-0.368953726955,12.0,0.673879338455,1.52502465369,0.916345947419,0.921771736432,56.572899898,239,
66.0,4.728,-0.148710511874,18.0,0.893055035158,1.62099740371,0.916934658729,0.913878674667,57.057086705,239,
72.0,4.728,-0.391688886828,12.0,0.653611360696,1.53159615949,0.914148308434,0.920558452939,56.031091879,239,
78.0,4.728,0.0410293201063,24.0,1.05298926169,1.70612857515,0.917915473896,0.906290644494,57.3868266812,239,
84.0,4.728,-0.32143010847,18.0,0.717664238683,1.54455239705,0.915881791645,0.920158990509,56.584348596,239,
90.0,4.728,-0.0677414374335,24.0,0.947334817689,1.6541098931,0.916105672388,0.910790092749,56.9568791664,239,
96.0,4.728,-0.26634508482,12.0,0.762825948339,1.55562081484,0.917233293247,0.919622705964,56.9637107267,239,
102.0,4.728,0.0555764355808,24.0,1.05364329549,1.70481876894,0.917781142984,0.906680197483,57.4559956436,239,
108.0,4.728,-0.166675219359,18.0,0.862760725784,1.59638693362,0.91830525952,0.916481619212,57.3631058356,239,
114.0,4.728,-0.0204594058886,18.0,0.985279142136,1.66930092174,0.916738829385,0.909861965087,57.2251279977,239,
120.0,4.728,-0.0737360479916,18.0,0.941225603108,1.63216655131,0.918321698861,0.913420922129,57.5834140405,240,
126.0,4.728,0.111286932044,24.0,1.10315347024,1.72616745823,0.918747167877,0.905276898345,57.8348054479,239,
