LeadTime (HRS), obsMax (m MSL), Peak (m), PLag (min), Bias(m), RMSD (m), RVal, Skil, VExp (%), nPts,
-0.0,0.878,0.107373840414,-1398.0,0.250886024701,0.274897249149,0.985075075988,0.950724333031,81.696624125,238,
6.0,0.878,0.234530034548,-1368.0,0.375482971136,0.391025966012,0.985589499012,0.905442659525,81.8763074164,237,
12.0,0.878,0.162515101671,-1368.0,0.318507331634,0.335115368761,0.987245433628,0.928864954824,82.8516126659,237,
18.0,0.878,0.0523460110059,-1368.0,0.259701998154,0.27871065493,0.988628665249,0.94950654846,83.5054710122,237,
24.0,0.878,0.0637669874329,-1374.0,0.27619981838,0.295125725341,0.988071345879,0.943550539332,83.0465262981,237,
30.0,0.878,nan,nan,nan,nan,nan,nan,nan,0,
36.0,0.878,0.146011257782,-1404.0,0.364176315277,0.378862896024,0.987828483534,0.910036570357,82.6780810108,237,
42.0,0.878,0.10502244683,-1380.0,0.325193396875,0.34094450713,0.988036577987,0.926014717983,83.0246361,237,
48.0,0.878,0.109152860036,-1380.0,0.32892005469,0.344947119513,0.987631029178,0.92439886182,82.7959848502,237,
54.0,0.878,0.215225278812,-1380.0,0.43097265336,0.442523537904,0.988052342213,0.882561395635,83.1105787912,237,
60.0,0.878,0.20116374071,24.0,0.386722821652,0.397054630758,0.989976715869,0.904419735282,84.8429983648,237,
66.0,0.878,0.155161626287,24.0,0.353553369591,0.364556337094,0.990309614578,0.918207587109,85.1284983828,237,
72.0,0.878,0.11164891933,24.0,0.333484896506,0.345503394369,0.989968625921,0.925923565081,84.969235134,237,
78.0,0.878,0.154658085284,-1386.0,0.369475287026,0.382999465296,0.988794020569,0.90877252791,83.3565681153,237,
84.0,0.878,0.016677788381,24.0,0.216844502359,0.234266150732,0.990771900387,0.964332825417,85.4661304449,237,
90.0,0.878,0.0793446155267,24.0,0.266063795275,0.2788875178,0.991016197088,0.950953868422,86.1168564446,237,
96.0,0.878,0.0951582256395,24.0,0.286576263603,0.29985456366,0.990875515677,0.942820476867,85.3779482626,237,
102.0,0.878,0.157203991609,24.0,0.316287763195,0.326811248893,0.991228677253,0.933832053273,86.1710379379,237,
108.0,0.878,0.0768432895476,24.0,0.257389417935,0.271597808887,0.991068149372,0.952739999839,85.674036745,237,
114.0,0.878,-0.00711711976032,24.0,0.203332621049,0.225074998429,0.990141883539,0.966382585363,84.3343942585,237,
120.0,0.878,0.00342907190277,30.0,0.206292256852,0.226240373995,0.990699761835,0.966358979591,84.9175210973,238,
126.0,0.878,0.0446888025819,30.0,0.242731999679,0.259011728864,0.990831896134,0.956574106744,85.2190010833,237,
