LeadTime (HRS), obsMax (m MSL), Peak (m), PLag (min), Bias(m), RMSD (m), RVal, Skil, VExp (%), nPts,
-0.0,0.189,0.141378121728,-186.0,0.114623527557,0.124382693286,0.500361241807,0.363129748376,0.0,240,
6.0,0.189,0.141922782948,-186.0,0.117296127416,0.127672445045,0.464572165914,0.348770137067,0.0,239,
12.0,0.189,0.121577441178,522.0,0.0975465633359,0.10767898088,0.521334806201,0.393421340127,0.0,239,
18.0,0.189,0.126936832713,480.0,0.104480006227,0.11271362569,0.565292636076,0.38687788972,0.0,239,
24.0,0.189,0.117093211538,528.0,0.090761147552,0.102740703773,0.472397367419,0.397898367883,0.0,239,
30.0,0.189,0.0994647360918,528.0,0.0765244002873,0.0898443741821,0.509670772785,0.453166134523,0.0,239,
36.0,0.189,0.09183234273,528.0,0.0670528214715,0.0817088794726,0.524364302747,0.496152858489,0.0,239,
42.0,0.189,0.0945974383502,528.0,0.0703355537249,0.0843809448996,0.502223701264,0.475810144767,0.0,239,
48.0,0.189,0.111613052505,480.0,0.0857511024424,0.0968311294521,0.564814671022,0.44153143185,0.0,239,
54.0,0.189,0.112447231763,480.0,0.0766242193147,0.0914857535988,0.513801147537,0.456652667718,0.0,239,
60.0,0.189,0.0650371157194,540.0,0.0308052608147,0.0625659212551,0.450643414501,0.596027111134,0.0,239,
66.0,0.189,0.0580775073541,576.0,0.0228611459617,0.0586238101236,0.450707058682,0.619295859072,0.0,239,
72.0,0.189,0.0569724653555,504.0,0.0263521318513,0.0566859266372,0.485289526216,0.638323938652,0.0,239,
78.0,0.189,0.0582837045335,504.0,0.0252467374543,0.0543922829349,0.562014091991,0.678253363802,0.0,239,
84.0,0.189,0.0121697946325,486.0,-0.0268853679723,0.0571008482876,0.564524594876,0.668436233573,0.0,239,
90.0,0.189,nan,nan,nan,nan,nan,nan,nan,0,
96.0,0.189,0.0635528983746,474.0,0.0275003043761,0.0568505705375,0.71790798721,0.724938932455,0.0,239,
102.0,0.189,0.0467321502223,498.0,0.00495861743798,0.0527427726759,0.611349860988,0.718791880655,0.0,239,
108.0,0.189,0.0350855144462,504.0,0.0147547733078,0.0463067461051,0.766733773498,0.794894085682,0.0,239,
114.0,0.189,0.0489523578702,468.0,0.0158136550693,0.054819015874,0.663307795622,0.724502143921,0.0,239,
120.0,0.189,0.056364813158,474.0,0.0160441044273,0.0560833875706,0.560037034464,0.680164042437,0.0,239,
126.0,0.189,0.0636558622873,486.0,0.0258924393453,0.0578688894885,0.50609361396,0.638769376986,0.0,239,
