LeadTime (HRS), obsMax (m MSL), Peak (m), PLag (min), Bias(m), RMSD (m), RVal, Skil, VExp (%), nPts,
-0.0,2.046,2.27993191219,0.0,1.48402670203,1.50773927534,0.9969799846,0.869724975073,85.4543157575,240,
6.0,2.046,1.99047107497,-6.0,1.48349256284,1.50557247795,0.997570187945,0.870263595456,85.9867614752,239,
12.0,2.046,1.88158047212,24.0,1.48061497861,1.50012717405,0.998684220471,0.871330528625,86.8451044136,239,
18.0,2.046,1.87389639348,-6.0,1.48274535523,1.50187988268,0.998892561636,0.87117599766,86.9645536603,239,
24.0,2.046,1.88918427164,-6.0,1.48014541598,1.49924071178,0.998966955326,0.871576858363,86.9893581245,239,
30.0,2.046,1.87062573715,6.0,1.47970296624,1.49840012408,0.999045620078,0.871645734845,87.1284812751,239,
36.0,2.046,1.92081876487,6.0,1.48745413753,1.50693143793,0.999020314599,0.870693949328,86.8268276372,239,
42.0,2.046,1.9417592438,6.0,1.48665591419,1.50594978709,0.999069086365,0.870830480688,86.8929007465,239,
48.0,2.046,1.94996567724,12.0,1.49571697093,1.5146697901,0.999156788668,0.869554548106,86.9707268387,239,
54.0,2.046,1.94719442087,6.0,1.49444957098,1.51285689296,0.999196774591,0.869657563543,87.1661700541,239,
60.0,2.046,1.9830661403,12.0,1.50877483654,1.52767110826,0.999147888266,0.86768178309,86.9339904363,239,
66.0,2.046,1.95767413081,6.0,1.50080894823,1.51919354211,0.999156202096,0.868719873511,87.1470504517,239,
72.0,2.046,1.95036719604,6.0,1.50785369793,1.52598131079,0.999214130332,0.867713508644,87.2080009015,239,
78.0,2.046,1.94907449106,6.0,1.506154346,1.5237255105,0.999200492055,0.867829404794,87.4140759036,239,
84.0,2.046,2.00096451041,12.0,1.53054500357,1.54872131691,0.999165731915,0.864421074045,87.0952778427,239,
90.0,2.046,nan,nan,nan,nan,nan,nan,nan,0,
96.0,2.046,1.98940764481,0.0,1.53938209302,1.56056014649,0.997801221061,0.862278029185,86.011027685,239,
102.0,2.046,1.98095461627,0.0,1.54462074478,1.56459095406,0.998253862254,0.861705750824,86.3955044088,239,
108.0,2.046,1.98157778052,0.0,1.54143118798,1.56101100146,0.998292475529,0.862132078303,86.5438099134,239,
114.0,2.046,1.97152486089,0.0,1.52463277602,1.54395392945,0.998358443128,0.864527344544,86.7061212367,239,
120.0,2.046,2.03501725406,0.0,1.57291053918,1.59254398675,0.998293754869,0.857613121894,86.389241993,239,
126.0,2.046,1.99267976759,0.0,1.51771460463,1.53739643011,0.998434734255,0.865667156652,86.6121087086,239,
