LeadTime (HRS), obsMax (m MSL), Peak (m), PLag (min), Bias(m), RMSD (m), RVal, Skil, VExp (%), nPts,
-0.0,0.392,0.315874589851,810.0,0.239539279239,0.248079264128,0.465885039778,0.167276922425,0.0,240,
6.0,0.392,0.327818429836,786.0,0.258026321463,0.267936860182,0.41232030891,0.152871939245,0.0,239,
12.0,0.392,0.308545972316,732.0,0.228441121365,0.239935005881,0.404144936889,0.166962706281,0.0,239,
18.0,0.392,0.303139230684,756.0,0.23068141906,0.241797609853,0.443889893873,0.171802522722,0.0,239,
24.0,0.392,0.297277861683,744.0,0.225387398245,0.236987720801,0.304761219477,0.163773698713,0.0,239,
30.0,0.392,0.283093960889,750.0,0.218000803859,0.227289435796,0.384772298828,0.173746301322,0.0,239,
36.0,0.392,0.292923929266,786.0,0.220064632947,0.23060271227,0.555643895201,0.183481538643,0.0,239,
42.0,0.392,0.27878006689,744.0,0.239173049736,0.248022850679,0.612709470623,0.177006625743,0.0,239,
48.0,0.392,0.278931114013,774.0,0.253093796612,0.258837277118,0.673053120083,0.16886596025,0.0,239,
54.0,0.392,0.306295114275,720.0,0.242203900142,0.251805196821,0.451110152065,0.16397959825,0.0,239,
60.0,0.392,0.260515382991,732.0,0.195638719362,0.210141464843,0.430508862051,0.192462109194,0.0,239,
66.0,0.392,0.220845956757,744.0,0.182777882852,0.194731890545,0.441540023981,0.211527944996,0.0,239,
72.0,0.392,0.238086319428,738.0,0.194327635834,0.206062338793,0.533363936865,0.209420825564,0.0,239,
78.0,0.392,0.215922105348,720.0,0.186552414476,0.199414569,0.376098116547,0.20735731001,0.0,239,
84.0,0.392,0.212093428237,726.0,0.164026310857,0.181466842858,0.209899189572,0.208761736391,0.0,239,
90.0,0.392,nan,nan,nan,nan,nan,nan,nan,0,
96.0,0.392,0.270402897317,732.0,0.195414832421,0.210225615675,0.16067489612,0.173865144459,0.0,239,
102.0,0.392,0.275551155247,162.0,0.202366789988,0.22053337438,0.439079099003,0.202968035994,0.0,239,
108.0,0.392,0.212180680936,702.0,0.141167916573,0.157973194392,0.00384208560023,0.190621730718,0.0,239,
114.0,0.392,0.217645898162,720.0,0.1693241798,0.18805248124,0.30083659974,0.218250205073,0.0,239,
120.0,0.392,0.265609433434,714.0,0.221882507354,0.234214297238,0.285407132031,0.176954745752,0.0,239,
126.0,0.392,0.236968553757,738.0,0.163640879657,0.178519928676,0.215235749671,0.203715072748,0.0,239,
