LeadTime (HRS), obsMax (m MSL), Peak (m), PLag (min), Bias(m), RMSD (m), RVal, Skil, VExp (%), nPts,
-0.0,1.038,-0.0107881818028,-42.0,0.288287874155,0.44931381623,0.958020368762,0.830127841813,49.6080689203,240,
6.0,1.038,0.00341864314403,-12.0,0.400749926528,0.545332582611,0.944460150927,0.770516106202,45.8804404814,239,
12.0,1.038,-0.124990889972,-6.0,0.27982294154,0.450295372957,0.968313615175,0.82339072584,48.3755608992,239,
18.0,1.038,-0.0495580138526,0.0,0.370966994278,0.51255661271,0.966547958168,0.790215420586,48.2445091545,239,
24.0,1.038,-0.159669092245,0.0,0.231597066228,0.40057327351,0.974273610485,0.862953112477,52.1742836304,239,
30.0,1.038,-0.0487421835947,0.0,0.3702902839,0.508213850567,0.96040090717,0.794360452807,49.0642398722,239,
36.0,1.038,-0.212336479039,-6.0,0.228227903239,0.431585464483,0.956159247519,0.830589471344,46.3990651084,239,
42.0,1.038,-0.121320320367,0.0,0.31182586039,0.471961343377,0.961693331228,0.815897458161,48.1588629498,239,
48.0,1.038,-0.174469001659,-12.0,0.22222656127,0.41658870816,0.967164212142,0.844635896874,48.4385484472,239,
54.0,1.038,-0.150616503899,0.0,0.264661529676,0.433462674141,0.96352792448,0.838999599145,49.767396463,239,
60.0,1.038,-0.272534714799,0.0,0.160935597077,0.399459704529,0.973683985367,0.848244416083,46.5010781945,239,
66.0,1.038,-0.175227525169,-6.0,0.188716252083,0.392292682631,0.966977463498,0.862438871819,49.6746504349,239,
72.0,1.038,-0.216811099528,0.0,0.16438254344,0.390029823085,0.976895335614,0.858589585568,48.2437082151,239,
78.0,1.038,-0.236956134129,0.0,0.186264212643,0.394939668558,0.969353932842,0.858827880039,49.0397458224,239,
84.0,1.038,-0.208086840212,0.0,0.119513059027,0.314643449639,0.96637302916,0.919607351071,57.409056384,239,
90.0,1.038,nan,nan,nan,nan,nan,nan,nan,0,
96.0,1.038,-0.210263150391,0.0,0.203031664941,0.408337026155,0.96663317108,0.849676832025,48.2437147582,239,
102.0,1.038,-0.192658517216,-6.0,0.21012800285,0.406540125818,0.964507857022,0.853709025708,49.1581608908,239,
108.0,1.038,-0.175143235418,-6.0,0.232050357928,0.416374396043,0.961022633358,0.849784760937,49.4952603747,239,
114.0,1.038,-0.152041885217,-12.0,0.236438405517,0.408848835294,0.968791249556,0.857272846972,51.2730013688,239,
120.0,1.038,-0.191785633789,0.0,0.246467029679,0.420260620422,0.967425137413,0.84850464433,50.2718312375,239,
126.0,1.038,-0.226549821062,0.0,0.182566817457,0.397179937379,0.97188028437,0.856130589967,48.4701767738,239,
