LeadTime (HRS), obsMax (m MSL), Peak (m), PLag (min), Bias(m), RMSD (m), RVal, Skil, VExp (%), nPts,
-0.0,1.117,-0.0601508819257,0.0,0.215429559071,0.307465780863,0.952522861364,0.882420242826,58.1410829427,240,
6.0,1.117,0.0163339869265,0.0,0.294143148081,0.366954606176,0.95540456795,0.841562678324,57.9713910489,239,
12.0,1.117,-0.0228636345733,0.0,0.238133928097,0.32211149734,0.959487406043,0.871250435212,58.4488430781,239,
18.0,1.117,0.0172046785004,0.0,0.292051272497,0.363112972002,0.957908571599,0.845355825816,58.6662127353,239,
24.0,1.117,-0.0592895386262,0.0,0.232516370708,0.321186253381,0.951468085619,0.871760417207,57.5538143874,239,
30.0,1.117,0.00599199449899,0.0,0.308270626566,0.3742402681,0.961142459742,0.8385973205,59.3520013637,239,
36.0,1.117,-0.0792003844206,0.0,0.258094124014,0.338699073133,0.957036180395,0.859700255548,57.9849294465,239,
42.0,1.117,0.010074242414,0.0,0.315218738729,0.38065243139,0.958253608463,0.834515635848,59.1231474889,239,
48.0,1.117,-0.0938709914791,-702.0,0.261719941863,0.343332147793,0.946764277081,0.858041296545,57.4317053471,239,
54.0,1.117,-0.0759355972443,-696.0,0.296411753401,0.371559611161,0.945650640857,0.838946047662,57.0810057863,239,
60.0,1.117,-0.0874029403634,0.0,0.267530933165,0.346141165312,0.949951010035,0.856511785546,57.9253957778,239,
66.0,1.117,-0.0550330565621,0.0,0.310383530073,0.381623795649,0.950617685404,0.831465745421,57.4665685013,239,
72.0,1.117,-0.0695365115171,0.0,0.283166345822,0.362398871224,0.948184364286,0.842819694097,56.6754438979,239,
78.0,1.117,-0.0665370608273,-708.0,0.295643344501,0.378436617784,0.936180910445,0.829922315813,54.7451065869,239,
84.0,1.117,-0.142131624993,-702.0,0.269810632636,0.357493906643,0.941458217143,0.843403709074,55.0727428867,239,
90.0,1.117,nan,nan,nan,nan,nan,nan,nan,0,
96.0,1.117,-0.0832853632612,-708.0,0.294416480957,0.366588194376,0.955723919457,0.840747963887,58.0270995436,239,
102.0,1.117,-0.0950219352229,0.0,0.263901981658,0.341304519353,0.960347137878,0.85769255113,58.407732295,239,
108.0,1.117,-0.114512945658,0.0,0.259034085469,0.340162738624,0.957118903455,0.857275953703,57.6303289532,239,
114.0,1.117,-0.0981089979915,0.0,0.237638589722,0.324723901473,0.949339267748,0.869322363294,57.4730892028,239,
120.0,1.117,-0.0296532281743,-696.0,0.291865981364,0.364856635467,0.94895472817,0.843723783455,57.9265793821,239,
126.0,1.117,-0.0814269607244,-654.0,0.280667118184,0.357079903057,0.952717811463,0.847121820006,57.5780682366,239,
