LeadTime (HRS), obsMax (m MSL), Peak (m), PLag (min), Bias(m), RMSD (m), RVal, Skil, VExp (%), nPts,
-0.0,3.209,-0.227896369049,12.0,0.0662108753614,0.219057468301,0.999000752564,0.996961873386,89.9698727816,240,
6.0,3.209,-0.611784586154,-6.0,-0.275628112483,0.370653080433,0.999080786666,0.991166654261,88.1077574852,239,
12.0,3.209,-0.313039994884,0.0,0.0600793124694,0.258670212285,0.999195812468,0.995664247131,87.9263501416,239,
18.0,3.209,-0.551307061646,6.0,-0.155847105711,0.303434476759,0.999319014325,0.994008351089,87.5060936672,239,
24.0,3.209,-0.206922958158,0.0,0.196236606133,0.323490045909,0.999356117718,0.993206159606,87.6588283835,239,
30.0,3.209,-0.574412092388,6.0,-0.165137382129,0.311814185903,0.999481498913,0.993652691123,87.3073591488,239,
36.0,3.209,-0.299303443558,0.0,0.0950142048179,0.276999829046,0.999525719995,0.994994606168,87.5137411116,239,
42.0,3.209,-0.52654402308,6.0,-0.109910360456,0.289242710884,0.999413908951,0.994526604227,87.1609411306,239,
48.0,3.209,nan,nan,nan,nan,nan,nan,nan,0,
54.0,3.209,-0.507569113762,0.0,-0.0832322931809,0.289239447641,0.999170773892,0.994531866721,86.7357081002,239,
60.0,3.209,-0.351597178988,-6.0,0.0615254030034,0.27906316626,0.999222799471,0.99492005942,86.9659729475,239,
66.0,3.209,-0.516286572885,0.0,-0.0958818647874,0.293549869574,0.999207096577,0.994365779637,86.7144324075,239,
72.0,3.209,-0.246590023381,-6.0,0.16303485526,0.310446111636,0.999259219386,0.993747980309,87.3493499753,239,
78.0,3.209,-0.408097780227,-6.0,0.0042940661085,0.273067358106,0.999208740836,0.995133085703,86.9258838393,239,
84.0,3.209,-0.386114163491,-6.0,0.00777393236596,0.274308915411,0.999285015229,0.995083070434,86.8700913763,239,
90.0,3.209,-0.443273402648,0.0,-0.0167103355433,0.275938127829,0.999149422653,0.99502596161,86.8110519016,239,
96.0,3.209,-0.331010894779,-6.0,0.0750817662375,0.288952305518,0.999262225625,0.994532880942,86.6388834162,239,
102.0,3.209,-0.279381948604,-6.0,0.11276999667,0.30205718241,0.99940935069,0.994018829801,86.5819173281,239,
108.0,3.209,-0.475272223528,0.0,-0.0407217618458,0.277329912688,0.999475335574,0.994967794237,86.8640965248,239,
114.0,3.209,-0.420230368908,0.0,0.0114808445003,0.274594971857,0.999459930204,0.995066487284,86.8626154912,239,
120.0,3.209,-0.405017490926,0.0,0.00677231657608,0.267322091588,0.999498462765,0.99534062012,87.2034854866,239,
126.0,3.209,-0.178769533977,-6.0,0.2269662536,0.349994320965,0.999449968863,0.992046486491,87.2423282354,239,
