LeadTime (HRS), obsMax (m MSL), Peak (m), PLag (min), Bias(m), RMSD (m), RVal, Skil, VExp (%), nPts,
-0.0,0.939,0.398313609689,48.0,0.286394238917,0.310211702068,0.972180227489,0.910758952882,76.5579966771,240,
6.0,0.939,0.296555159162,42.0,0.196241239515,0.214297452926,0.986180596614,0.955323765061,83.0958116145,239,
12.0,0.939,0.205028516431,42.0,0.190404417734,0.202755325456,0.991407124051,0.959945415974,86.318368252,239,
18.0,0.939,0.215821461593,18.0,0.209073198732,0.217916573759,0.99365934364,0.954088443041,87.9351564446,239,
24.0,0.939,0.307786713701,42.0,0.326026710085,0.331270322419,0.994528318272,0.900413557624,88.4734308248,239,
30.0,0.939,0.152869354671,42.0,0.201140681069,0.207085132893,0.99655251929,0.958314781528,90.3281383691,239,
36.0,0.939,0.128125398038,30.0,0.180356343191,0.186228744544,0.997215484163,0.965940990197,90.8904022733,239,
42.0,0.939,0.126634202474,24.0,0.180951923377,0.186787932825,0.997449231177,0.965624235185,90.9043805612,239,
48.0,0.939,nan,nan,nan,nan,nan,nan,nan,0,
54.0,0.939,0.13342606275,24.0,0.19786488769,0.202381508426,0.998152351108,0.959889161938,91.6484290772,239,
60.0,0.939,0.0959924652272,24.0,0.156367573618,0.16224728448,0.997911843574,0.973841045791,91.4982438604,239,
66.0,0.939,0.0697542261352,0.0,0.134559412983,0.1417693518,0.997622795111,0.979897479808,91.2324856784,239,
72.0,0.939,0.243422155946,0.0,0.309857781881,0.313106649246,0.997750434492,0.909656657378,91.1631951812,239,
78.0,0.939,0.106953750794,30.0,0.181537892596,0.187027667361,0.99784596755,0.965434553596,91.1644765243,239,
84.0,0.939,0.0537783087749,12.0,0.122050630316,0.129746013415,0.997835200513,0.983069957288,91.3535519287,239,
90.0,0.939,0.0262491686527,24.0,0.106115001285,0.115279785076,0.997733673566,0.986558773474,91.1520542107,239,
96.0,0.939,0.203600148669,18.0,0.284056237959,0.287724742033,0.997880351994,0.922141213269,91.003843507,239,
102.0,0.939,0.123362015026,6.0,0.19734423521,0.20246929022,0.997835794765,0.959740612344,91.1084873017,239,
108.0,0.939,0.0503807269519,12.0,0.131689465455,0.139538139308,0.997891362806,0.980335694311,90.9371929861,239,
114.0,0.939,0.0426588574551,0.0,0.109526463085,0.118278508946,0.998130839894,0.985787419342,91.2293044058,239,
120.0,0.939,0.196865770894,6.0,0.260229291717,0.264188067005,0.998251666451,0.933157505163,91.0501325958,239,
126.0,0.939,0.155146979747,6.0,0.23678243942,0.241055491161,0.998135167366,0.943773602902,91.1242097063,239,
