LeadTime (HRS), obsMax (m MSL), Peak (m), PLag (min), Bias(m), RMSD (m), RVal, Skil, VExp (%), nPts,
-0.0,2.495,1.05313325754,30.0,1.00639712613,1.01753902854,0.992609002153,0.853012809653,87.4883389513,240,
6.0,2.495,1.0528357362,30.0,1.01189988609,1.02094737207,0.993925825401,0.852358905044,88.7234849476,239,
12.0,2.495,1.10705031266,-12.0,1.06991146642,1.07736475319,0.99465113092,0.838606135913,89.4809518447,239,
18.0,2.495,0.886466471824,6.0,0.868843847561,0.874535538877,0.996658784841,0.885551879551,91.7172377981,239,
24.0,2.495,0.890326542951,0.0,0.85721203433,0.862969333803,0.996680928459,0.888242609235,91.7252458323,239,
30.0,2.495,0.775046803822,6.0,0.763253895413,0.770336913317,0.996328605229,0.908345767609,91.3339240933,239,
36.0,2.495,1.01297075142,0.0,1.02533886314,1.0310394997,0.996036335054,0.849197008286,90.997321105,239,
42.0,2.495,0.859146081409,18.0,0.879869291554,0.886923962035,0.995798489799,0.88277259989,90.716968951,239,
48.0,2.495,0.941795485192,18.0,0.929987892014,0.936166955281,0.996058545532,0.871083024422,91.0711869475,239,
54.0,2.495,0.865174022379,12.0,0.886277697691,0.893187174116,0.995746279305,0.880171369269,90.7801076645,239,
60.0,2.495,1.08336874255,0.0,1.08601231607,1.09165814819,0.995740867636,0.833247560988,90.7802609112,239,
66.0,2.495,0.92904774626,0.0,0.949867436892,0.955972029102,0.995954422297,0.865324655629,91.013131679,240,
72.0,2.495,0.943527443879,0.0,0.987614097339,0.996188938884,0.994153136894,0.856685666411,89.1404558794,239,
78.0,2.495,0.918233697633,12.0,0.956227698301,0.967541832239,0.992530410053,0.863222070759,87.7160950897,239,
84.0,2.495,1.041167956,24.0,1.07004620285,1.07723351159,0.994644541282,0.836576997666,89.6562806583,239,
90.0,2.495,0.961499986236,12.0,1.00687487788,1.01755789682,0.992590762172,0.851506529934,87.7553057249,239,
96.0,2.495,0.975393143422,18.0,0.966575556051,0.971319253413,0.996948068795,0.863806108207,92.0168763892,239,
102.0,2.495,1.02488451592,12.0,1.06040987304,1.06890695444,0.993717145437,0.838252800934,88.8003539022,239,
108.0,2.495,0.956967475635,12.0,1.00749279381,1.01604239429,0.994082315899,0.848904637448,89.0484003787,239,
114.0,2.495,0.915059767357,6.0,0.975981366573,0.985573241294,0.993494843371,0.856700943091,88.5790766318,239,
120.0,2.495,1.09339670378,6.0,1.00043170334,1.0050616524,0.997833950739,0.859400513866,91.9767931811,239,
126.0,2.495,1.00024787666,6.0,1.07147702572,1.08231055829,0.992053216685,0.837309935725,87.2815042776,239,
