LeadTime (HRS), obsMax (m MSL), Peak (m), PLag (min), Bias(m), RMSD (m), RVal, Skil, VExp (%), nPts,
-0.0,2.581,0.077165450694,-6.0,0.109784162026,0.178817534061,0.995931345332,0.996511697798,90.7870167956,240,
6.0,2.581,0.271334092047,-12.0,0.276543871585,0.3111536196,0.996227278332,0.989289714751,90.6616571015,239,
12.0,2.581,0.174118509888,-12.0,0.115931491539,0.173098392476,0.996516671093,0.996739461408,91.5833866059,239,
18.0,2.581,0.223281498565,-12.0,0.138470857577,0.196226211109,0.995993762458,0.995785297957,90.8963456998,239,
24.0,2.581,0.128517362279,-12.0,0.0493820875364,0.140501330763,0.99635350623,0.997847839926,91.3872418418,239,
30.0,2.581,0.22815576642,-18.0,0.193952157484,0.235042326576,0.996542028089,0.993918494237,91.3066233126,239,
36.0,2.581,0.167295758535,-12.0,0.0944007956585,0.149359887344,0.997288516139,0.997557447578,92.4212901203,239,
42.0,2.581,0.173896444551,-12.0,0.0976822140187,0.157157296935,0.996996333171,0.997283130311,91.9388947889,239,
48.0,2.581,0.196592408982,-12.0,0.129109326577,0.168850170676,0.997596618915,0.996909944469,92.8973820247,240,
54.0,2.581,0.195050668883,-12.0,0.118715208031,0.163058998582,0.997448879165,0.997105047018,92.6896164348,239,
60.0,2.581,0.192229511287,-12.0,0.132792986324,0.175566798947,0.997255972404,0.996654666346,92.4891171533,239,
66.0,2.581,0.125350256026,-12.0,0.0816484805582,0.139093785899,0.997464543629,0.997885003449,92.6355018202,239,
72.0,2.581,0.26557101207,-12.0,0.24846442116,0.273228798806,0.997438524124,0.991878507714,92.5664811888,239,
78.0,2.581,0.16839991555,-12.0,0.171777612085,0.203514888278,0.997887021544,0.995438074499,92.8625528094,239,
