LeadTime (HRS), obsMax (m MSL), Peak (m), PLag (min), Bias(m), RMSD (m), RVal, Skil, VExp (%), nPts,
-0.0,0.501,0.299579375851,0.0,0.338021162343,0.346062981949,0.903271258052,0.552333858925,57.080969435,240,
6.0,0.501,0.313244406801,-24.0,0.370725475079,0.377266951258,0.915718067114,0.524205438835,59.5765947133,239,
12.0,0.501,0.313697158358,-42.0,0.375926797752,0.380493578421,0.943759855009,0.524255733961,66.0348841576,239,
18.0,0.501,0.319281179861,0.0,0.381265488008,0.385476454426,0.94789035605,0.520757797885,67.1631179565,239,
24.0,0.501,0.284154578738,-42.0,0.355323506875,0.359703094429,0.95019446294,0.542831470892,67.6611836805,239,
30.0,0.501,0.307722457929,0.0,0.383897798839,0.38793623713,0.95058582179,0.518504830521,67.7362308179,239,
36.0,0.501,0.314600099721,-42.0,0.386983491754,0.390900901573,0.952647320961,0.515835482108,68.0990624805,239,
42.0,0.501,0.312167959607,-42.0,0.38378462639,0.387846395975,0.951691721706,0.517596253396,67.6474218512,239,
48.0,0.501,0.2915684589,-42.0,0.36647199895,0.370608457301,0.951898384438,0.532566445907,68.0486101586,240,
54.0,0.501,0.310219754541,-6.0,0.387454134422,0.391510265444,0.950641485597,0.514175172087,67.4819039274,239,
60.0,0.501,0.312198870211,-12.0,0.386164201051,0.390106397051,0.951797733144,0.516321052571,67.9973462873,239,
66.0,0.501,0.294480643167,-6.0,0.370170156849,0.374332006175,0.950797423704,0.529506565235,67.797730843,239,
72.0,0.501,0.283199909965,-42.0,0.360404153799,0.364844480177,0.948504495718,0.537431848759,67.1707301664,239,
78.0,0.501,0.301466887126,-12.0,0.378772235883,0.382905554477,0.94970433651,0.522041168967,67.5402325428,239,
