LeadTime (HRS), obsMax (m MSL), Peak (m), PLag (min), Bias(m), RMSD (m), RVal, Skil, VExp (%), nPts,
-0.0,1.384,0.224800091214,0.0,0.193216784158,0.188376284525,0.992910445315,0.986626067555,94.6125001639,237,
6.0,1.384,0.126561773653,0.0,0.0964503772985,0.0966880479569,0.992998503328,0.996419074117,94.6656076647,236,
12.0,1.384,0.370112512963,18.0,0.336087529782,0.328881715389,0.993075112068,0.96052761191,94.7328468678,236,
18.0,1.384,0.272383199682,18.0,0.236151209205,0.230362954707,0.992977771914,0.980219929235,94.5542521077,236,
24.0,1.384,0.393725143992,18.0,0.359010074666,0.351411196719,0.993184226496,0.955224151004,94.9541415721,236,
30.0,1.384,0.354673717104,18.0,0.311801834222,0.30596010409,0.992989886076,0.965631453792,93.9942335171,236,
36.0,1.384,0.41842068386,18.0,0.38063315174,0.374058017649,0.992985747996,0.949660246959,93.9817543022,236,
42.0,1.384,0.30049421222,18.0,0.25767367941,0.252921783975,0.992859190835,0.97626605739,93.785909628,236,
48.0,1.384,0.369393735279,18.0,0.334413400835,0.328155811496,0.993082222911,0.96080341205,94.1266264679,237,
54.0,1.384,0.327590471664,18.0,0.287427481455,0.282055988422,0.993166923262,0.970730212582,93.9220975878,236,
60.0,1.384,0.31361832672,18.0,0.275885033191,0.271043605983,0.993069879086,0.972850168438,93.7368155911,236,
66.0,1.384,0.209656630334,18.0,0.179848265671,0.17794237246,0.992851684858,0.988052785002,93.5770442218,236,
72.0,1.384,0.301478232878,18.0,0.245389287217,0.246099338671,0.992022329408,0.977461021823,91.4683168833,236,
78.0,1.384,0.3294359121,12.0,0.275186770503,0.273638334945,0.992398728926,0.972230751595,92.0863036478,236,
