LeadTime (HRS), obsMax (m MSL), Peak (m), PLag (min), Bias(m), RMSD (m), RVal, Skil, VExp (%), nPts,
-0.0,0.397,0.133012457206,30.0,0.177565252724,0.182019443616,0.901638466813,0.492532419759,52.9194672203,240,
6.0,0.397,0.165856199,24.0,0.211025059609,0.215913846206,0.860496246545,0.431660174541,45.9583978534,239,
12.0,0.397,0.176387520995,24.0,0.22184760439,0.225703952686,0.912674583148,0.422060311104,50.8578139974,239,
18.0,0.397,0.182570718301,24.0,0.237179555347,0.240598690408,0.933036636122,0.402191570636,52.1902884538,239,
24.0,0.397,0.176925229883,24.0,0.217450314412,0.221602477346,0.909938240688,0.426762166155,49.4943023419,239,
30.0,0.397,0.169886028268,24.0,0.206510168183,0.210438779163,0.913970650143,0.445331088683,52.1253333127,239,
36.0,0.397,0.0926267209977,24.0,0.130755348158,0.138719820015,0.896211764048,0.559734500965,45.1997327747,239,
42.0,0.397,0.097143360063,24.0,0.131029877196,0.138457078245,0.892337176415,0.568005590634,47.079215506,239,
48.0,0.397,0.0235576367199,30.0,0.0938462618244,0.102330087698,0.929409033167,0.655335715896,52.0072590957,240,
54.0,0.397,-0.00639313227042,30.0,0.0700253077954,0.0810623139906,0.923361698899,0.733980850408,51.872166738,239,
60.0,0.397,0.0753722507987,24.0,0.1339607185,0.13959727188,0.935971676355,0.566829389015,53.7205979898,239,
66.0,0.397,0.0773295305135,12.0,0.134103439143,0.139792736142,0.919337428795,0.573618795014,53.4758431697,239,
72.0,0.397,0.0836639228194,-1398.0,0.153725271288,0.158379919493,0.922680156436,0.529024019646,55.0789238859,239,
78.0,0.397,0.105325570417,-1398.0,0.161757137178,0.165954130779,0.92018337254,0.51956944643,56.2909804406,239,
