LeadTime (HRS), obsMax (m MSL), Peak (m), PLag (min), Bias(m), RMSD (m), RVal, Skil, VExp (%), nPts,
-0.0,0.311,0.47731633896,252.0,0.515011544329,0.515664032592,0.946360407314,0.0950635325529,26.1180096121,234,
6.0,0.311,0.479951395419,150.0,0.520298620041,0.521017215318,0.869102123606,0.0939701012742,19.8678779865,233,
12.0,0.311,0.465345723575,0.0,0.5024510174,0.503169861057,0.91445730939,0.0973143554767,24.5235086293,233,
18.0,0.311,0.457187129085,42.0,0.49526713322,0.495961289846,0.909867515038,0.0986991398107,25.2851505992,233,
24.0,0.311,0.456078932015,36.0,0.484193651751,0.484823974486,0.951032018131,0.101620476469,35.7820062908,233,
30.0,0.311,0.447473961038,84.0,0.478555992252,0.47921375707,0.93653280581,0.102401481503,31.5008175479,233,
36.0,0.311,0.427198427279,84.0,0.464368530005,0.465048211285,0.963574433335,0.104745871122,26.4715513573,233,
42.0,0.311,0.431342153775,0.0,0.460958429109,0.461556186485,0.979512560922,0.106411347442,38.3178711,233,
48.0,0.311,0.42528695557,66.0,0.461779015451,0.462402523499,0.973753970331,0.105393095576,30.8217101452,234,
54.0,0.311,0.431461498725,54.0,0.464700270093,0.465289561369,0.966634514589,0.104701764878,35.8700620716,233,
60.0,0.311,0.447669498155,66.0,0.480769876636,0.481363934208,0.973981505541,0.101582675974,36.9244683013,233,
66.0,0.311,0.450699519984,60.0,0.485462501876,0.486051354676,0.916518382345,0.100273653838,31.8828773944,233,
72.0,0.311,0.450785503937,6.0,0.491108626954,0.491752675437,0.82039914379,0.0983983572311,20.4699868824,233,
78.0,0.311,0.459603533588,0.0,0.499837833025,0.500487925681,0.810227452363,0.0967030893736,17.6695365809,233,
