LeadTime (HRS), obsMax (m MSL), Peak (m), PLag (min), Bias(m), RMSD (m), RVal, Skil, VExp (%), nPts,
-0.0,2.432,0.122734011087,0.0,-0.0408322375306,0.149078504234,0.99647478061,0.997776088981,90.7784769689,239,
6.0,2.432,-0.0949972414272,0.0,-0.297400209164,0.333175641052,0.996223546609,0.989033534741,90.339879663,239,
12.0,2.432,0.501931662337,-12.0,0.301502030472,0.324533258675,0.997844552566,0.989601794599,92.2771182808,239,
18.0,2.432,0.0873685213664,-6.0,-0.104932496966,0.153527276913,0.998419048587,0.997666105643,92.7920342111,239,
24.0,2.432,0.162503833135,-6.0,-0.0262964856873,0.1121465014,0.998740361556,0.998758608036,92.9882391234,239,
30.0,2.432,-0.0140219859755,-6.0,-0.179070036883,0.208649739168,0.998824180418,0.995717035801,93.1122511544,239,
36.0,2.432,0.835601949498,-6.0,0.70253342516,0.713354620724,0.998500723048,0.952603522589,92.0388921537,239,
42.0,2.432,0.519627424902,0.0,0.391455681763,0.407527644586,0.998967604201,0.983986375121,92.7117251093,239,
48.0,2.432,0.622097737581,-6.0,0.511384388336,0.52525516969,0.998471809722,0.973590950076,92.2876669046,239,
54.0,2.432,0.432148247041,-6.0,0.309660527216,0.333052653668,0.998368755189,0.989206297849,92.1138527575,239,
60.0,2.432,1.25658828605,0.0,1.11599413594,1.12215299573,0.99823902287,0.89007838775,92.4488012361,239,
66.0,2.432,0.955495391973,0.0,0.86283625593,0.869908930841,0.998387581858,0.930335198734,92.8799896392,239,
72.0,2.432,1.04353251521,-6.0,0.966158423217,0.973718046215,0.997941531436,0.914415001435,92.2114155523,239,
78.0,2.432,0.897750587266,-6.0,0.833331948953,0.841633200345,0.997864020635,0.934130318453,92.4160388886,239,
84.0,2.432,1.1870402208,0.0,1.14470269615,1.15094793785,0.997528698181,0.883555190507,92.2989676104,239,
90.0,2.432,1.04113612998,0.0,0.962750116564,0.970417332199,0.997699181942,0.914526075933,92.1697612821,239,
96.0,2.432,0.962321641072,-6.0,0.819480752503,0.833043771845,0.996714461292,0.935990910228,90.3711687845,239,
102.0,2.432,nan,nan,nan,nan,nan,nan,nan,0,
108.0,2.432,1.21822799446,-12.0,1.09364396361,1.10762272244,0.994727875612,0.892127257066,88.7307269551,239,
114.0,2.432,1.08172515095,-12.0,1.01461521186,1.02648722753,0.995874290977,0.905546164046,89.9995418577,239,
120.0,2.432,1.02805774082,-12.0,0.970270655485,0.982961892251,0.995415889562,0.911878570695,89.8852718631,239,
126.0,2.432,1.16053317463,-12.0,1.11108136676,1.12190414208,0.995309707406,0.887692453043,90.0129427708,239,
