LeadTime (HRS), obsMax (m MSL), Peak (m), PLag (min), Bias(m), RMSD (m), RVal, Skil, VExp (%), nPts,
-0.0,2.32,-0.16651538766,-6.0,0.00385459112281,0.191942801946,0.993638385241,0.994949066057,86.3976231065,239,
6.0,2.32,-0.39568492374,0.0,-0.202399267147,0.286207751032,0.992309517448,0.988859659571,85.6565241556,239,
12.0,2.32,-0.0289144531275,0.0,0.138816482646,0.22213722944,0.994954612742,0.993303157317,87.7077071853,239,
18.0,2.32,-0.233464875634,0.0,-0.109670067245,0.197241577867,0.995624350075,0.994731669451,88.3796644719,239,
24.0,2.32,-0.174215822616,0.0,-0.0422354874216,0.157699362271,0.996207495164,0.996649806533,89.2304420358,239,
30.0,2.32,-0.308277636126,0.0,-0.157897858991,0.217287622802,0.99606782165,0.993695912551,89.4194224374,239,
36.0,2.32,0.233816080136,-6.0,0.34019735631,0.360954079651,0.997237764604,0.98311310231,91.449020285,239,
42.0,2.32,0.106280204342,0.0,0.175878659955,0.209131981275,0.997736027361,0.994262205707,91.9798139171,239,
48.0,2.32,0.147301309097,0.0,0.237918847209,0.267257650442,0.997325633903,0.990635039798,91.3707444622,239,
54.0,2.32,-0.0188651576791,0.0,0.0997045824552,0.166450631716,0.996778683909,0.996326397834,90.5526319357,239,
60.0,2.32,0.366960701783,-6.0,0.513242569122,0.531309514427,0.997119639025,0.963467754954,90.2627128234,239,
66.0,2.32,0.228242911778,-12.0,0.390104425544,0.414125050167,0.997297881193,0.977357936137,90.1482653643,239,
72.0,2.32,0.24395002425,-18.0,0.427067541521,0.448628783921,0.997373607898,0.973564226578,90.2603305323,239,
78.0,2.32,0.159590671324,-12.0,0.333143749233,0.367899251975,0.995919199312,0.982026824411,88.935935973,239,
84.0,2.32,0.374564941942,-6.0,0.486582844807,0.514546677909,0.993864952694,0.966092596569,88.1402905635,239,
90.0,2.32,0.340532667157,-6.0,0.418322247787,0.449125336956,0.993809443635,0.974193554904,88.4135785556,239,
96.0,2.32,0.167446508073,6.0,0.292807129414,0.329454747517,0.995288349006,0.985791793047,89.2961494254,239,
102.0,2.32,nan,nan,nan,nan,nan,nan,nan,0,
108.0,2.32,0.305465122895,6.0,0.417293973985,0.447244541721,0.994391507648,0.97426374743,88.6135628508,239,
114.0,2.32,0.192939161811,-12.0,0.315990658736,0.348633223763,0.995252841127,0.984306185392,89.5774674256,239,
120.0,2.32,0.207472532541,-6.0,0.273239256654,0.307709659812,0.995263206911,0.987893561404,89.9865137672,239,
126.0,2.32,0.289560966257,-12.0,0.367857346081,0.392832538132,0.9958064251,0.980249958253,90.2467043446,239,
