LeadTime (HRS), obsMax (m MSL), Peak (m), PLag (min), Bias(m), RMSD (m), RVal, Skil, VExp (%), nPts,
-0.0,0.079,-0.0558856163522,-186.0,-0.0505050172099,0.0713873480491,0.58862518143,0.583681485704,0.0,240,
6.0,0.079,-0.0495340276188,1098.0,-0.0308997988068,0.060408058872,0.559192901806,0.633848574119,0.0,239,
12.0,0.079,-0.0761961119995,-186.0,-0.0530594797726,0.0723467342473,0.554688389841,0.565083798567,0.0,239,
18.0,0.079,-0.0718803503712,-186.0,-0.0573716274891,0.0771183621391,0.524247481967,0.540776699419,0.0,239,
24.0,0.079,-0.0708407906277,-186.0,-0.0533559330871,0.0724829573796,0.566916576876,0.568364187975,0.0,239,
30.0,0.079,-0.0858504833335,1104.0,-0.057438254071,0.0763991155246,0.531240746067,0.542953907516,0.0,239,
36.0,0.079,-0.0745677728386,1134.0,-0.04220402361,0.063644797989,0.54115118677,0.597445800817,0.0,239,
42.0,0.079,-0.0487691632319,-180.0,-0.0152147071593,0.0485763344947,0.609319681705,0.718720219334,0.0,239,
48.0,0.079,-0.0438866549425,1002.0,-0.000790982126988,0.0437404582564,0.546227859339,0.716388159722,0.0,239,
54.0,0.079,-0.0622383090966,1074.0,-0.0139101272579,0.0432449716263,0.517868726834,0.679253538071,0.0,239,
60.0,0.079,-0.0390781489894,1002.0,0.0142220140822,0.0426136006044,0.46565713926,0.650278524124,0.0,239,
66.0,0.079,nan,nan,nan,nan,nan,nan,nan,0,
72.0,0.079,0.027317527647,1074.0,0.0785516018451,0.0903035165889,0.330770111332,0.375323964713,0.0,239,
78.0,0.079,-0.00776181515402,1080.0,0.0506850656463,0.0656896859442,0.355916772053,0.450740254922,0.0,239,
84.0,0.079,0.0319143563843,-192.0,0.0447479391476,0.0599706749869,0.583923158613,0.60116957296,0.0,239,
90.0,0.079,0.0800117631798,-192.0,0.0627513645765,0.0782456664061,0.64561727446,0.557573449087,0.0,239,
96.0,0.079,0.0242709350097,-192.0,0.0640066902926,0.0759702140853,0.540321751745,0.493367136228,0.0,239,
102.0,0.079,0.0200181965555,-192.0,0.0519768857433,0.0664326097338,0.538995144256,0.543802783077,0.0,239,
108.0,0.079,0.00348916109098,-192.0,0.0310043298149,0.0482281573663,0.565140984025,0.651849025005,6.38677656429,239,
114.0,0.079,0.0433805565039,-192.0,0.04919399045,0.060019382099,0.675227294377,0.622250642093,12.8674470271,239,
120.0,0.079,0.0197517937489,1098.0,0.0545675336571,0.072666550441,0.443319065754,0.48772603558,0.0,239,
126.0,0.079,-0.00513395265105,-192.0,0.0229416491218,0.0482808747155,0.641348638953,0.731676265792,0.0,239,
