LeadTime (HRS), obsMax (m MSL), Peak (m), PLag (min), Bias(m), RMSD (m), RVal, Skil, VExp (%), nPts,
-0.0,2.01,0.827192070269,24.0,0.897621106501,0.908863525213,0.994576992443,0.895906509264,89.1193081646,239,
6.0,2.01,0.839501844794,18.0,0.897140627222,0.907956974586,0.994700132319,0.89561779755,89.3245819814,240,
12.0,2.01,0.988446464389,36.0,1.07319087855,1.08108261471,0.995386418736,0.859101206066,90.0383580044,240,
18.0,2.01,0.862360818722,24.0,0.92336360033,0.931683544905,0.995911819541,0.891004812909,90.5085639838,240,
24.0,2.01,0.88119106627,24.0,0.935466746069,0.943256395278,0.996063732972,0.888390399491,90.7576039478,240,
30.0,2.01,0.832162114731,24.0,0.891581712453,0.900050901172,0.995862744622,0.896979376529,90.5889167106,240,
36.0,2.01,0.958090370557,24.0,1.03168942688,1.0395468229,0.995485125749,0.867566193254,90.2535070637,240,
42.0,2.01,0.840309161787,18.0,0.899347362967,0.907668229118,0.995826772359,0.895109977037,90.6317288959,240,
48.0,2.01,0.842565797576,18.0,0.900892883592,0.909432995922,0.995716066272,0.894803532726,90.5004200189,240,
54.0,2.01,0.775788647694,24.0,0.841686444998,0.85070289516,0.995780392543,0.906570173983,90.5623869718,240,
60.0,2.01,0.86550996287,18.0,0.907044426269,0.915105231107,0.996157988108,0.894563587083,90.7407575266,240,
66.0,2.01,0.764065460595,24.0,0.802326398473,0.811029637465,0.996407207468,0.915131664292,90.946848337,240,
72.0,2.01,0.756640391865,18.0,0.789294076539,0.798032766964,0.996573006618,0.917861641118,91.0019046766,240,
78.0,2.01,0.736406680965,24.0,0.770861974736,0.780148988158,0.996333688183,0.92095649989,90.830625675,240,
84.0,2.01,0.835627039734,24.0,0.876143510168,0.884484530212,0.996182482335,0.90073219569,90.7415641519,240,
90.0,2.01,0.806177495554,18.0,0.827444521007,0.836131161173,0.996533880623,0.910909041806,90.8157979475,240,
96.0,2.01,0.836533494972,12.0,0.828201702644,0.836985164024,0.996958449995,0.911635920946,90.7602851479,240,
102.0,2.01,0.872708771577,12.0,0.856593077987,0.864671965485,0.997004725212,0.906060337697,90.9906411249,240,
108.0,2.01,0.872321950549,12.0,0.877839011814,0.88542003082,0.996929175437,0.901552904227,91.1668402527,240,
114.0,2.01,0.867697257838,12.0,0.87022509387,0.877694292302,0.996785933559,0.902486111168,91.2704485217,240,
120.0,2.01,0.833846913795,18.0,0.841753133977,0.849678644536,0.996744809216,0.908093727833,91.1542410712,240,
126.0,2.01,0.899817883152,12.0,0.908521496189,0.916022336398,0.996485212187,0.894489752419,91.0622883432,240,
