LeadTime (HRS), obsMax (m MSL), Peak (m), PLag (min), Bias(m), RMSD (m), RVal, Skil, VExp (%), nPts,
-0.0,0.312,0.0110814342229,-42.0,-0.102866761075,0.12084323582,0.952995340843,0.546600900726,0.0,239,
6.0,0.312,-0.00968988395214,-36.0,-0.11341982119,0.12899574456,0.957765822355,0.513727370026,0.0,240,
12.0,0.312,-0.0328438135787,-42.0,-0.129598446371,0.142713482653,0.962982219738,0.468558564224,0.0,240,
18.0,0.312,-0.0447062190642,-42.0,-0.133906614089,0.146065969078,0.966703631527,0.456666907748,0.0,240,
24.0,0.312,-0.0547952472108,-48.0,-0.141289107421,0.152804063453,0.967936437703,0.436878744066,0.0,240,
30.0,0.312,-0.0544887861858,-54.0,-0.141225058692,0.152529784246,0.970896806696,0.437829289885,0.0,240,
36.0,0.312,-0.0523170090924,-48.0,-0.142699225859,0.154256380902,0.967345040489,0.434235617209,0.0,240,
42.0,0.312,-0.0500839402344,-48.0,-0.142541124293,0.154259007385,0.968443245491,0.43534664162,0.0,240,
48.0,0.312,-0.0506358880544,-42.0,-0.1466794177,0.158606805975,0.966275378263,0.426328436058,0.0,240,
54.0,0.312,-0.0481386130579,-48.0,-0.144654153365,0.157250945374,0.965733334535,0.431639723122,0.0,240,
60.0,0.312,-0.0223169576376,-42.0,-0.121286723179,0.135226898106,0.962849704274,0.492134234377,0.0,240,
66.0,0.312,-0.0221836833406,-48.0,-0.121924485866,0.136104271538,0.963642817704,0.490438748375,0.0,240,
72.0,0.312,-0.0113320977077,-42.0,-0.114205794277,0.129392597244,0.968008266011,0.514702878622,0.0,240,
78.0,0.312,-0.0158776159742,-48.0,-0.120774436796,0.136872938319,0.952513679164,0.48981198563,0.0,240,
84.0,0.312,0.0398842949876,-36.0,-0.0551459288302,0.0800812665898,0.959845282067,0.713742738602,0.0,240,
90.0,0.312,0.0963037983863,-54.0,-0.0335700366154,0.0813183176641,0.923570415587,0.725233730532,0.0,240,
96.0,0.312,0.0565387906034,-48.0,-0.0511852937083,0.0847621057285,0.943380203989,0.703137452792,0.0,240,
102.0,0.312,0.0694013626592,-30.0,-0.0497217953297,0.0873678070436,0.939196868341,0.697151418451,0.0,240,
108.0,0.312,0.0752487789737,-36.0,-0.0508044535062,0.0881919445602,0.947151644725,0.696363207887,0.0,240,
114.0,0.312,0.0723415542739,-60.0,-0.0576192697796,0.0935107430469,0.957500141193,0.678139509414,0.0,240,
120.0,0.312,0.100722069981,-18.0,-0.000802604011632,0.0559507845764,0.957375854801,0.830840402184,0.0,240,
126.0,0.312,0.0102914029499,-54.0,-0.0736371616607,0.0984569391003,0.964455990577,0.640123713658,0.0,240,
