LeadTime (HRS), obsMax (m MSL), Peak (m), PLag (min), Bias(m), RMSD (m), RVal, Skil, VExp (%), nPts,
-0.0,0.025,0.448093749727,510.0,0.373696888302,0.377200753872,0.934077214249,0.212538758949,0.0,239,
6.0,0.025,0.452764503773,546.0,0.378384400525,0.382117401264,0.954918185196,0.212173908414,0.0,240,
12.0,0.025,0.454994106152,546.0,0.391217124855,0.394873491385,0.953873539347,0.205999022064,0.0,240,
18.0,0.025,0.4458851272,546.0,0.385057865489,0.389270394285,0.965190373672,0.209859010519,0.0,240,
24.0,0.025,0.408414813201,564.0,0.358342536235,0.361900121876,0.966635508989,0.222653037473,0.0,240,
30.0,0.025,0.392870423229,558.0,0.337157268018,0.340962651669,0.967575245136,0.235254056406,0.0,240,
36.0,0.025,0.440621819157,558.0,0.376668697389,0.380559736696,0.960771617334,0.213796763165,0.0,240,
42.0,0.025,0.447094261874,552.0,0.387372017898,0.391542813672,0.959392840579,0.209005952587,0.0,240,
48.0,0.025,0.435599772038,558.0,0.381672475144,0.385311277206,0.962960336106,0.211750269174,0.0,240,
54.0,0.025,0.429099060934,552.0,0.368049984925,0.372598392119,0.965632474254,0.219386654794,0.0,240,
60.0,0.025,0.444191972413,540.0,0.388777647005,0.392964006968,0.963891431616,0.208936296837,0.0,240,
66.0,0.025,0.491663120005,540.0,0.418933330246,0.4242449544,0.96552361106,0.19659640537,0.0,240,
72.0,0.025,0.45611971979,492.0,0.413595863935,0.418432842753,0.955661999813,0.197676563342,0.0,240,
78.0,0.025,0.441658178784,522.0,0.383855741715,0.387931949429,0.96275483594,0.211237798286,0.0,240,
84.0,0.025,0.398249726174,528.0,0.349984561035,0.353773299687,0.963663123557,0.227838090543,0.0,240,
90.0,0.025,0.414095551391,522.0,0.355924099438,0.360635105448,0.967389967947,0.22656056514,0.0,240,
96.0,0.025,0.402004793346,534.0,0.34243773283,0.347947129323,0.972372777252,0.234929841466,0.0,240,
102.0,0.025,0.355674801225,534.0,0.295607669002,0.301315197451,0.970499036457,0.265254416628,0.0,240,
108.0,0.025,0.375477407813,546.0,0.324887040331,0.329358716483,0.97057991723,0.244324773524,0.0,240,
114.0,0.025,0.429864192891,546.0,0.373191223559,0.378110446605,0.965468434752,0.21739904161,0.0,240,
120.0,0.025,0.404858573427,534.0,0.350357622546,0.35398978752,0.965103019139,0.228668383556,0.0,240,
126.0,0.025,0.374349722775,540.0,0.330008555338,0.332987808163,0.96709032521,0.239206357224,11.3599408993,240,
