LeadTime (HRS), obsMax (m MSL), Peak (m), PLag (min), Bias(m), RMSD (m), RVal, Skil, VExp (%), nPts,
-0.0,1.1,0.325541224983,12.0,0.158513645838,0.188359560674,0.995215444619,0.987925515266,87.6704474531,239,
6.0,1.1,0.133475538691,12.0,0.022466627561,0.100409242446,0.995517564802,0.996515711685,88.1164437514,240,
12.0,1.1,0.144770748572,12.0,0.0432755913926,0.105655924946,0.995832715243,0.996150542823,88.2957715685,240,
18.0,1.1,0.172642147311,6.0,0.0664427273463,0.115759724659,0.995947165405,0.995377193569,88.4893179152,240,
24.0,1.1,0.321320360964,6.0,0.21208401316,0.232180452984,0.996014574678,0.981678977287,88.526233961,240,
30.0,1.1,0.161819100386,6.0,0.0511970492182,0.108311288275,0.995875807534,0.995951169644,88.4098373907,240,
36.0,1.1,0.189666638454,6.0,0.0691497501956,0.119522720114,0.995615181156,0.995073439571,88.1619905112,240,
42.0,1.1,0.169185439262,12.0,0.0487955568288,0.107602770226,0.995817476359,0.996003602965,88.3545308476,240,
48.0,1.1,0.31841996922,6.0,0.196794546725,0.220337580113,0.995649925886,0.983515925481,87.9664527791,240,
54.0,1.1,0.162836997329,6.0,0.0524409475543,0.109302348039,0.996015187162,0.995888571051,88.3547837612,240,
60.0,1.1,0.190544683471,6.0,0.0670311917432,0.116733568811,0.996055372504,0.995313330957,88.3949949496,240,
66.0,1.1,0.1582215358,6.0,0.0392086163238,0.104468482629,0.99593774001,0.996244943903,88.2417550723,240,
72.0,1.1,0.287824576702,0.0,0.172763316157,0.196646798934,0.996278565717,0.986821847324,88.594118437,240,
78.0,1.1,0.128387277358,6.0,0.0209444844341,0.0951143335995,0.996526967334,0.996889770222,88.7337753485,240,
84.0,1.1,0.147051374487,0.0,0.0425004070017,0.103664908073,0.996089143771,0.996295567787,88.5185293585,240,
90.0,1.1,0.124226521454,6.0,0.0060865196526,0.0961808133199,0.996043679381,0.996815770276,88.3441823403,240,
96.0,1.1,0.212498397567,6.0,0.109656496435,0.144173718136,0.99631168781,0.992870754944,88.6338021415,240,
102.0,1.1,0.0867243135923,6.0,-0.00777723762389,0.092082367802,0.99643466487,0.997075581496,88.8584000179,240,
108.0,1.1,0.0766541597927,6.0,-0.0173740799522,0.0918275189336,0.996543133165,0.997088394902,89.0507967613,240,
114.0,1.1,0.0875921361031,6.0,-0.0176847199641,0.0956165645178,0.996026259974,0.996840858561,88.5896088625,240,
120.0,1.1,0.14705148142,6.0,0.0373635665554,0.0999813515387,0.996272491439,0.996551455745,88.7389007743,240,
126.0,1.1,0.0385717565681,6.0,-0.0613409846331,0.111980714145,0.995908861357,0.995662935559,88.6237849138,240,
