LeadTime (HRS), obsMax (m MSL), Peak (m), PLag (min), Bias(m), RMSD (m), RVal, Skil, VExp (%), nPts,
-0.0,0.403,0.0715079811084,42.0,0.0773538063937,0.104850606502,0.870901950261,0.850464613312,39.2384542802,240,
6.0,0.403,0.0655545336423,6.0,0.0747941550037,0.102372605393,0.872202310393,0.854444433486,39.6126023503,239,
12.0,0.403,nan,nan,nan,nan,nan,nan,nan,0,
18.0,0.403,0.0602751453802,24.0,0.0633302227031,0.0903607492583,0.89099803353,0.881206242919,43.9989309877,239,
24.0,0.403,0.0614257772484,30.0,0.0658832209487,0.0921817796705,0.890806148258,0.877098008944,43.9818556272,239,
30.0,0.403,0.0658845147551,30.0,0.072110627462,0.0966593227449,0.889402967214,0.866784836883,44.0749147748,239,
36.0,0.403,0.0535972447037,30.0,0.0643679818674,0.0907844075481,0.888937859703,0.878964829079,44.3761369389,239,
42.0,0.403,0.0346869650307,30.0,0.0463416863174,0.0787318144689,0.890191561372,0.904737559632,44.6988870136,239,
48.0,0.403,0.0376466080313,24.0,0.0483898393765,0.080413812181,0.888228104713,0.901046155571,44.1984094985,239,
54.0,0.403,0.0637893988614,24.0,0.0748718547334,0.0988403845196,0.887280697619,0.861248986333,43.9364243471,239,
60.0,0.403,0.0456052668255,24.0,0.0536429794063,0.0838669574995,0.889379848151,0.89436558719,43.9871410297,239,
66.0,0.403,0.0320804160714,24.0,0.036693130991,0.0744823616708,0.888697188729,0.913923948454,43.6837870455,239,
72.0,0.403,0.0230146541258,30.0,0.0322949736152,0.0718003436926,0.88896040627,0.91883932818,44.2828941054,239,
78.0,0.403,0.0538313481463,30.0,0.0608557734801,0.0885944787388,0.888896173262,0.883902492303,44.0582169034,239,
84.0,0.403,0.0454492107504,30.0,0.0530644434305,0.0836212802548,0.888435735032,0.894708110252,43.8485905816,239,
90.0,0.403,0.0292995884776,24.0,0.0357694228997,0.074551478198,0.885384782933,0.913383903838,43.1684898064,239,
96.0,0.403,0.124079337946,12.0,0.114142739258,0.129690630289,0.90358193817,0.794379647683,46.8072336693,239,
102.0,0.403,0.163647972499,0.0,0.155540207227,0.167330231955,0.903567602583,0.710852169215,46.6982138248,239,
108.0,0.403,0.151130365771,0.0,0.144356643744,0.157244695454,0.899982860786,0.731898496234,46.1382412566,239,
114.0,0.403,0.138704981186,6.0,0.126176393284,0.141218716117,0.899544199418,0.769066422163,45.2096032822,239,
120.0,0.403,0.11946574594,0.0,0.107712607205,0.124531040412,0.902555521582,0.806907236005,46.0073116618,239,
126.0,0.403,0.163770285442,6.0,0.153993459544,0.166467448686,0.898762186245,0.712686211924,45.3788961088,239,
