LeadTime (HRS), obsMax (m MSL), Peak (m), PLag (min), Bias(m), RMSD (m), RVal, Skil, VExp (%), nPts,
-0.0,1.031,0.557599393512,18.0,0.312008964915,0.364948924658,0.971069251886,0.932619952047,70.4552997428,240,
6.0,1.031,0.401601519676,54.0,0.157398836227,0.252491305011,0.967484304049,0.966133926344,69.1488446936,239,
12.0,1.031,nan,nan,nan,nan,nan,nan,nan,0,
18.0,1.031,0.442470542481,42.0,0.222747158088,0.275257045299,0.981331251695,0.960706213449,74.7684787616,239,
24.0,1.031,0.548171068193,48.0,0.285763441873,0.332453683805,0.978587781252,0.94374051716,73.4912062314,239,
30.0,1.031,0.364047079085,36.0,0.194257733442,0.253962578218,0.981125065293,0.9664251601,74.4755177215,239,
36.0,1.031,0.401702662556,42.0,0.252863727283,0.296319534369,0.983012180887,0.95470398221,75.8960096561,239,
42.0,1.031,0.374168287623,12.0,0.24081484126,0.282515129305,0.984888465457,0.958616725951,76.9503826785,239,
48.0,1.031,0.376788294483,30.0,0.248603654599,0.293483476261,0.982239637466,0.955409433315,75.6630304691,239,
54.0,1.031,0.345198452757,30.0,0.189436484707,0.23830956483,0.985444361193,0.970077432735,77.4402518327,239,
60.0,1.031,0.369990776597,54.0,0.238231686492,0.283286443516,0.983988656871,0.958577390255,76.0827402657,239,
66.0,1.031,0.441479416588,54.0,0.284534651732,0.323106773917,0.983671685814,0.946708401872,76.1127121813,239,
72.0,1.031,0.374889302487,60.0,0.238020068268,0.290660821536,0.98003212335,0.956495675648,73.9705949121,239,
78.0,1.031,0.360236933471,54.0,0.204249750687,0.267488883427,0.978909606689,0.963028235698,73.0505402237,239,
84.0,1.031,0.493831051078,54.0,0.261081110295,0.321353314893,0.977673389498,0.948591997438,70.7659863622,239,
90.0,1.031,0.548841178524,60.0,0.348002569102,0.389485922697,0.979099312064,0.925486857583,72.7089062362,239,
96.0,1.031,0.485354630238,30.0,0.334340631561,0.364655466423,0.98625232157,0.93319856298,77.2527126684,239,
102.0,1.031,0.434282236324,30.0,0.335859245027,0.362991024176,0.986044921846,0.932674685469,78.4823004414,239,
108.0,1.031,0.4972669999,36.0,0.334062756947,0.366508795781,0.984793507938,0.932561553462,76.4401931643,239,
114.0,1.031,0.573146692083,36.0,0.42922338935,0.45505134189,0.984111994773,0.899936314926,76.3841690322,239,
120.0,1.031,0.401826159558,42.0,0.301588025426,0.333533053165,0.985389978994,0.942751957998,77.7415697804,239,
126.0,1.031,0.477422752175,48.0,0.36992137681,0.394602134758,0.98580499381,0.921383706382,78.5345842886,239,
