LeadTime (HRS), obsMax (m MSL), Peak (m), PLag (min), Bias(m), RMSD (m), RVal, Skil, VExp (%), nPts,
-0.0,0.857,0.032473503403,18.0,0.291572926618,0.455332411216,0.959799992301,0.822939926205,48.5153432899,240,
6.0,0.857,0.0573683862442,0.0,0.271426423004,0.421638977004,0.966071527434,0.853926383234,52.5626464572,239,
12.0,0.857,nan,nan,nan,nan,nan,nan,nan,0,
18.0,0.857,0.0357611766261,-6.0,0.302057940586,0.437243927423,0.975838469071,0.843596738804,53.4780145403,239,
24.0,0.857,0.182727770296,0.0,0.377802166427,0.476875376427,0.96643404509,0.833704409886,57.1786095388,239,
30.0,0.857,0.0759413655065,0.0,0.337460761946,0.463032421803,0.977855859652,0.828902254973,53.344146543,239,
36.0,0.857,0.2066233579,12.0,0.433050327977,0.537522994805,0.953675325021,0.79373418057,53.1405683171,239,
42.0,0.857,0.166348683797,12.0,0.39541314586,0.498334674889,0.973319827596,0.817006409777,55.3684351289,239,
48.0,0.857,0.224303880754,6.0,0.415629219846,0.500902875121,0.972319811783,0.823849081829,58.8601427721,239,
54.0,0.857,0.136035601045,12.0,0.344931296873,0.457823386423,0.971047808564,0.83889005866,55.6999025699,239,
60.0,0.857,0.173144166207,6.0,0.380285138883,0.507552696718,0.94234727672,0.803167179065,50.5339558031,239,
66.0,0.857,0.09595882022,0.0,0.284270429326,0.408991845883,0.974477818596,0.867523857899,56.7286142946,239,
72.0,0.857,0.086782999956,0.0,0.359532975919,0.47904144386,0.978871632186,0.821151690959,53.4144050524,239,
78.0,0.857,0.0467267429414,-6.0,0.275796274396,0.419284244349,0.959902148767,0.85669996372,53.5263475798,239,
84.0,0.857,0.257240276528,12.0,0.371450791136,0.474616010272,0.951267023238,0.836909940309,56.5239097885,239,
90.0,0.857,0.220918980063,6.0,0.356942892935,0.461657362601,0.956810314592,0.843143165963,56.9155266812,239,
96.0,0.857,0.318465601209,24.0,0.486190022813,0.573308268867,0.961939104094,0.782025187997,55.3331917523,239,
102.0,0.857,0.291105678487,24.0,0.413106861421,0.507298091707,0.956062475489,0.8186672871,56.7112608457,239,
108.0,0.857,0.435885379403,24.0,0.521360228282,0.590257870138,0.954594965181,0.786202920285,59.3125744207,239,
114.0,0.857,0.432703327789,30.0,0.528819777448,0.593383140201,0.960372123695,0.786041822095,60.4260868657,239,
120.0,0.857,0.575712354884,30.0,0.63108649071,0.683456316323,0.956182067824,0.754572005415,61.4248024653,239,
126.0,0.857,0.467311731214,24.0,0.60642218119,0.669955659202,0.95190148952,0.753906621285,58.1330646941,239,
