LeadTime (HRS), obsMax (m MSL), Peak (m), PLag (min), Bias(m), RMSD (m), RVal, Skil, VExp (%), nPts,
-0.0,1.476,0.236771645348,66.0,0.368562164761,0.449107216147,0.971048546408,0.950888441286,73.1204661082,240,
6.0,1.476,0.177973224615,54.0,0.178558628404,0.287445957254,0.977480127713,0.979068960583,76.3808246374,239,
12.0,1.476,nan,nan,nan,nan,nan,nan,nan,0,
18.0,1.476,0.12584946611,24.0,0.242046651833,0.312913071093,0.983377961745,0.97548363109,79.2168470512,239,
24.0,1.476,0.230512517776,12.0,0.322621767795,0.372268298368,0.98542430335,0.96563050801,80.5346166768,239,
30.0,1.476,0.120883813127,0.0,0.20626973425,0.278381382432,0.985199805926,0.980438439513,80.4080449119,239,
36.0,1.476,0.15040486065,0.0,0.228036160194,0.293923793019,0.985432424182,0.97824338982,80.5651586002,239,
42.0,1.476,0.187193240936,0.0,0.237085513019,0.295611456179,0.987036161409,0.978021685321,81.4956096939,239,
48.0,1.476,0.173166526313,0.0,0.245469176706,0.30329595454,0.986714953322,0.976878804847,81.331122425,239,
54.0,1.476,0.0997420300665,6.0,0.186204064773,0.261387271779,0.986036646521,0.982752211563,80.7752050581,239,
60.0,1.476,0.109723734054,12.0,0.205997392769,0.277960973458,0.985345380261,0.980515281072,80.4421622065,239,
66.0,1.476,0.237033684899,18.0,0.307530850816,0.3575235773,0.986404539806,0.968338562137,80.8908018913,239,
72.0,1.476,0.176160898954,18.0,0.237444204019,0.297784034311,0.986555670065,0.977718566676,81.1664578581,239,
78.0,1.476,0.220516819766,18.0,0.284778133693,0.342545874999,0.985162345305,0.970896459648,80.0497149711,239,
84.0,1.476,0.210983547943,18.0,0.256849719879,0.311973249799,0.987170523062,0.97565161985,81.4425828774,239,
90.0,1.476,0.351357761753,18.0,0.416650982652,0.45838485171,0.984936617816,0.949193427204,79.9729168678,239,
96.0,1.476,0.33891693026,6.0,0.387020344962,0.400679617979,0.994733821077,0.958954403389,89.1238504968,239,
102.0,1.476,0.340095828273,6.0,0.393334022677,0.412669729155,0.99228141207,0.956621427291,86.9103052957,239,
108.0,1.476,0.272720773984,6.0,0.32856504408,0.353916835273,0.991764085627,0.967919625296,86.2078856115,239,
114.0,1.476,0.440560436145,6.0,0.47893639203,0.494720739355,0.992592297967,0.939260579938,87.0013783688,239,
120.0,1.476,0.31478787375,6.0,0.357923087961,0.379399833411,0.992573323569,0.963376487599,86.8054657176,239,
126.0,1.476,0.399045348964,6.0,0.460924115808,0.482115755523,0.990136619772,0.941969346786,85.1772674789,239,
