LeadTime (HRS), obsMax (m MSL), Peak (m), PLag (min), Bias(m), RMSD (m), RVal, Skil, VExp (%), nPts,
-0.0,0.645,0.072336709586,726.0,0.0255010709527,0.0513456114168,0.990728556498,0.993020218848,85.1500577743,240,
6.0,0.645,0.0590196981449,720.0,0.0279846158896,0.0543687065737,0.989895144058,0.992162529323,84.427887571,239,
18.0,0.645,0.0202014875356,720.0,-0.000421511049918,0.0438522356103,0.99149278302,0.994915298873,85.351013532,239,
24.0,0.645,0.014019432759,720.0,-0.0111512893342,0.0466022940762,0.990890020542,0.994262684706,84.8839038848,239,
30.0,0.645,0.00630798348454,720.0,-0.0101189157292,0.043863896785,0.991594302639,0.994878595007,85.7416835008,239,
42.0,0.645,0.15418938552,720.0,0.153794519989,0.160791608672,0.988249925185,0.933760387564,84.3265581766,239,
48.0,0.645,0.144403599641,720.0,0.150898573149,0.158945234105,0.986368608771,0.93452144829,83.3192657191,239,
54.0,0.645,0.153834810974,-708.0,0.166921594125,0.176897185389,0.981022132861,0.91952747663,80.4354428086,239,
66.0,0.645,0.106159379187,720.0,0.135293698132,0.144440325055,0.985817740766,0.9447944304,83.1050016657,239,
72.0,0.645,0.118117571997,720.0,0.133037392889,0.142347099372,0.986061908304,0.946862311618,83.088086083,239,
78.0,0.645,0.142046522784,726.0,0.150021889276,0.161375851563,0.980427607436,0.931895365698,80.1396692288,239,
90.0,0.645,0.180598323707,720.0,0.168858980966,0.175026138204,0.988133980904,0.920748229314,84.6183038804,239,
96.0,0.645,0.169030272809,726.0,0.16658430985,0.172320237861,0.98919924398,0.923461665162,85.2736347011,239,
102.0,0.645,0.193829888354,720.0,0.148741336467,0.154766402899,0.990010446487,0.937812132066,85.7169541682,239,
