LeadTime (HRS), obsMax (m MSL), Peak (m), PLag (min), Bias(m), RMSD (m), RVal, Skil, VExp (%), nPts,
-0.0,1.493,0.0575783497674,6.0,-0.00633638474773,0.110077178272,0.991030245887,0.995091591134,86.311575679,240,
6.0,1.493,0.0717796433779,6.0,0.156029478513,0.185450415879,0.994184347918,0.985741901574,87.4931760769,239,
12.0,1.493,nan,nan,nan,nan,nan,nan,nan,0,
18.0,1.493,0.0668917243795,6.0,0.11280215793,0.140549501753,0.99824547495,0.991671099386,89.5649160134,239,
24.0,1.493,-0.0926619457854,0.0,0.00150611482875,0.0842262070495,0.998588349407,0.99698020129,89.5190376221,239,
30.0,1.493,0.0228662715495,6.0,0.136290916117,0.158658505435,0.998708957291,0.989406104571,89.891034167,239,
36.0,1.493,-0.154361349163,6.0,-0.0375958748204,0.0896322993901,0.998872376452,0.996586889108,89.8732815438,239,
42.0,1.493,-0.0607270471357,0.0,0.0433618998503,0.0887817263019,0.998832281984,0.996672766935,90.3579537693,239,
48.0,1.493,-0.185058058758,6.0,-0.0592523394927,0.102665440829,0.998720371498,0.995516634867,89.5652742082,239,
54.0,1.493,-0.10407307958,0.0,0.0331771826485,0.0890530546734,0.998783886053,0.996627049252,89.714513259,239,
60.0,1.493,-0.251526124958,6.0,-0.102422186963,0.134215885704,0.998447075026,0.99234838218,89.2046630747,239,
66.0,1.493,-0.217862354874,12.0,-0.0664785377378,0.106894052487,0.998658656214,0.99514561113,89.5819211455,239,
72.0,1.493,-0.27962517907,6.0,-0.129508727469,0.156037307378,0.998253796546,0.9897017103,89.1677560425,239,
78.0,1.493,-0.309061399478,6.0,-0.148636075378,0.172188559485,0.998421188329,0.987470583953,89.181287541,239,
84.0,1.493,-0.312954453463,6.0,-0.163573145548,0.185245082166,0.998565706442,0.985508222856,89.1788900269,239,
90.0,1.493,-0.349445399844,6.0,-0.182322188642,0.202319145392,0.998367696215,0.982777307606,89.0847598817,239,
96.0,1.493,-0.33863361141,0.0,-0.166844439396,0.19074258777,0.998036224131,0.98459248581,88.4947418369,239,
102.0,1.493,-0.420782103981,12.0,-0.228634612641,0.24589002218,0.998100239238,0.974811045483,88.7544239001,240,
108.0,1.493,-0.304123482017,12.0,-0.145774036121,0.17193948407,0.998238717834,0.987375360435,88.6232517196,239,
114.0,1.493,-0.299138304135,12.0,-0.201776542455,0.218147586853,0.998105434332,0.980137722248,89.6543013981,239,
120.0,1.493,-0.207238530879,12.0,-0.0620117618541,0.102110656356,0.998501271704,0.995569834302,89.8775330562,239,
126.0,1.493,-0.358441396629,12.0,-0.231461396595,0.245164140799,0.998154887653,0.975127065052,89.9160973807,239,
