LeadTime (HRS), obsMax (m MSL), Peak (m), PLag (min), Bias(m), RMSD (m), RVal, Skil, VExp (%), nPts,
-0.0,1.292,0.346992892019,-96.0,0.175214145569,0.333440136559,0.957108803003,0.969781287356,70.9673574749,240,
6.0,1.292,0.192878114557,-78.0,0.0619128536449,0.279534392119,0.960386566972,0.978570528521,72.1118208302,239,
12.0,1.292,nan,nan,nan,nan,nan,nan,nan,0,
18.0,1.292,0.21005396605,-54.0,0.0782660386845,0.311809488166,0.951179669932,0.973116961196,69.0832520111,239,
24.0,1.292,0.315356246579,-84.0,0.170750814269,0.348177638195,0.950779500479,0.966859320859,68.9187132779,239,
30.0,1.292,0.1690469715,-72.0,0.0248156937956,0.301754638059,0.951517239074,0.974771246694,69.1953705725,239,
36.0,1.292,0.184518585215,-78.0,0.0465570316918,0.298665287475,0.953344074545,0.975281396549,69.7811052861,239,
42.0,1.292,0.214426470006,-78.0,0.075623004925,0.306674788948,0.952620706891,0.9739096743,69.5567392273,239,
48.0,1.292,0.326310205546,-72.0,0.180845944094,0.350507318237,0.951884859699,0.966556747907,69.2447844932,239,
54.0,1.292,0.164216729927,-60.0,0.00914042153787,0.295673616223,0.953363385316,0.976002407254,69.7280385463,239,
60.0,1.292,0.271718241909,-72.0,0.117563338948,0.320855414458,0.952400489408,0.971810114871,69.4197948123,239,
66.0,1.292,0.280518748339,-72.0,0.124755477742,0.324053703159,0.952240482694,0.971266792146,69.364978406,239,
72.0,1.292,0.400715904184,-66.0,0.239058375224,0.381311162104,0.953006177902,0.960841797499,69.5707511049,239,
78.0,1.292,0.193527521861,-72.0,0.0406264316928,0.29835217873,0.953404892427,0.975623706829,69.7238491885,239,
84.0,1.292,0.369200512115,-60.0,0.209182728253,0.364980657802,0.952313720784,0.963924654818,69.3638493155,239,
90.0,1.292,0.40661536351,-54.0,0.227971127292,0.376272817999,0.952268101987,0.961789326152,69.3369879583,239,
96.0,1.292,0.497165578483,-54.0,0.326223013488,0.443302860999,0.952157919254,0.947970306624,69.254023111,239,
102.0,1.292,0.296263103189,-66.0,0.131579636566,0.323021115859,0.953568232382,0.971528820998,69.7732681952,240,
108.0,1.292,0.454203688258,-66.0,0.280615022548,0.40551705776,0.954583440082,0.956259195697,70.050054594,239,
114.0,1.292,0.508595176623,-66.0,0.319600021763,0.436393951842,0.95343677483,0.949952219159,69.5997806013,239,
120.0,1.292,0.555334513534,-60.0,0.380498997852,0.481014007747,0.954112300909,0.939534662877,69.8939489461,239,
126.0,1.292,0.355503992761,-60.0,0.189583225179,0.347339904269,0.954959048726,0.967369628373,70.2246175152,239,
