LeadTime (HRS), obsMax (m MSL), Peak (m), PLag (min), Bias(m), RMSD (m), RVal, Skil, VExp (%), nPts,
-0.0,0.217,0.39326959687,204.0,0.302052233388,0.323477105972,0.960433214096,0.269911370642,0.0,240,
6.0,0.217,0.151354546226,-48.0,0.150102148023,0.150855423931,0.966201573566,0.438381757044,68.7015115424,239,
12.0,0.217,nan,nan,nan,nan,nan,nan,nan,0,
18.0,0.217,0.170873145219,-84.0,0.161256794141,0.162628331156,0.962143645502,0.422906644902,56.2424536085,239,
24.0,0.217,0.185138003887,-84.0,0.165666982349,0.167393124335,0.965472618183,0.418787361279,50.2201870541,239,
30.0,0.217,0.191634792746,-108.0,0.178024722709,0.17953840976,0.946840562895,0.391533940627,51.699891286,239,
36.0,0.217,0.206758293354,-66.0,0.18990127844,0.19097635761,0.966222183493,0.376829532119,57.988648399,239,
42.0,0.217,0.211010267224,-30.0,0.19113914122,0.192555208689,0.974726387828,0.378857917382,51.6063511441,239,
48.0,0.217,0.19973224943,-78.0,0.190794265335,0.191893089645,0.977172179603,0.376511878814,57.4264486167,239,
54.0,0.217,0.214839416974,-108.0,0.198977968824,0.200160446302,0.961921388349,0.362935609989,54.8963283391,239,
60.0,0.217,0.226035105289,-78.0,0.209991973052,0.211173565916,0.963459899228,0.34914674357,53.6858137398,239,
66.0,0.217,0.219038386572,-36.0,0.201310552517,0.202519949618,0.974773550478,0.363374978046,54.118488683,239,
72.0,0.217,0.223317072905,-42.0,0.201345496523,0.202713552414,0.97754872809,0.365566358008,51.1878392428,239,
78.0,0.217,0.24907205171,-48.0,0.218602113866,0.220586088601,0.976042502447,0.344823130216,38.7160012162,239,
84.0,0.217,0.22511253774,-24.0,0.200041475128,0.201803685281,0.97312234405,0.36821278594,44.7525910867,239,
90.0,0.217,0.25074666683,-60.0,0.21685630137,0.218861674217,0.955523808623,0.344587528363,38.6303003918,239,
96.0,0.217,0.26608352732,-60.0,0.234013664604,0.236132759614,0.949144159599,0.322927402734,34.4691989283,239,
102.0,0.217,0.260562830974,-78.0,0.231483790682,0.233359971564,0.941450707445,0.322884610257,38.5610167073,240,
108.0,0.217,0.245170933681,-48.0,0.219083247831,0.220970911079,0.947843693607,0.337734111934,40.0886627788,239,
114.0,0.217,0.252536498101,-78.0,0.221965737198,0.223999186343,0.941125055972,0.334059157406,37.4019655858,239,
120.0,0.217,0.250347876539,-78.0,0.224868587679,0.226426540973,0.948758892901,0.33056992527,44.8810129381,239,
126.0,0.217,0.233850482526,-60.0,0.222064566402,0.223165769843,0.94601019086,0.329380116383,53.9722397792,239,
