LeadTime (HRS), obsMax (m MSL), Peak (m), PLag (min), Bias(m), RMSD (m), RVal, Skil, VExp (%), nPts,
-0.0,4.805,0.291835498514,12.0,1.24388068295,1.67845384131,0.946790724237,0.908529256562,63.3470831675,239,
6.0,4.805,-0.115618149324,12.0,0.930167419183,1.50366923961,0.945331907515,0.92362722569,61.8659911779,240,
12.0,4.805,0.310232861297,12.0,1.29055769997,1.75745938687,0.940273871919,0.900259446785,61.4946772172,240,
18.0,4.805,0.147027120555,12.0,1.11870929604,1.63317029758,0.940475278573,0.912513453621,61.5947769712,240,
24.0,4.805,0.248167844429,12.0,1.22546293437,1.72743764673,0.936274860365,0.902840547882,60.7025218982,240,
30.0,4.805,-0.0334448582575,12.0,0.989876920168,1.57253126111,0.936906444273,0.917223660629,60.5607182158,240,
36.0,4.805,0.100298563589,12.0,1.12189871321,1.67334362095,0.933746785775,0.907185992097,59.9262350926,240,
42.0,4.805,0.0459954006262,12.0,1.05843214742,1.61063973269,0.937650761818,0.913913687898,60.8140240978,240,
48.0,4.805,0.0162503795896,12.0,1.04460442752,1.62475481906,0.934010176889,0.911589810233,59.8326522772,240,
54.0,4.805,-0.0863010727322,12.0,0.953009277963,1.56232479639,0.935232818256,0.91761189732,60.0406601515,240,
60.0,4.805,-0.160409829158,12.0,0.89182158109,1.55572466796,0.930654225113,0.917102705338,58.854992514,240,
66.0,4.805,-0.107671358759,6.0,0.930211606453,1.55314382965,0.934557255335,0.918294103529,59.8542858202,240,
72.0,4.805,-0.265998498091,6.0,0.791841148215,1.50678185969,0.930354683625,0.921318770187,58.6221198836,240,
78.0,4.805,-0.177039600188,6.0,0.87219158285,1.5316918712,0.933223271943,0.919671653842,59.3590784507,240,
84.0,4.805,-0.377365610703,6.0,0.700892290511,1.47368329881,0.928942884984,0.923854873686,58.1574992478,240,
90.0,4.805,-0.202179193283,6.0,0.840879357213,1.5135250962,0.933488945541,0.921342202592,59.3806395489,240,
96.0,4.805,-0.487087860067,6.0,0.587870137523,1.43717900793,0.927193085356,0.926734089821,57.6698349409,240,
102.0,4.805,-0.225468611517,6.0,0.822622566052,1.51999233865,0.930498820072,0.920293440223,58.7445471356,240,
108.0,4.805,-0.574900546143,6.0,0.505484663927,1.40987398806,0.927202217806,0.928945477181,57.518277702,240,
114.0,4.805,-0.344715835352,6.0,0.711974835421,1.46951270801,0.930252226073,0.924587425948,58.5067080376,240,
120.0,4.805,-0.678357729584,0.0,0.404446842416,1.39058024722,0.925646110157,0.930213417918,57.0559809268,240,
126.0,4.805,-0.366323897359,6.0,0.688339858845,1.47384520633,0.927619139929,0.923753304884,57.9350523493,240,
