LeadTime (HRS), obsMax (m MSL), Peak (m), PLag (min), Bias(m), RMSD (m), RVal, Skil, VExp (%), nPts,
-0.0,0.223,0.0219182402447,-6.0,-0.0150904429742,0.0272056117148,0.968924712606,0.960302783735,62.7989993192,240,
6.0,0.223,0.0219651227849,0.0,-0.0147886902645,0.0267311488992,0.978515941991,0.962945121151,63.4039868354,239,
12.0,0.223,-0.011309218714,-24.0,-0.0322362582332,0.03760759957,0.979709840726,0.926568367782,68.1679537866,239,
18.0,0.223,-0.0106618315571,-666.0,-0.0365613810008,0.0482588828999,0.92332468489,0.882455574733,48.2327085098,239,
24.0,0.223,-0.0293623265854,-6.0,-0.0485298884215,0.0544870926928,0.973724064346,0.865045025407,59.286848004,239,
30.0,0.223,-0.0389655655659,0.0,-0.0567159693996,0.0622050255669,0.969084591538,0.830610223016,58.0108410724,239,
36.0,0.223,-0.0531382810846,-672.0,-0.0653453322672,0.0693436398168,0.959634279323,0.786447148872,61.8615368231,239,
42.0,0.223,-0.0458971939808,-672.0,-0.0650462860081,0.0712984755129,0.950421363886,0.788557172761,52.0162300893,239,
48.0,0.223,-0.0547122870636,-6.0,-0.0715603157434,0.0746546624268,0.975175144238,0.768433281367,65.042570727,239,
54.0,0.223,-0.0625454435786,-12.0,-0.0905826835722,0.0946477257527,0.98085084367,0.701759641752,54.9029906224,239,
60.0,0.223,-0.0460971280855,-6.0,-0.0795771713201,0.0833828988369,0.988382511446,0.748336231591,59.0721889582,239,
66.0,0.223,-0.0448031531933,-12.0,-0.0738786433739,0.0788519218824,0.975927104002,0.766446677377,54.7057116012,239,
72.0,0.223,-0.0398205728729,0.0,-0.0608941458621,0.0651546232474,0.972620822167,0.814232250014,61.9163648538,240,
78.0,0.223,-0.0378485416768,-12.0,-0.0532167379614,0.0598616505374,0.95513118719,0.837899237982,54.9469703112,239,
84.0,0.223,-0.0426239805797,-12.0,-0.0726850041651,0.0797807325528,0.941049783627,0.755351356877,45.9402316789,239,
90.0,0.223,-0.0452048520767,-6.0,-0.0644414821941,0.0681278056427,0.971320319252,0.797779046019,63.6664576735,239,
96.0,0.223,-0.0732800397853,-6.0,-0.104179014792,0.107080195383,0.985448094232,0.653213812902,59.3102737712,239,
102.0,0.223,-0.0960021707983,762.0,-0.120275411179,0.124121511508,0.971402602429,0.601303379573,49.6096086341,239,
