LeadTime (HRS), obsMax (m MSL), Peak (m), PLag (min), Bias(m), RMSD (m), RVal, Skil, VExp (%), nPts,
-0.0,0.828,-0.161198418471,-12.0,-0.182181117346,0.187268581573,0.994453448389,0.95060143312,89.4359126395,240,
6.0,0.828,-0.151750432242,-6.0,-0.16393539033,0.169263000311,0.994715032253,0.958938860552,89.730826199,239,
12.0,0.828,-0.199681799223,-6.0,-0.214779846812,0.218578681854,0.995099758151,0.933636328762,90.1106730233,239,
18.0,0.828,-0.194954355901,-6.0,-0.196753726307,0.200720532401,0.995308081037,0.94341256262,90.3218391756,239,
24.0,0.828,-0.255501062035,-6.0,-0.247043066532,0.250496448171,0.994887001251,0.914929520898,89.8969169816,239,
30.0,0.828,-0.25437181399,-12.0,-0.246805634913,0.250256883154,0.994904533764,0.915286506778,89.9048807918,239,
36.0,0.828,-0.259613443568,-18.0,-0.248588303922,0.25306631184,0.993397808822,0.913915166869,88.4478537188,239,
42.0,0.828,-0.225690327081,-30.0,-0.219879663968,0.223077686115,0.995827279627,0.931649198467,90.8264055992,239,
48.0,0.828,-0.259858040957,-24.0,-0.245918587772,0.248820767512,0.995726334296,0.915923415682,90.7643338201,239,
54.0,0.828,-0.278605777959,-18.0,-0.254272434736,0.256286344243,0.996963210754,0.910887303153,92.1844293219,239,
60.0,0.828,-0.120019555208,-18.0,-0.102896121543,0.106817646327,0.997590408206,0.983127736189,93.0102957793,239,
66.0,0.828,-0.101937729847,-12.0,-0.0917954649632,0.0977382557768,0.996696649576,0.98606147199,91.8199433651,239,
72.0,0.828,-0.0420521647525,-12.0,-0.0390354746325,0.0520297706769,0.996541854717,0.996014354729,91.6178321992,240,
78.0,0.828,-0.0343336128427,-24.0,-0.0316223447031,0.0476184057925,0.996270211568,0.996652088137,91.3277522078,239,
84.0,0.828,0.012352261841,-12.0,0.0064017492232,0.0408510370637,0.995283815584,0.99754631843,90.1722365073,239,
90.0,0.828,0.036446814315,-6.0,0.025992538017,0.0572879499773,0.99236001906,0.99515792078,87.5645121233,239,
96.0,0.828,0.0148628166863,-6.0,0.0119496533525,0.0566728821941,0.990981509028,0.995249184622,86.5056858313,239,
102.0,0.828,-0.0502820435746,0.0,-0.0563183956753,0.0829940545808,0.989252137736,0.989931502112,85.1507881061,239,
