LeadTime (HRS), obsMax (m MSL), Peak (m), PLag (min), Bias(m), RMSD (m), RVal, Skil, VExp (%), nPts,
-0.0,1.13,-0.0966883935495,0.0,-0.122307304866,0.141637135479,0.994265456166,0.988336744866,88.9509856827,239,
6.0,1.13,-0.0470518832364,0.0,-0.077867633423,0.106265692478,0.994062404768,0.993384461093,88.8142842034,239,
12.0,1.13,-0.103740191898,0.0,-0.127758356707,0.146267074076,0.994279215998,0.987562493745,88.9836722228,239,
18.0,1.13,-0.0968735373447,0.0,-0.11246912872,0.130624834798,0.994886009022,0.989987627017,89.7234601214,239,
24.0,1.13,-0.133604151727,0.0,-0.137882807784,0.152531388732,0.995011816386,0.986352624708,89.9107251819,239,
30.0,1.13,-0.112170895714,0.0,-0.134192271422,0.148829725902,0.995210627046,0.987051134278,90.0437423375,239,
36.0,1.13,-0.0134565110797,-6.0,-0.0356820837626,0.0831883132247,0.993531452577,0.995925984043,88.3757379863,239,
42.0,1.13,-0.0158475478435,-6.0,-0.037488404057,0.083611658405,0.993573874458,0.995879663085,88.4392660251,239,
48.0,1.13,0.0321264879402,-6.0,0.0061660837843,0.0788071760573,0.99296710397,0.996347456778,87.8469418602,239,
54.0,1.13,-0.0186442074858,-6.0,-0.046196279174,0.0885381684574,0.993497729486,0.995393752792,88.3163727727,239,
60.0,1.13,0.192617334366,0.0,0.157267579326,0.177952830552,0.992241769319,0.981755673866,87.1190207926,239,
66.0,1.13,0.207123848226,0.0,0.149177675253,0.169766537306,0.992939865161,0.983495076068,87.4649293,239,
72.0,1.13,0.273578694886,0.0,0.239204302949,0.253595058641,0.992202927862,0.963833530416,86.9734286869,239,
78.0,1.13,0.162000263634,0.0,0.13399150894,0.155505801448,0.993014578415,0.985991173867,87.7921536654,239,
84.0,1.13,0.343604854089,0.0,0.307528045249,0.31721778533,0.993317997144,0.944591807382,87.9645869426,239,
90.0,1.13,0.26033561992,-6.0,0.232794782672,0.246629281567,0.992628063237,0.965635117746,87.4021949323,239,
96.0,1.13,nan,nan,nan,nan,nan,nan,nan,0,
102.0,1.13,0.245333687836,-6.0,0.214597658949,0.237257139547,0.988409667121,0.96784773432,84.3018618265,239,
108.0,1.13,0.270257838096,0.0,0.221601870081,0.245144241593,0.987635614775,0.965808882762,83.7374299061,239,
114.0,1.13,0.128455822501,-6.0,0.114945282866,0.14702309544,0.990341675952,0.987325435707,85.7783321532,239,
120.0,1.13,0.228015870642,-12.0,0.201837013768,0.222362892171,0.990144747975,0.971638212086,85.5236230716,239,
126.0,1.13,0.0222233229878,-12.0,0.00251166858508,0.0945794190501,0.989744115287,0.994713946042,85.3321259617,239,
