LeadTime (HRS), obsMax (m MSL), Peak (m), PLag (min), Bias(m), RMSD (m), RVal, Skil, VExp (%), nPts,
-0.0,0.436,0.840458500192,-1224.0,0.912211307054,0.91317738791,0.815552029604,0.0752812825133,6.51665378294,239,
6.0,0.436,0.840346605715,-1224.0,0.913226441138,0.914179183979,0.851447139029,0.0752345420777,7.11295244385,239,
12.0,0.436,0.84600343639,60.0,0.918187798515,0.9190966708,0.923612737152,0.0749467400296,9.03182852675,239,
18.0,0.436,0.852451689205,6.0,0.926994657373,0.92793384001,0.943928581074,0.0742075879076,7.08444031691,239,
24.0,0.436,0.858398336119,0.0,0.932626766584,0.933541491127,0.943331773349,0.0738210685393,8.02487262077,239,
30.0,0.436,0.851158789839,12.0,0.925229270399,0.926129304177,0.964695048892,0.0743925653078,9.12916717146,239,
36.0,0.436,0.84256615253,-30.0,0.918280111429,0.919235152012,0.886328567634,0.0748267220029,6.74412016551,239,
42.0,0.436,0.854308454409,30.0,0.923140237825,0.924021529057,0.807273202967,0.0747205329106,10.1822806957,239,
48.0,0.436,0.85696816385,72.0,0.925937988156,0.926856580459,0.611853479987,0.0744885845565,8.16148167089,239,
54.0,0.436,0.845445680632,84.0,0.917431143779,0.918301675619,0.923140395135,0.0750874623177,11.008833538,239,
60.0,0.436,0.847299808789,-972.0,0.920594350227,0.921520872878,0.829252588197,0.0747088133506,8.03210434267,239,
66.0,0.436,0.852094653818,66.0,0.924513193732,0.925418104113,0.911383111346,0.0744603817797,8.91844885882,239,
72.0,0.436,0.877283023718,78.0,0.94700807101,0.94783315801,0.927306486406,0.0729423200707,11.979036516,239,
78.0,0.436,0.860515588135,72.0,0.932352124934,0.933227983723,0.925624223368,0.0738974264289,10.0142314311,239,
84.0,0.436,0.874273114117,54.0,0.944844489737,0.945680451933,0.930532076326,0.0731043802776,11.5018162308,239,
90.0,0.436,0.882517042611,6.0,0.95685966477,0.957725437911,0.957784554384,0.0721058148284,9.36640117387,239,
96.0,0.436,nan,nan,nan,nan,nan,nan,nan,0,
102.0,0.436,0.898829219938,78.0,0.968602087422,0.969411692255,0.935152173899,0.0715799450393,12.0018671634,239,
108.0,0.436,0.896788145812,-1200.0,0.968940647233,0.969786798757,0.735672313867,0.0714045283357,10.0210479984,239,
114.0,0.436,0.900060822197,90.0,0.972157667243,0.972993458191,0.886258545035,0.0712678842654,10.4255836534,239,
120.0,0.436,0.923626778568,72.0,0.996360772606,0.997172614818,0.951339649725,0.0696672417574,10.6270584855,239,
126.0,0.436,0.915306275134,72.0,0.98626295868,0.987083746014,0.958748898491,0.0703619851294,10.5921809175,239,
