LeadTime (HRS), obsMax (m MSL), Peak (m), PLag (min), Bias(m), RMSD (m), RVal, Skil, VExp (%), nPts,
-0.0,0.217,0.211493577728,42.0,0.136629214733,0.143698421121,0.890003186804,0.647013512528,54.3426938051,239,
6.0,0.217,0.148628053989,-18.0,0.116391791355,0.122268941675,0.927002556227,0.702039630626,61.5880919154,239,
12.0,0.217,0.123324328773,6.0,0.121936010327,0.126479645214,0.94702912337,0.690076823728,65.5425455761,239,
18.0,0.217,0.115526544064,6.0,0.11506562425,0.119460970951,0.955258881085,0.706413068173,67.0705395698,239,
24.0,0.217,0.120446350138,6.0,0.13070774695,0.134508928545,0.957434749927,0.669197146998,67.4349522877,239,
30.0,0.217,0.0935243233668,42.0,0.106956183397,0.111607180238,0.958211023732,0.725908779138,67.2995520699,239,
36.0,0.217,0.106284888075,42.0,0.123084441886,0.12717034222,0.958632129656,0.685083971439,67.2035319931,239,
42.0,0.217,0.105742859752,12.0,0.123632788791,0.127717299778,0.958415999922,0.683745065216,67.1374278918,239,
48.0,0.217,0.12091506354,30.0,0.142668055009,0.146115481237,0.963055943121,0.642575676372,67.6387191678,239,
54.0,0.217,0.0992530423666,30.0,0.118402393682,0.122772764778,0.958479386881,0.694201120245,66.7020543285,239,
60.0,0.217,0.105428505186,30.0,0.124224439793,0.12806796686,0.961988896718,0.683257803395,68.0619013396,239,
66.0,0.217,0.10785399446,18.0,0.128041018954,0.131677403697,0.964717727176,0.675101648067,68.4805748462,239,
72.0,0.217,0.125056414814,18.0,0.143863926951,0.147410810174,0.957409625632,0.640623255327,67.033954708,239,
78.0,0.217,0.101280137392,36.0,0.122213275424,0.12651708683,0.957064431114,0.685300897165,66.4430088209,239,
84.0,0.217,0.102541579096,30.0,0.120160787993,0.124338089144,0.959862466975,0.691084339003,67.2223114893,239,
90.0,0.217,0.110861479951,36.0,0.132460701166,0.136655116112,0.95416544691,0.661878218091,65.541425714,239,
96.0,0.217,nan,nan,nan,nan,nan,nan,nan,0,
102.0,0.217,0.120634968224,30.0,0.136495362899,0.140657244999,0.950153323118,0.655490215667,65.2465377603,239,
108.0,0.217,0.071017987522,24.0,0.0881952215118,0.0945659029326,0.948565984873,0.778092718802,65.083672361,239,
114.0,0.217,0.0869482267464,24.0,0.107557513078,0.11244703182,0.954178879589,0.725507585615,66.4384052277,239,
120.0,0.217,0.0894128762716,24.0,0.108504498953,0.113216265415,0.956970387697,0.722569965133,66.9258442426,239,
126.0,0.217,0.0805208952085,30.0,0.0987017971671,0.10419067586,0.953120508926,0.746478154641,65.8517470562,239,
