LeadTime (HRS), obsMax (m MSL), Peak (m), PLag (min), Bias(m), RMSD (m), RVal, Skil, VExp (%), nPts,
-0.0,0.949,0.457966702806,0.0,0.379083003272,0.38875039048,0.989556188183,0.90368075324,85.5793415252,239,
6.0,0.949,0.502332639867,6.0,0.423241883181,0.431526521045,0.990039072967,0.884622442685,85.9074474417,240,
12.0,0.949,0.440633988183,12.0,0.366771009545,0.376349156951,0.990035728553,0.907779855022,85.8714058476,240,
18.0,0.949,0.562096616412,12.0,0.472176167536,0.479893252013,0.989783307835,0.863075165847,85.6454493055,240,
24.0,0.949,0.477545518023,6.0,0.39633575639,0.405679357929,0.989444250117,0.896042584418,85.5030346977,240,
30.0,0.949,0.511171630088,6.0,0.432499360194,0.44106817422,0.98947833487,0.88023416105,85.5110381289,240,
36.0,0.949,0.468912501401,12.0,0.393986528658,0.403532438054,0.989281308462,0.896099040124,85.3880616084,240,
42.0,0.949,0.600339244406,6.0,0.50949489426,0.516845584755,0.989708425977,0.84658239075,85.4541714039,240,
48.0,0.949,0.51851689058,12.0,0.440946039872,0.449469771592,0.989409839426,0.87700191742,85.4105141885,240,
54.0,0.949,0.546940516632,6.0,0.473213523221,0.481576933676,0.988850908934,0.861782421723,85.0350796821,240,
60.0,0.949,0.517366597367,12.0,0.439712281051,0.448293325086,0.989292503298,0.876794365734,85.381372922,240,
66.0,0.949,0.640730684681,12.0,0.556419746687,0.563713567,0.989096921977,0.825013651777,84.8629566339,240,
72.0,0.949,0.583850349815,12.0,0.502642012021,0.510736407819,0.988962363858,0.849986332897,84.83275464,240,
78.0,0.949,0.593134538773,12.0,0.514434688443,0.522481924072,0.988639885371,0.843806036915,84.7023773644,240,
84.0,0.949,0.585540253836,12.0,0.502991740497,0.51091911677,0.989023143841,0.849129979244,84.9861078674,240,
90.0,0.949,0.69661231932,6.0,0.603301907324,0.610774544915,0.988489550471,0.804321677763,84.048973142,240,
96.0,0.949,0.665388872579,6.0,0.574817528287,0.582984093621,0.987949893134,0.817561301896,83.7158360772,240,
102.0,0.949,0.641790787436,12.0,0.561173316795,0.568817540772,0.988490366742,0.822717848093,84.4355838234,240,
108.0,0.949,0.632527020987,12.0,0.553644619641,0.561321315444,0.988854947833,0.827242286641,84.5066035648,240,
114.0,0.949,0.758662488497,12.0,0.656683478687,0.664085707638,0.98797517363,0.780038438979,83.4414086151,240,
120.0,0.949,0.737183874918,6.0,0.635694650543,0.643794222099,0.987313694792,0.789990675789,82.951822902,240,
126.0,0.949,0.683493356168,12.0,0.598540438156,0.605904831229,0.988738752489,0.806702767555,84.2278578058,240,
