LeadTime (HRS), obsMax (m MSL), Peak (m), PLag (min), Bias(m), RMSD (m), RVal, Skil, VExp (%), nPts,
-0.0,0.426,-0.0846785557218,-84.0,-0.0404270367063,0.15130479378,0.878000012695,0.914139237461,51.059717802,240,
6.0,0.426,-0.0485218838475,-78.0,-0.00372410313661,0.132579717892,0.907050385696,0.933770119837,55.5505741551,239,
18.0,0.426,-0.033201610967,-78.0,-0.0134014926092,0.134720198091,0.900925098812,0.933076955714,55.0392361822,239,
24.0,0.426,-0.0754633353038,-72.0,-0.0238271885645,0.130199419831,0.912693289604,0.937792165843,57.0688544192,239,
30.0,0.426,-0.0651552419889,-42.0,-0.0116217307047,0.114803763097,0.932034961074,0.953333915984,61.6928506509,239,
