LeadTime (HRS), obsMax (m MSL), Peak (m), PLag (min), Bias(m), RMSD (m), RVal, Skil, VExp (%), nPts,
-0.0,0.673,-0.030715913008,-48.0,-0.0817700867649,0.122178273315,0.981476341284,0.983202357475,80.6883552116,240,
6.0,0.673,-0.0802525727849,-48.0,-0.121921776149,0.163275551496,0.973874553578,0.970514530094,76.8813401825,239,
18.0,0.673,-0.059495836361,-42.0,-0.0964151086847,0.133930338097,0.980720865808,0.979968651051,80.2109035192,239,
24.0,0.673,0.0469036859279,-24.0,-0.0140274523004,0.0955066539909,0.980626468025,0.98984029575,79.8891506013,239,
30.0,0.673,-0.00380097253591,-30.0,-0.0720602261238,0.131056417619,0.974262743839,0.981066983316,76.6967179978,239,
