LeadTime (HRS), obsMax (m MSL), Peak (m), PLag (min), Bias(m), RMSD (m), RVal, Skil, VExp (%), nPts,
-0.0,1.192,-0.134797755875,24.0,-0.109147112623,0.142984590768,0.993386105743,0.99108787833,88.0358683223,240,
6.0,1.192,-0.257101580432,12.0,-0.185322473291,0.213183759297,0.992552353326,0.979880003606,86.3733320528,239,
18.0,1.192,-0.267363830544,12.0,-0.185885969824,0.210140039004,0.99498066779,0.980186146254,87.3256500151,239,
24.0,1.192,-0.159228324679,12.0,-0.0956664158952,0.131272637263,0.995434813587,0.992271151918,88.3751034177,239,
30.0,1.192,-0.291231180222,6.0,-0.217912568917,0.236686391954,0.994890577518,0.975366828288,88.0529105815,239,
