LeadTime (HRS), obsMax (m MSL), Peak (m), PLag (min), Bias(m), RMSD (m), RVal, Skil, VExp (%), nPts,
-0.0,0.12,-0.11121218727,276.0,-0.0985544036169,0.0989640423058,0.766357370506,0.266100942685,28.2646981032,232,
6.0,0.12,-0.0902321599749,126.0,-0.0917337490012,0.0930765528385,0.751351536361,0.287594726191,0.0,233,
12.0,0.12,-0.114505453397,240.0,-0.125709508651,0.126607925614,0.752768170281,0.220058827424,1.31442142885,233,
18.0,0.12,-0.139289388431,276.0,-0.13389367164,0.134335273254,0.767195390601,0.206242623537,22.1172731948,233,
24.0,0.12,-0.143559135514,276.0,-0.147822731029,0.148474986736,0.758424814927,0.190892090804,7.86013324036,233,
30.0,0.12,-0.146475276749,276.0,-0.150981209797,0.151609084837,0.759773436323,0.187986644833,3.2960461102,233,
36.0,0.12,-0.169849766605,168.0,-0.17021611255,0.170793742771,0.746608397444,0.16902902761,0.0,233,
42.0,0.12,-0.161505419091,276.0,-0.169002648265,0.16967156277,0.737358792915,0.170327475348,0.0,233,
48.0,0.12,-0.16447194537,114.0,-0.169363351829,0.170325948383,0.725785030616,0.170616321512,0.0,233,
54.0,0.12,-0.159991072403,84.0,-0.175945964151,0.176837870862,0.73663280536,0.166318280605,0.0,233,
60.0,0.12,-0.124241373875,60.0,-0.14211647621,0.143620526375,0.726283651648,0.200046787465,0.0,233,
66.0,0.12,-0.0952742565742,72.0,-0.128302798401,0.131467900593,0.718739204068,0.219593594992,0.0,233,
72.0,0.12,-0.0913557344287,72.0,-0.119062172915,0.122567507494,0.728017043247,0.234430015019,0.0,233,
78.0,0.12,-0.0733296149006,228.0,-0.119369301083,0.123524838476,0.725445548342,0.232890314791,0.0,233,
84.0,0.12,-0.0756193046944,66.0,-0.111435451773,0.116124612118,0.749040675001,0.247569033253,0.0,233,
90.0,0.12,-0.0765704217306,60.0,-0.100364814538,0.104415361916,0.726090360283,0.266854326401,0.0,233,
96.0,0.12,-0.0605781357513,-96.0,-0.0784853371747,0.0854911314884,0.658733410719,0.311844382947,0.0,233,
102.0,0.12,-0.0884289072603,-306.0,-0.101075994121,0.105606194699,0.22553525212,0.233697750933,0.0,233,
108.0,0.12,-0.134678590729,66.0,-0.172225693413,0.175281831808,0.738586437989,0.172611294705,0.0,233,
114.0,0.12,-0.131571260402,42.0,-0.159361311721,0.163336462596,0.715280045322,0.184435074223,0.0,233,
120.0,0.12,-0.15123017607,246.0,-0.197136299834,0.199051421106,0.691883423504,0.15062515087,0.0,233,
126.0,0.12,-0.224862407916,276.0,-0.250172104284,0.250384845532,0.714812687311,0.118920258177,0.0,233,
