LeadTime (HRS), obsMax (m MSL), Peak (m), PLag (min), Bias(m), RMSD (m), RVal, Skil, VExp (%), nPts,
-0.0,0.394,-0.0844459324534,66.0,-0.0556048897429,0.0652499585454,0.70548474489,0.604558192942,24.6918283951,240,
6.0,0.394,-0.0818122136351,66.0,-0.0593428764066,0.0662277548664,0.766919986455,0.603532401677,34.6678788475,239,
12.0,0.394,-0.0766842071137,102.0,-0.060221609212,0.064185088114,0.870266758021,0.633680247023,50.66050083,239,
18.0,0.394,-0.0786085536682,60.0,-0.0562695881862,0.0612021471815,0.846495113335,0.637611625035,46.5143328435,239,
24.0,0.394,-0.0735455414683,48.0,-0.0571866215874,0.0612005130849,0.87735527371,0.656771869924,51.9168989812,240,
30.0,0.394,-0.0721335288238,108.0,-0.0551891282146,0.0593644285239,0.87728114625,0.666698194824,51.8156512416,239,
36.0,0.394,-0.0229473587049,108.0,-0.00970109643057,0.0242912737402,0.871352946177,0.916968327638,50.9342033729,239,
42.0,0.394,0.0301900133347,108.0,0.0282263252552,0.0360133631819,0.884303204054,0.86323836053,50.7228361874,239,
48.0,0.394,0.043641931812,108.0,0.0403161092936,0.0462581164077,0.882756368852,0.803049039763,50.028919798,239,
54.0,0.394,0.033955542108,108.0,0.0364368020986,0.0418792395744,0.901705549642,0.829303333007,54.5137709043,239,
