LeadTime (HRS), obsMax (m MSL), Peak (m), PLag (min), Bias(m), RMSD (m), RVal, Skil, VExp (%), nPts,
-0.0,0.412,0.342721219909,-342.0,0.354718840498,0.355596105209,0.762493171316,0.15649160712,32.9996511417,240,
6.0,0.412,0.340733110566,-270.0,0.358357209677,0.359611744942,0.591086199748,0.152357805076,19.3312365984,239,
12.0,0.412,0.320869029497,-144.0,0.34029116054,0.341865890012,0.479333546817,0.158386686387,11.9039788673,239,
18.0,0.412,0.318897636181,-126.0,0.338419005715,0.340097972076,0.44125791869,0.15959071006,9.27802692151,239,
24.0,0.412,0.302058257035,-120.0,0.335590214591,0.337253027982,0.440663897607,0.161119689231,10.2230261981,240,
30.0,0.412,0.299215554827,-258.0,0.333016672974,0.33475717917,0.406911342394,0.161816051448,8.63888557633,239,
36.0,0.412,0.324470708988,-270.0,0.338833850683,0.340748822281,0.333919206776,0.159161045026,3.32566035013,239,
42.0,0.412,0.354704085741,48.0,0.346295540173,0.347765081181,0.550601192719,0.161126610168,14.4148425363,239,
48.0,0.412,0.34648456349,54.0,0.351630322937,0.353542222999,0.307047438582,0.155530684734,1.60133902139,239,
54.0,0.412,0.362721780969,48.0,0.369535010233,0.371588431967,0.217908520571,0.148431901345,0.0,239,
