LeadTime (HRS), obsMax (m MSL), Peak (m), PLag (min), Bias(m), RMSD (m), RVal, Skil, VExp (%), nPts,
-0.0,1.464,0.953105454935,-12.0,0.909279599398,0.91255234267,0.994772574436,0.748059212654,89.7426391244,240,
6.0,1.464,0.892425236974,-12.0,0.851533682352,0.854750067868,0.995158453595,0.768558655701,90.1652320251,239,
12.0,1.464,0.99882648801,-12.0,1.01344135587,1.01513000426,0.996977014952,0.711820684276,92.2300325103,239,
18.0,1.464,0.966386538278,18.0,0.9424684533,0.944255239382,0.997058681891,0.736796257521,92.2919437697,239,
24.0,1.464,1.07277042114,18.0,1.06045389634,1.06216443974,0.99685543005,0.698490326818,91.9956049543,240,
30.0,1.464,1.00445663382,18.0,1.01746996388,1.01932550424,0.996681245833,0.711071118551,91.8249106155,239,
36.0,1.464,0.950483678139,18.0,0.960222573454,0.961941897149,0.997080511193,0.729827339766,92.3553484511,239,
42.0,1.464,0.833585806181,24.0,0.845190559481,0.847622700914,0.996377871442,0.771564230405,91.467377403,239,
48.0,1.464,0.886703551593,18.0,0.89095863295,0.893280593681,0.996333527317,0.753950312625,91.4407132816,239,
54.0,1.464,0.904395731158,18.0,0.888968923202,0.891152292348,0.996598209654,0.755742301123,91.7096670978,239,
