LeadTime (HRS), obsMax (m MSL), Peak (m), PLag (min), Bias(m), RMSD (m), RVal, Skil, VExp (%), nPts,
-0.0,1.475,0.122329549491,42.0,0.105554753203,0.205707003342,0.973649054893,0.981848315278,77.1876324849,240,
6.0,1.475,-0.00859178242597,42.0,-0.0260857944369,0.167760359444,0.976928704031,0.988008047841,78.6180619503,239,
12.0,1.475,0.187571172885,42.0,0.241834628785,0.275995712984,0.985238266757,0.968819542247,82.8394146123,239,
18.0,1.475,0.0878544501773,42.0,0.154976385384,0.197479983713,0.987462828692,0.983718328734,84.2079663935,239,
24.0,1.475,0.315513240099,36.0,0.322290954217,0.342940127526,0.988468188918,0.952425372797,84.8569023444,240,
30.0,1.475,0.277380615333,30.0,0.309318474682,0.327138406231,0.990546302902,0.956186714035,86.2385513882,239,
36.0,1.475,0.281004346312,18.0,0.294225048145,0.305879851231,0.994448076122,0.961211246038,89.1933098315,239,
42.0,1.475,0.189542030744,18.0,0.174563478663,0.195475361502,0.993551126666,0.983986532986,88.6329736176,239,
48.0,1.475,0.32710760538,18.0,0.25791404642,0.275651411158,0.992087146983,0.968654023618,87.4291383924,239,
54.0,1.475,0.258724283261,18.0,0.178585219977,0.203386839732,0.992095074263,0.982918102731,87.4228435101,239,
