LeadTime (HRS), obsMax (m MSL), Peak (m), PLag (min), Bias(m), RMSD (m), RVal, Skil, VExp (%), nPts,
-0.0,0.695,0.0582979384443,-24.0,-0.0180828669225,0.070757748486,0.984761777447,0.991685736849,82.2455342257,240,
6.0,0.695,0.0723596551206,-18.0,0.0323034587267,0.0656834768362,0.989301851061,0.992842753745,85.1786838124,239,
12.0,0.695,0.0438722554539,-24.0,0.0126187903093,0.0544786475309,0.990833678154,0.995073710881,86.2655510292,239,
18.0,0.695,0.0465875782827,-18.0,0.0197305201753,0.0555725720452,0.991200860032,0.994877709845,86.5363678457,239,
24.0,0.695,-0.0129475093742,-18.0,-0.0332116574248,0.0627400189995,0.990731343393,0.993460733239,86.1851553821,240,
30.0,0.695,0.0801894745395,-12.0,0.0483483785191,0.0688793745102,0.992112008865,0.992149024323,87.2933846017,239,
36.0,0.695,0.0178492576678,-18.0,0.00526448182376,0.0491438809441,0.992116538426,0.995974432253,87.3446890614,239,
42.0,0.695,-0.00223173420414,-18.0,-0.000854927127769,0.0486031394359,0.992104088947,0.996034888974,87.4134478082,239,
48.0,0.695,-0.0696524316953,-18.0,-0.0652231603094,0.079895685571,0.992876354388,0.98936616668,88.0484565036,239,
54.0,0.695,0.0219929238341,-30.0,0.0291250601801,0.0521983054998,0.993749121067,0.99544594989,88.7805473654,239,
