LeadTime (HRS), obsMax (m MSL), Peak (m), PLag (min), Bias(m), RMSD (m), RVal, Skil, VExp (%), nPts,
-0.0,0.547,-0.144251883665,-6.0,-0.111045865723,0.135755365108,0.96062065236,0.931475126493,71.1148749711,240,
6.0,0.547,-0.201390523705,-12.0,-0.155928190282,0.177407767177,0.953938259659,0.887303860197,68.7440485244,239,
12.0,0.547,-0.137789937911,0.0,-0.105355121068,0.118473089688,0.981595403584,0.95002683645,79.9843597767,239,
18.0,0.547,-0.149405395085,-6.0,-0.120167669192,0.134658883101,0.975413700087,0.936851435405,77.5532482481,239,
24.0,0.547,-0.127620187938,-6.0,-0.0940779964887,0.110648645252,0.977568508901,0.956321364695,78.4560389624,240,
30.0,0.547,-0.119317660272,-12.0,-0.0865254861906,0.104370507251,0.976803191209,0.961864957464,78.4549837091,239,
36.0,0.547,-0.16487797943,6.0,-0.126649713385,0.135117921205,0.985596492213,0.937835801537,82.6202463691,239,
42.0,0.547,-0.191306513358,0.0,-0.154473730292,0.161740764969,0.985469145689,0.912765296597,82.3046404683,239,
48.0,0.547,-0.195016929893,6.0,-0.151325070446,0.158106731517,0.987179925454,0.91603458009,83.0901248362,239,
54.0,0.547,-0.297016150535,12.0,-0.246197895745,0.249987267963,0.988546480598,0.818053983004,83.9935357783,239,
