LeadTime (HRS), obsMax (m MSL), Peak (m), PLag (min), Bias(m), RMSD (m), RVal, Skil, VExp (%), nPts,
-0.0,1.022,-0.189319282184,0.0,0.104396952744,0.257097395898,0.972311969291,0.935294389149,61.3016925936,240,
6.0,1.022,-0.103212296879,6.0,0.17450475367,0.292759998799,0.970722405982,0.918489247152,61.3111923841,239,
12.0,1.022,-0.173308391119,-24.0,0.114157464655,0.264902763013,0.969667253139,0.931324466793,60.6568050189,239,
18.0,1.022,-0.0944687257775,-6.0,0.17483182313,0.293138176921,0.969292212473,0.918499287052,61.2736408323,239,
24.0,1.022,-0.166652065831,6.0,0.0816959619693,0.253301557124,0.966565085591,0.936987851592,60.5379043342,239,
30.0,1.022,-0.119226342207,-6.0,0.141633839972,0.274412084629,0.96903622619,0.927739896492,61.3163250494,239,
36.0,1.022,-0.182114791003,6.0,0.0872552735662,0.253350044031,0.971033547295,0.936628085316,60.8235791202,240,
42.0,1.022,-0.137179021646,0.0,0.139848806644,0.270683828125,0.973320887965,0.929374810264,61.8164472728,239,
48.0,1.022,-0.235519224716,-24.0,0.0576585463788,0.247619705811,0.97029972884,0.938750572029,60.3246446668,239,
54.0,1.022,-0.21973387897,12.0,0.0798897958981,0.248642124229,0.971916827911,0.939101599514,61.2069292319,239,
60.0,1.022,-0.183548323338,0.0,0.0969181161152,0.259437968186,0.969781347072,0.933385051455,60.3506762799,239,
66.0,1.022,-0.173047568375,12.0,0.139710477825,0.281705683368,0.965404051259,0.922464762479,59.6974134243,239,
72.0,1.022,-0.133364410794,-12.0,0.142754662812,0.286747114401,0.957472579182,0.920239701428,59.027465321,239,
78.0,1.022,-0.109731699542,-6.0,0.151223912562,0.289217680294,0.956508668635,0.919750812679,59.3823882038,239,
84.0,1.022,-0.112408488134,-24.0,0.136518949518,0.280123301207,0.958012828618,0.924463362939,59.6999170045,239,
90.0,1.022,-0.0966057374559,-24.0,0.155464096677,0.295620375068,0.953816706208,0.91563653399,58.5737422534,239,
96.0,1.022,-0.0473655760445,-30.0,0.188789788223,0.312340735933,0.952330146475,0.908064534684,59.0042387952,239,
102.0,1.022,-0.0568729448241,-18.0,0.166934691816,0.300687186648,0.949992038003,0.914237444836,58.7960508334,239,
108.0,1.022,-0.0200263247677,-36.0,0.244353427236,0.338968598425,0.965190866116,0.895672285382,61.2942877809,239,
114.0,1.022,-0.0363431931938,-48.0,0.232495887111,0.333420167743,0.962933856076,0.897893369622,60.6255659397,239,
120.0,1.022,0.0411124871285,-48.0,0.304706122418,0.395911500302,0.949964815952,0.862066174551,58.3522793361,239,
126.0,1.022,nan,nan,nan,nan,nan,nan,nan,0,
