LeadTime (HRS), obsMax (m MSL), Peak (m), PLag (min), Bias(m), RMSD (m), RVal, Skil, VExp (%), nPts,
-0.0,0.687,-0.030596803083,-12.0,-0.0960726703268,0.106056136428,0.99319435837,0.976093028546,86.3592442095,240,
6.0,0.687,0.00462925725518,-6.0,-0.0632725800251,0.079480018098,0.990853413707,0.986191852226,85.412576395,239,
12.0,0.687,-0.0665305224238,0.0,-0.11840098981,0.125586189184,0.992865244531,0.966033722806,87.3020879958,239,
18.0,0.687,-0.0418858874557,6.0,-0.0869015489812,0.0947832458677,0.994131316898,0.980289052922,88.5237882104,239,
24.0,0.687,-0.111067790725,12.0,-0.155215167521,0.159449864614,0.99487983996,0.946810254772,88.9295616983,239,
30.0,0.687,-0.0658038308704,6.0,-0.112771086514,0.118826295421,0.994767300835,0.969763520305,88.6430742364,239,
36.0,0.687,-0.0658517626695,12.0,-0.124256406689,0.129930120964,0.99499289482,0.964269340282,88.4682916854,240,
42.0,0.687,-0.0172141248579,6.0,-0.0767843778111,0.0840984155148,0.995418898306,0.984494088721,89.5973065215,239,
48.0,0.687,-0.09862595955,6.0,-0.152619757065,0.157140132375,0.995098155801,0.948721209473,88.6521851079,239,
54.0,0.687,-0.000140221034984,6.0,-0.073694020682,0.0804085919827,0.996462622553,0.985944755939,90.2450162259,239,
60.0,0.687,-0.0793271805563,12.0,-0.143371754361,0.147669609451,0.995962759396,0.954552737116,89.2745469014,239,
66.0,0.687,-0.0647208060829,12.0,-0.126145821761,0.131139564115,0.99561861383,0.963646417073,89.1299127351,239,
72.0,0.687,-0.130472113593,6.0,-0.199951922412,0.204831298062,0.994011309847,0.917653126664,86.5226103853,239,
78.0,0.687,-0.096235382124,12.0,-0.166769385482,0.171559805795,0.995568724195,0.940700754829,87.791313246,239,
84.0,0.687,-0.12746979336,-6.0,-0.184341808062,0.187612142754,0.996333908973,0.9291622497,89.4232291752,239,
90.0,0.687,-0.124712930305,6.0,-0.191037281521,0.197077502481,0.991933910468,0.922726961525,85.3168609516,239,
96.0,0.687,-0.156050878546,6.0,-0.215585406502,0.221788340518,0.990129042677,0.903995678634,84.2043558267,239,
102.0,0.687,-0.115760198642,-6.0,-0.184740366168,0.191872019664,0.990532578174,0.926442027172,84.2835367304,239,
108.0,0.687,-0.059827617213,12.0,-0.125859200777,0.129697371372,0.996619062583,0.964233102816,90.5023082684,239,
114.0,0.687,-0.0326818279637,12.0,-0.117163304654,0.124363799574,0.994467687199,0.967557064244,87.3533203736,239,
120.0,0.687,-0.0711198365154,18.0,-0.146432201148,0.150833460123,0.995343148819,0.952408480444,89.0308433268,239,
126.0,0.687,nan,nan,nan,nan,nan,nan,nan,0,
