LeadTime (HRS), obsMax (m MSL), Peak (m), PLag (min), Bias(m), RMSD (m), RVal, Skil, VExp (%), nPts,
-0.0,1.1,-0.222721610376,24.0,-0.193522298868,0.210643310855,0.990352664413,0.964030103017,84.3273767853,240,
6.0,1.1,-0.131450066764,12.0,-0.103017284066,0.125734007172,0.991935442843,0.986628320086,86.4372024267,239,
12.0,1.1,-0.189832578958,-18.0,-0.149148459216,0.165968962737,0.9918152121,0.976966835226,86.3022144068,239,
18.0,1.1,-0.11805682881,6.0,-0.0908914614863,0.117930386104,0.991547564562,0.988295932048,85.862346444,239,
24.0,1.1,-0.226268323775,6.0,-0.207533819074,0.221384844898,0.99135089589,0.960198980426,85.4981602298,239,
30.0,1.1,-0.169308909057,12.0,-0.139473528151,0.159788894864,0.990765427625,0.97869828754,85.3298995485,239,
36.0,1.1,-0.197813546454,0.0,-0.165733553409,0.183581323773,0.990713484352,0.972117357333,85.1236007702,240,
42.0,1.1,-0.137643786102,6.0,-0.109977700767,0.134845392729,0.990865065775,0.984761411881,85.3188258433,239,
48.0,1.1,-0.245868051321,6.0,-0.211071240608,0.225212242143,0.990783618525,0.958726846453,85.221126535,239,
54.0,1.1,-0.18833355343,-6.0,-0.157239974062,0.17523799213,0.990785066073,0.974432709072,85.4450527184,239,
60.0,1.1,-0.20945940736,0.0,-0.170521018827,0.188077671015,0.990202975793,0.97062258527,85.0706100294,239,
66.0,1.1,-0.132886396976,6.0,-0.111578580493,0.135287079692,0.991312415783,0.984681920199,85.605412198,239,
72.0,1.1,-0.183461445522,6.0,-0.16012931412,0.176743176005,0.991607914247,0.974097008961,85.9238161131,239,
78.0,1.1,-0.19691735742,0.0,-0.161014661566,0.177522059519,0.991272472518,0.97369862277,85.9343740891,239,
84.0,1.1,-0.174322695889,6.0,-0.153532079035,0.167768314454,0.993264363113,0.976603026669,87.274640225,239,
90.0,1.1,-0.176457557954,6.0,-0.142440330317,0.161809157785,0.990450198182,0.977883295173,85.5561338969,239,
96.0,1.1,-0.191242045674,0.0,-0.150328905305,0.171602170886,0.988653791394,0.9750680173,84.4290398912,239,
102.0,1.1,-0.218562603342,0.0,-0.173273521637,0.190269027045,0.989861664609,0.969611563928,85.21022639,239,
108.0,1.1,-0.0717441831089,6.0,-0.0432021995618,0.0846674154067,0.99142007893,0.993840946123,86.299307965,239,
114.0,1.1,-0.149371790805,6.0,-0.0888525668466,0.128432159311,0.98567643398,0.985837798417,82.5511375548,239,
120.0,1.1,-0.0979953336985,6.0,-0.0577274888991,0.107867694526,0.986252275328,0.989986231777,82.8551469925,239,
126.0,1.1,nan,nan,nan,nan,nan,nan,nan,0,
