LeadTime (HRS), obsMax (m MSL), Peak (m), PLag (min), Bias(m), RMSD (m), RVal, Skil, VExp (%), nPts,
-0.0,0.358,0.0695665814903,-696.0,0.0609796008654,0.070917893985,0.264841649456,0.400000327033,0.0,240,
6.0,0.358,0.0709443337722,-702.0,0.0614579452011,0.0709531128361,0.280680515545,0.403416898093,0.0,239,
18.0,0.358,0.109245513622,-678.0,0.103573659632,0.109254493902,0.315569144277,0.310488919832,0.0,239,
24.0,0.358,0.114407190786,-672.0,0.107921137853,0.1135093076,0.334716752161,0.304464659003,0.0,240,
30.0,0.358,0.113777973922,-690.0,0.107614253155,0.112940663605,0.30040426088,0.301839088077,0.0,239,
42.0,0.358,0.179618937346,-678.0,0.167292478595,0.171481957189,0.198793077101,0.216510990323,0.0,239,
48.0,0.358,0.182899402255,-708.0,0.172380459341,0.176639124873,0.171993787337,0.210414073164,0.0,239,
54.0,0.358,0.155025679034,-642.0,0.142515443422,0.147925543652,0.343856455026,0.250821905611,0.0,239,
