LeadTime (HRS), obsMax (m MSL), Peak (m), PLag (min), Bias(m), RMSD (m), RVal, Skil, VExp (%), nPts,
-0.0,1.929,0.370612627304,-42.0,0.401531718122,0.473768808459,0.980955402527,0.963763889847,80.1923733258,240,
6.0,1.929,0.310712770255,-36.0,0.396528266627,0.464466166984,0.982912857037,0.964752270345,80.9236724277,239,
18.0,1.929,0.153890991562,-24.0,0.272188614947,0.339673702259,0.988784128743,0.980881065146,83.9723703087,239,
24.0,1.929,0.21034666013,-30.0,0.275336809612,0.34869184683,0.987120759295,0.979962758938,83.1464667343,240,
30.0,1.929,0.199965609081,-30.0,0.273329790235,0.344201921676,0.98760265852,0.980516797853,83.5104805899,239,
42.0,1.929,0.369880911708,0.0,0.425769991402,0.469218449856,0.989198335482,0.964502450685,84.4569401884,239,
48.0,1.929,0.349249081785,-18.0,0.412330326986,0.459942558858,0.988367758391,0.965777872511,83.9370216046,239,
54.0,1.929,0.358942853878,-24.0,0.392159611258,0.429191935622,0.991818554826,0.970278109129,86.2533889626,239,
