LeadTime (HRS), obsMax (m MSL), Peak (m), PLag (min), Bias(m), RMSD (m), RVal, Skil, VExp (%), nPts,
-0.0,1.293,-0.0420644901354,-24.0,-0.0409718162137,0.111635543418,0.990037164704,0.995556531469,88.0384903101,239,
6.0,1.293,-0.0472226303683,-18.0,-0.042295931653,0.111730928451,0.990062415934,0.995536752675,88.0678249498,238,
18.0,1.293,-0.121880815504,-6.0,-0.073559395333,0.121699517423,0.991349623723,0.994681831397,89.0058439168,238,
24.0,1.293,-0.125616981269,-6.0,-0.072066530753,0.115834623536,0.992393611629,0.995207670704,89.7700388761,239,
30.0,1.293,-0.130374576886,-6.0,-0.0713083269908,0.115603728876,0.992487266188,0.995193253278,89.7055147627,238,
42.0,1.293,-0.0445924408943,-36.0,0.00110376425921,0.0865893402124,0.992408439744,0.99731260705,89.8386955268,238,
48.0,1.293,-0.0376311948814,-24.0,0.00519989147468,0.0832337267224,0.993058455071,0.997498300998,90.2275994164,238,
54.0,1.293,-0.0413526046126,-36.0,-0.00291475768735,0.079764117171,0.993532116318,0.997700217285,90.670204937,238,
