LeadTime (HRS), obsMax (m MSL), Peak (m), PLag (min), Bias(m), RMSD (m), RVal, Skil, VExp (%), nPts,
-0.0,0.161,0.322264669328,234.0,0.362751012353,0.364109404843,0.733074056068,0.155767051879,18.1802807549,240,
6.0,0.161,0.319391332498,162.0,0.363101802536,0.364490772749,0.739988312291,0.155655836355,17.3738486394,239,
18.0,0.161,0.29878462496,96.0,0.342703146507,0.344205428993,0.709935083875,0.163468672223,16.5065897193,239,
24.0,0.161,0.294483536055,102.0,0.337126651677,0.338602104214,0.7307242952,0.165546564177,17.7816680447,240,
30.0,0.161,0.295352439844,144.0,0.337782268609,0.339290309519,0.698312543864,0.165108438602,16.8363763922,239,
42.0,0.161,0.310653806857,210.0,0.347463241438,0.348709007401,0.790182006988,0.162590270302,23.3546495833,239,
48.0,0.161,0.309479671827,192.0,0.348630055231,0.349892586855,0.787309129536,0.161776551082,22.7104806292,239,
54.0,0.161,0.309204775207,174.0,0.347750332962,0.349021183406,0.795584092231,0.162065876536,22.5535265373,239,
