LeadTime (HRS), obsMax (m MSL), Peak (m), PLag (min), Bias(m), RMSD (m), RVal, Skil, VExp (%), nPts,
-0.0,0.529,-0.079930660522,-24.0,-0.0593183231465,0.0691911785541,0.987532932583,0.975302515206,84.0343665241,240,
6.0,0.529,-0.0716961327401,-6.0,-0.0562920903637,0.0658984093752,0.988683166314,0.977559431038,84.6689737371,239,
18.0,0.529,-0.106997922084,6.0,-0.0864757696059,0.0921445089962,0.99121565159,0.956476697404,85.7608969949,239,
24.0,0.529,-0.117718108849,6.0,-0.0866674882723,0.0927009713502,0.990281535584,0.955886410457,85.2546788587,240,
30.0,0.529,-0.117778704659,6.0,-0.0868769640681,0.0939649818281,0.98849186677,0.954539732048,83.9838103861,239,
42.0,0.529,-0.0021724511957,6.0,0.0257620915252,0.0419989503387,0.989905736137,0.990671858467,85.1615594152,239,
48.0,0.529,-0.00805229973979,0.0,0.0218696528711,0.0408356383667,0.98951120228,0.991072982329,84.5728032203,239,
54.0,0.529,-0.0172077248181,0.0,0.016323339161,0.0373434684724,0.9902149547,0.992520062934,84.9748855025,239,
