LeadTime (HRS), obsMax (m MSL), Peak (m), PLag (min), Bias(m), RMSD (m), RVal, Skil, VExp (%), nPts,
-0.0,0.693,0.61613557955,30.0,0.118380527984,0.322606380575,0.976602672296,0.914636260574,27.3333824981,240,
6.0,0.693,0.618580471605,30.0,0.117372851578,0.321809132871,0.976750729479,0.915005544504,27.4516854642,239,
18.0,0.693,0.617947327107,30.0,0.108352923936,0.320144937541,0.975403391682,0.915733522019,27.0617730768,239,
24.0,0.693,0.613137776737,30.0,0.110154806409,0.321869575141,0.974762084784,0.914912343634,26.7687506331,240,
30.0,0.693,0.614371004154,30.0,0.108534085858,0.321987581601,0.974225767274,0.915004254546,26.6971461653,239,
42.0,0.693,0.626591434861,30.0,0.117016076977,0.324238586112,0.972845437388,0.913581569843,26.8802229898,239,
48.0,0.693,0.626277850991,30.0,0.1158900202,0.324662980832,0.971809132094,0.913284292084,26.6655655121,239,
54.0,0.693,0.625349959204,30.0,0.115342799205,0.323443846701,0.972600235339,0.913894856216,26.9305944324,239,
