LeadTime (HRS), obsMax (m MSL), Peak (m), PLag (min), Bias(m), RMSD (m), RVal, Skil, VExp (%), nPts,
-0.0,1.399,-0.141663049457,6.0,0.155979355279,0.338993829776,0.984451463349,0.90286328986,55.9070254105,240,
6.0,1.399,-0.190736085381,12.0,0.160318865463,0.35590129946,0.982732277137,0.890152319952,53.5181605587,239,
18.0,1.399,-0.193841192274,6.0,0.143442976384,0.344446987595,0.985463768059,0.897067609378,54.189587252,239,
24.0,1.399,-0.186478377018,12.0,0.143506288941,0.3461946464,0.986522589325,0.89509869038,53.8453235374,240,
30.0,1.399,-0.201544890027,12.0,0.130541857658,0.331956672142,0.986821305827,0.905126120906,55.3046784806,239,
42.0,1.399,-0.280433255523,6.0,0.0851551693837,0.334965595185,0.985289636297,0.898965051053,52.5590326949,239,
48.0,1.399,-0.288072400396,0.0,0.0790428083494,0.330344070502,0.985776815013,0.902223985657,53.0294682725,239,
54.0,1.399,-0.273733804308,12.0,0.0765577440281,0.327265472524,0.985369174558,0.904527389066,53.4048531243,239,
