LeadTime (HRS), obsMax (m MSL), Peak (m), PLag (min), Bias(m), RMSD (m), RVal, Skil, VExp (%), nPts,
-0.0,1.475,-0.0854141288617,-6.0,0.00152856586857,0.115123164433,0.998404384261,0.996357832638,88.5464430994,240,
6.0,1.475,-0.0776663817937,-6.0,0.00527734403633,0.115838695726,0.998462951422,0.996294565226,88.4668908338,239,
18.0,1.475,-0.109288504585,-6.0,-0.00771521420865,0.116737286617,0.998647083263,0.996227446333,88.3907829028,239,
24.0,1.475,-0.121746501624,0.0,-0.00764814283273,0.114814293216,0.998571741899,0.996374418068,88.6015392817,240,
30.0,1.475,-0.129137018548,-6.0,-0.00919017686996,0.115355125218,0.998681101569,0.9963378356,88.5632570157,239,
42.0,1.475,-0.021093163781,0.0,0.0833536196579,0.142600106671,0.99863994085,0.994411565856,88.4922831913,239,
48.0,1.475,-0.0257446326648,-6.0,0.0880543102169,0.147624444943,0.998504904739,0.993999512969,88.2151890844,239,
54.0,1.475,-0.0187333467476,-6.0,0.0849730572614,0.143572249267,0.998652213914,0.994334845904,88.4898740173,239,
