LeadTime (HRS), obsMax (m MSL), Peak (m), PLag (min), Bias(m), RMSD (m), RVal, Skil, VExp (%), nPts,
-0.0,0.302,0.0717760576864,6.0,0.0669617555726,0.0752187331927,0.975440475401,0.939199550518,77.6783432053,240,
6.0,0.302,0.0342778271994,6.0,0.0315889725043,0.0457561556862,0.976902457112,0.97639350255,78.3692459959,239,
12.0,0.302,0.031101505508,18.0,0.0336012955153,0.0469501356377,0.977451317744,0.97514472719,78.5724844919,239,
18.0,0.302,0.0493962832018,6.0,0.0470377644661,0.0566952316605,0.979214931243,0.964221928108,79.3174775914,239,
24.0,0.302,0.0589994188322,0.0,0.0604646118172,0.0680349761722,0.979725761204,0.949633518592,79.6191317969,239,
30.0,0.302,0.0259109464132,6.0,0.0303181694815,0.043044899063,0.980432993413,0.979194719993,80.0331031621,239,
36.0,0.302,0.0347018789937,6.0,0.0364012483189,0.0476163371184,0.980081345895,0.974801562373,79.9414341617,239,
42.0,0.302,0.0554805743893,12.0,0.0594484481507,0.0666919816945,0.980786129776,0.951900827207,80.2477846013,239,
48.0,0.302,nan,nan,nan,nan,nan,nan,nan,0,
54.0,0.302,0.0551505591812,6.0,0.0619358220521,0.0709536633119,0.9742924518,0.945501458602,77.3387650939,239,
60.0,0.302,0.0542879680047,6.0,0.0612272335788,0.0700639910219,0.975170977058,0.946759469256,77.7027508547,239,
66.0,0.302,0.0844905997731,0.0,0.089989868914,0.0965905683395,0.973454577499,0.904970596893,77.0271434078,239,
72.0,0.302,0.0975881926692,0.0,0.103905111176,0.109537058175,0.974176350807,0.882093282273,77.3036321048,239,
78.0,0.302,0.0956758016869,0.0,0.105837653004,0.111524508335,0.973680895336,0.877483835825,76.9847852312,239,
84.0,0.302,0.0759000161155,0.0,0.0874967548472,0.0943598003637,0.973534677449,0.907458658983,76.8735011388,239,
90.0,0.302,0.108673375679,6.0,0.116944601596,0.121997367323,0.974133779669,0.859476795297,77.2543804833,239,
96.0,0.302,0.113028863745,-6.0,0.12677680658,0.131434692916,0.975150941106,0.839385729278,77.2977342629,239,
102.0,0.302,0.127308547212,-6.0,0.141393136518,0.145536226037,0.975422704886,0.813198773629,77.4297367193,239,
108.0,0.302,0.0816762371029,6.0,0.092192242092,0.098453325791,0.974897342858,0.900219949059,77.3835164367,239,
114.0,0.302,0.107102352125,-6.0,0.12150330182,0.126352212747,0.975678256929,0.84742936021,77.3061402776,239,
120.0,0.302,0.103746196704,-6.0,0.113222871001,0.118656379704,0.973655027403,0.862849066694,76.7641749685,239,
126.0,0.302,0.111596661784,0.0,0.13052828496,0.135549928179,0.974354933608,0.825980022506,76.0715507295,239,
