LeadTime (HRS), obsMax (m MSL), Peak (m), PLag (min), Bias(m), RMSD (m), RVal, Skil, VExp (%), nPts,
-0.0,0.824,0.383914856368,-12.0,0.162730006879,0.194471287711,0.979132662167,0.96538953538,79.677660885,240,
6.0,0.824,0.158208319201,-24.0,0.065110725712,0.105825421929,0.987373033976,0.989542696634,84.103437839,239,
12.0,0.824,0.11416321089,-24.0,0.0370583909689,0.0869530088017,0.988793958259,0.992935224986,85.0111500415,239,
18.0,0.824,0.153872967956,-24.0,0.0916797687448,0.114737145704,0.991517980206,0.987750657765,86.8541628479,239,
24.0,0.824,0.195842477651,-24.0,0.177681279378,0.188092838567,0.993312604498,0.967813283329,88.240874397,239,
30.0,0.824,0.0595944553569,-18.0,0.0455559349819,0.0707664790405,0.99501233345,0.995305459507,89.6810984381,239,
36.0,0.824,0.0516110735696,-18.0,0.0294413393101,0.0585779847522,0.995740281399,0.996776460216,90.3501748031,239,
42.0,0.824,0.0489484476923,-24.0,0.0432252822237,0.0599229046235,0.997346875468,0.996629869828,92.0919615148,239,
48.0,0.824,nan,nan,nan,nan,nan,nan,nan,0,
54.0,0.824,-0.0105550793157,0.0,0.0324291556391,0.0506584438143,0.997887728474,0.997577439946,92.5811545705,239,
60.0,0.824,0.00184075714724,6.0,0.0369629916058,0.0535125014986,0.997908668489,0.997298493863,92.6236517984,239,
66.0,0.824,0.0119158128876,6.0,0.021094020696,0.0458629199343,0.997508791626,0.998019020426,92.2369118826,239,
72.0,0.824,0.183319954883,0.0,0.185295968082,0.189527334357,0.997535813876,0.967361680223,92.4083362651,239,
78.0,0.824,0.0241732753878,6.0,0.043186457582,0.0589184271084,0.99753922861,0.996742009975,92.3599153667,239,
84.0,0.824,0.0455383690171,0.0,0.0654769721216,0.0761974158909,0.997697589176,0.994564928882,92.5709134851,239,
90.0,0.824,0.0282248185037,6.0,0.0332667838591,0.0541759767833,0.997041003503,0.997250404645,91.8489430656,239,
96.0,0.824,0.138751115578,-48.0,0.184844156406,0.189090489958,0.997709927431,0.967341345359,92.4039420857,239,
102.0,0.824,0.0367618266144,-42.0,0.0735506735991,0.0824360722638,0.998020921949,0.993632062601,92.9031492841,239,
108.0,0.824,0.0371985127276,6.0,0.0870859536162,0.0951417272591,0.998008658488,0.991502313005,92.6962791999,239,
114.0,0.824,-0.00121790895653,12.0,0.0519306902895,0.062074386559,0.998479343111,0.996377829531,93.5174843206,239,
120.0,0.824,0.129335153612,6.0,0.16721095812,0.171130448008,0.998169433917,0.973121139148,93.0581422382,239,
126.0,0.824,0.0434913767421,12.0,0.0883794152325,0.0938984744999,0.998612928575,0.991790185041,93.9537947423,239,
