LeadTime (HRS), obsMax (m MSL), Peak (m), PLag (min), Bias(m), RMSD (m), RVal, Skil, VExp (%), nPts,
-0.0,0.522,-0.404362339391,18.0,-0.323929898954,0.341310663118,0.948438190108,0.756595147742,66.5156788979,240,
6.0,0.522,-0.467794683152,12.0,-0.383720847846,0.403323388037,0.927929150155,0.694550747579,61.329489342,239,
12.0,0.522,-0.248371924131,12.0,-0.181344517171,0.209207001235,0.952632516786,0.885562196142,67.5231992248,239,
18.0,0.522,-0.212521942957,6.0,-0.153985122157,0.186042855305,0.951925899577,0.907103822527,67.4951706618,239,
24.0,0.522,-0.132609609211,6.0,-0.0713327088601,0.126910455168,0.951525746104,0.953775304993,67.3206254755,239,
30.0,0.522,-0.060403544693,6.0,0.00176941985511,0.105092069912,0.951275791497,0.967757024264,67.2860835746,239,
36.0,0.522,0.0196920285666,6.0,0.0765874065739,0.135302906265,0.943494344306,0.947317704645,65.2738936427,239,
42.0,0.522,0.0140903400266,12.0,0.0717316964848,0.129591193919,0.949238685696,0.951210857076,66.3985463261,239,
48.0,0.522,nan,nan,nan,nan,nan,nan,nan,0,
54.0,0.522,0.0342122280203,-6.0,0.0860146749438,0.152131103774,0.927041185731,0.934309774733,61.3538352787,239,
60.0,0.522,0.00370173878535,-6.0,0.0598121415787,0.136721044807,0.931018609276,0.946119609388,62.1351256882,239,
66.0,0.522,-0.0055441096267,0.0,0.0628305801567,0.138064936677,0.932080302816,0.944676404366,62.1362616101,239,
72.0,0.522,-0.0186445831812,-12.0,0.0426463935008,0.132898435091,0.927006356686,0.9486200108,61.233838538,239,
78.0,0.522,0.00648475098696,6.0,0.0852513289713,0.143727893241,0.942704088168,0.940765793144,64.3615157355,239,
84.0,0.522,-0.0427326926234,0.0,0.0347541549514,0.119834139881,0.942733230803,0.958322146464,64.6790587488,239,
90.0,0.522,0.0138772883421,6.0,0.0675586755919,0.130920125432,0.942347168419,0.952418709875,65.4617857011,239,
96.0,0.522,-0.00292669962706,-18.0,0.0492571503662,0.128691471093,0.933969726334,0.953381874689,63.3830919191,239,
102.0,0.522,0.0224392248941,-6.0,0.0751695285276,0.140024035856,0.934647095372,0.945623072144,63.6156195118,239,
108.0,0.522,-0.08436886717,-12.0,0.0184753674354,0.152567948559,0.89093579521,0.927519567763,53.3570841882,239,
114.0,0.522,-0.0666820696871,0.0,0.00257765316363,0.140983795129,0.904427020935,0.940980010191,56.5862941051,239,
120.0,0.522,-0.0646207907998,-24.0,0.005244597254,0.155272248901,0.879342274604,0.92887550653,52.2056865398,239,
126.0,0.522,-0.0290309473272,-18.0,0.075146783654,0.190333461298,0.842764973166,0.892858921283,46.1423383441,239,
