LeadTime (HRS), obsMax (m MSL), Peak (m), PLag (min), Bias(m), RMSD (m), RVal, Skil, VExp (%), nPts,
-0.0,1.158,0.159820236097,36.0,0.115937441441,0.125077248062,0.997497219427,0.990533448527,92.6006662344,240,
6.0,1.158,0.149655691965,36.0,0.113754253082,0.122811244884,0.997511172456,0.99072809592,92.6487176081,239,
12.0,1.158,0.155707095888,12.0,0.102342605474,0.112139765511,0.997630301675,0.992281079439,92.719833392,239,
18.0,1.158,0.157383354084,12.0,0.10173173888,0.111083809417,0.997736882097,0.992513086966,92.966719767,240,
24.0,1.158,0.169374022022,12.0,0.103149341209,0.112587809059,0.997686257946,0.992250577401,92.8537022999,239,
30.0,1.158,0.166651517898,12.0,0.101926725393,0.111631205944,0.997623378908,0.992373595821,92.7903881402,239,
36.0,1.158,0.2079631066,6.0,0.151018665911,0.158640215231,0.997289322873,0.984734650678,92.3063701667,239,
42.0,1.158,0.266859033101,6.0,0.204179290763,0.21021847514,0.997110375929,0.973525371684,92.0774364431,239,
48.0,1.158,0.178652393517,12.0,0.12308843847,0.133304005207,0.996948255343,0.989154946577,91.8950240915,239,
54.0,1.158,0.203173961717,12.0,0.147071564283,0.156518341937,0.996546954138,0.985037969984,91.5188763387,239,
60.0,1.158,0.176525028342,6.0,0.132474734711,0.142046089721,0.996803701642,0.987612414514,91.8821271538,239,
66.0,1.158,0.209777888769,6.0,0.155872030966,0.163393340563,0.997200713026,0.983793844502,92.2394853019,239,
72.0,1.158,0.108964428348,-6.0,0.0650383525996,0.0828929380587,0.996827645439,0.995755547665,91.8609672942,239,
78.0,1.158,0.17588929504,0.0,0.127134860084,0.138531929326,0.996369756775,0.988248074542,91.2856878623,239,
84.0,1.158,0.159241718018,-6.0,0.109830126796,0.12189773704,0.996634640503,0.99086679448,91.625330993,239,
90.0,1.158,0.195677866875,0.0,0.154019834319,0.162722854445,0.996665819132,0.983831892557,91.6851163177,239,
96.0,1.158,0.127625482449,6.0,0.0718548909339,0.091871165409,0.996018910043,0.994780821121,90.933943752,239,
102.0,1.158,0.219543364888,0.0,0.176095402822,0.18363545912,0.99672012413,0.979508989775,91.7520878186,239,
108.0,1.158,nan,nan,nan,nan,nan,nan,nan,0,
114.0,1.158,0.187326013365,-6.0,0.142675938578,0.146101672194,0.99882779809,0.986857138838,95.0047874751,239,
120.0,1.158,0.0543106371222,0.0,0.0132071736362,0.0319699913151,0.99904022435,0.999364115602,95.3761479194,239,
126.0,1.158,0.162601224947,-6.0,0.116092280221,0.119764524244,0.998984598999,0.991131264127,95.3260357348,239,
