LeadTime (HRS), obsMax (m MSL), Peak (m), PLag (min), Bias(m), RMSD (m), RVal, Skil, VExp (%), nPts,
-0.0,0.155,0.11131278866,-72.0,-0.0153362962983,0.0994008875745,0.785399653158,0.780248041689,0.0,231,
6.0,0.155,0.104133868996,-60.0,-0.0251079320659,0.100183914512,0.796462932403,0.779634532649,0.0,230,
12.0,0.155,0.100359677381,-66.0,-0.0190329410443,0.0962816538466,0.806513812268,0.792341499823,0.0,230,
18.0,0.155,0.118037654573,-66.0,-0.00315179756256,0.0943782018709,0.809710070337,0.800119439279,0.0,230,
24.0,0.155,0.142266041238,-60.0,0.0162929242336,0.0988140610627,0.798359266342,0.786223786185,0.0,230,
30.0,0.155,0.121575629833,-66.0,-0.00142078545891,0.0959332895289,0.79237520973,0.791931872135,0.0,230,
36.0,0.155,0.137205650076,-66.0,0.012084796344,0.09930977628,0.784776888955,0.781952323845,0.0,230,
42.0,0.155,0.151935213064,-66.0,0.0263052018681,0.10275634812,0.781361819544,0.770792873136,0.0,230,
48.0,0.155,0.173717457689,-66.0,0.0502813184716,0.11066886199,0.77578113737,0.742162072065,0.0,230,
54.0,0.155,0.156267763054,-66.0,0.0317784538554,0.099788323608,0.79681845429,0.779492400625,0.0,230,
60.0,0.155,0.169867619243,-66.0,0.0438234620357,0.108454724378,0.779674089024,0.752152656365,0.0,230,
66.0,0.155,0.188649241974,-60.0,0.0629816892237,0.11563585257,0.790004729383,0.729903649804,0.0,230,
72.0,0.155,0.204507005297,-66.0,0.0779328654488,0.125106455117,0.787746033616,0.700784386844,0.0,230,
78.0,0.155,0.187786598019,-66.0,0.0654882738219,0.117408438064,0.791827766841,0.725183587874,0.0,231,
84.0,0.155,0.149306703687,-60.0,0.0343179113057,0.099728554426,0.793964380895,0.779260630093,0.0,230,
90.0,0.155,0.166667161669,-66.0,0.0390452151932,0.100217552167,0.823367287237,0.784753671276,0.0,230,
96.0,0.155,0.191650638067,-72.0,0.0584966441924,0.104477856663,0.831701406072,0.766278075106,0.0,230,
102.0,0.155,0.169094878248,-72.0,0.0312980125082,0.0944790564205,0.843913652941,0.804733004858,0.0,230,
108.0,0.155,0.142995446729,-72.0,0.00731813925747,0.0889072500546,0.844534296837,0.821845434713,0.0,230,
114.0,0.155,0.142926950731,-78.0,0.0103656050159,0.0849962000611,0.867569494045,0.835900854701,0.0,230,
120.0,0.155,0.15964952362,-84.0,0.0308670525895,0.0871960405924,0.866968055012,0.826404664176,0.0,230,
126.0,0.155,0.140905176624,-72.0,0.0111788842205,0.0860972196952,0.85123205095,0.828941229618,0.0,230,
