LeadTime (HRS), obsMax (m MSL), Peak (m), PLag (min), Bias(m), RMSD (m), RVal, Skil, VExp (%), nPts,
-0.0,1.038,0.249844675737,12.0,0.275897854418,0.349843628411,0.955300468951,0.93620092126,70.0032905921,240,
6.0,1.038,0.245833788743,12.0,0.269482552399,0.34567767604,0.954753991441,0.937634774471,69.8340607192,239,
12.0,1.038,0.203271921271,18.0,0.237176157817,0.322486418689,0.954027722642,0.94494997581,69.5545142526,239,
18.0,1.038,0.374511246076,12.0,0.379065205285,0.437141991664,0.953531518895,0.905632552769,69.6638378365,239,
24.0,1.038,nan,nan,nan,nan,nan,nan,nan,0,
30.0,1.038,0.296361527545,12.0,0.309953265777,0.365668080133,0.96406550923,0.932290865276,72.9921686535,239,
36.0,1.038,0.230073234074,6.0,0.251349223684,0.318550860139,0.964038336911,0.946988911964,72.7578128146,239,
42.0,1.038,0.36594359934,6.0,0.367336849827,0.416555819998,0.962828468928,0.914442408137,72.6569314775,239,
48.0,1.038,0.3628651709,6.0,0.35873571946,0.408767902386,0.962864570466,0.917597471661,72.7216793233,239,
54.0,1.038,0.258828790111,12.0,0.278150606704,0.340503340674,0.963289982731,0.940382289484,72.6596334794,239,
60.0,1.038,0.180171597769,6.0,0.211704555056,0.290877973064,0.963055821622,0.954864940494,72.2319055204,239,
66.0,1.038,0.284886503722,12.0,0.301374147362,0.360079475229,0.962917885202,0.933975190009,72.569031182,239,
72.0,1.038,0.339732480787,12.0,0.342498415715,0.394789957175,0.96279628544,0.922480375494,72.6670125146,239,
78.0,1.038,0.207531166271,12.0,0.22746722512,0.305577050234,0.960466639019,0.950793872229,71.5954991168,239,
84.0,1.038,0.107314159877,12.0,0.138606447077,0.250835686967,0.959624296835,0.965465880324,70.8977098173,239,
90.0,1.038,0.163583360199,12.0,0.183925654142,0.27700678843,0.959661892921,0.958744188307,71.1661815403,239,
96.0,1.038,0.235660755202,18.0,0.252692228046,0.32449817035,0.960687062422,0.944927763752,71.6604839409,239,
102.0,1.038,0.082684023802,12.0,0.11996673613,0.239823838429,0.96107311803,0.968058101706,71.0925711257,239,
108.0,1.038,0.0554514689805,18.0,0.0988065194263,0.230523645325,0.960813296184,0.970393116503,71.0072396044,239,
114.0,1.038,0.219690090236,18.0,0.241710711058,0.317747861464,0.959651427209,0.946715343507,71.262511101,240,
120.0,1.038,0.22912878175,12.0,0.250527894787,0.326386860894,0.95804827251,0.944154175136,70.8513515849,239,
126.0,1.038,0.0605510541954,18.0,0.104077426786,0.238981747861,0.957025069031,0.968274039123,70.0251796943,239,
