LeadTime (HRS), obsMax (m MSL), Peak (m), PLag (min), Bias(m), RMSD (m), RVal, Skil, VExp (%), nPts,
-0.0,0.787,0.493007236271,0.0,0.425764401738,0.432384843716,0.988201484047,0.834509404982,84.2347032945,240,
6.0,0.787,0.344344725971,-6.0,0.335274432489,0.339928986658,0.993559877206,0.890604649021,88.2954449254,239,
12.0,0.787,0.337301119753,-6.0,0.324770741255,0.329835072583,0.993174232396,0.896245366324,87.9787526522,239,
18.0,0.787,0.37871505349,-6.0,0.358676992827,0.362650572265,0.994115758177,0.87748619362,88.8222147177,239,
24.0,0.787,nan,nan,nan,nan,nan,nan,nan,0,
30.0,0.787,0.352427968279,-12.0,0.357185503488,0.360429325215,0.995397678449,0.879321650052,89.9227498695,239,
36.0,0.787,0.325765367988,-12.0,0.338384141912,0.341528393574,0.995623141655,0.889614920399,90.3427600824,239,
42.0,0.787,0.335807224388,-12.0,0.359951990686,0.362964587377,0.995564834907,0.877403737065,90.2527425598,239,
48.0,0.787,0.463902972388,-12.0,0.485094919129,0.487218917563,0.99596136582,0.801795486264,90.5082087938,239,
54.0,0.787,0.353897611332,-6.0,0.376927337152,0.379084073574,0.996711564142,0.867861470504,91.5660589997,239,
60.0,0.787,0.296131874451,0.0,0.325171577445,0.327554476165,0.996870908703,0.89756332188,91.762676672,239,
66.0,0.787,0.282674275951,6.0,0.324403734352,0.326471161334,0.997282153257,0.898031282885,92.3381843608,239,
72.0,0.787,0.39647212395,0.0,0.454564458933,0.456079924015,0.997313774379,0.821123517339,92.2408308288,239,
78.0,0.787,0.292434679491,12.0,0.352861668543,0.354700406542,0.997433198134,0.882268075455,92.4662700927,239,
84.0,0.787,0.227669007046,12.0,0.290624537792,0.292698810845,0.997535873908,0.916069060193,92.7346675799,239,
90.0,0.787,0.205774418324,12.0,0.281493011067,0.283993195539,0.997200999113,0.920903604104,92.1464704553,239,
96.0,0.787,0.349722542859,-12.0,0.411909372495,0.413541496917,0.997395969895,0.847443604055,92.3336243914,239,
102.0,0.787,0.266426358879,-12.0,0.327351795418,0.329493681005,0.997321002438,0.897028505236,92.1657470833,239,
108.0,0.787,0.232232567946,-12.0,0.291547470877,0.2939449721,0.997299528257,0.916022953516,92.1745753728,239,
114.0,0.787,0.284018164104,-12.0,0.336281058605,0.338510528719,0.997301682561,0.892234233993,91.8855819015,240,
120.0,0.787,0.351662120717,-12.0,0.411639788101,0.413606943895,0.996985534033,0.848278368195,91.5877952771,239,
126.0,0.787,0.312481383863,-12.0,0.370575675691,0.372650511074,0.997066722538,0.87248108161,91.8011890404,239,
