LeadTime (HRS), obsMax (m MSL), Peak (m), PLag (min), Bias(m), RMSD (m), RVal, Skil, VExp (%), nPts,
-0.0,1.052,0.591951615973,-6.0,0.548565658723,0.563557081224,0.98791417112,0.839875030174,81.0336792773,240,
6.0,1.052,0.622857039196,0.0,0.591151113952,0.603534719485,0.989125949678,0.824148481398,82.1666504821,239,
12.0,1.052,0.601098378117,-6.0,0.566970284877,0.579910520034,0.989678103265,0.834109180621,82.1387135251,239,
18.0,1.052,0.745494422116,0.0,0.69248759649,0.700991259384,0.990041005199,0.785126433158,84.0398959243,239,
24.0,1.052,nan,nan,nan,nan,nan,nan,nan,0,
30.0,1.052,0.696159957259,-12.0,0.652777940713,0.664431067536,0.986595157387,0.799920464516,81.8572568006,239,
36.0,1.052,0.609426405708,-12.0,0.570050143758,0.584528770035,0.986527659393,0.833098128247,81.0665454793,239,
42.0,1.052,0.74685773782,-12.0,0.695649609578,0.70544254397,0.98738755589,0.784128410937,82.8468397958,239,
48.0,1.052,0.651887608015,-18.0,0.604097015274,0.616737055286,0.986362398777,0.821364142748,81.8089856835,239,
54.0,1.052,0.657933663057,-12.0,0.613155740439,0.625072790287,0.98734978648,0.817434548222,82.2115072088,239,
60.0,1.052,0.544442272898,-12.0,0.514591880576,0.533460835612,0.984989077413,0.852930265393,79.4069886171,239,
66.0,1.052,0.687089935859,-12.0,0.634077597199,0.645872966964,0.986979705585,0.808079879611,82.0068687118,239,
72.0,1.052,0.62309863122,-18.0,0.574535623042,0.588644168405,0.986055597202,0.832361338655,81.2406012677,239,
78.0,1.052,0.579408221989,-12.0,0.545829185261,0.562621813398,0.985243230954,0.841136946477,80.0210823965,239,
84.0,1.052,0.474675821108,-6.0,0.455166112382,0.479233786324,0.98381101003,0.874458032916,78.0397225986,239,
90.0,1.052,0.600641902326,-6.0,0.557497776001,0.572712193814,0.986638802118,0.837374186349,80.7973305076,239,
96.0,1.052,0.56003995189,-12.0,0.518953917541,0.536997134188,0.985344730491,0.85190657844,79.7868850276,239,
102.0,1.052,0.505453061384,-6.0,0.483305845123,0.505378257851,0.985085185247,0.862835590061,78.3674333416,239,
108.0,1.052,0.447561243611,-6.0,0.455392941955,0.477645918407,0.986194771441,0.875387125353,78.8992306106,239,
114.0,1.052,0.622888115306,-12.0,0.602779084107,0.613250086203,0.989589734922,0.822554391546,83.4437848717,240,
120.0,1.052,0.575769109293,-6.0,0.559736959902,0.572213719596,0.988706568476,0.839664652003,82.5760278897,239,
126.0,1.052,0.506361017157,-6.0,0.502408007631,0.519032919179,0.987800446838,0.859886436153,80.8940424304,239,
