LeadTime (HRS), obsMax (m MSL), Peak (m), PLag (min), Bias(m), RMSD (m), RVal, Skil, VExp (%), nPts,
-0.0,2.249,0.241926476914,18.0,0.24466170517,0.262345464161,0.99817003099,0.990114414304,92.9318602973,240,
6.0,2.249,-0.124243624033,-6.0,-0.00313132608684,0.09788726467,0.998941386959,0.998583531598,92.6959578912,239,
12.0,2.249,0.0589255265613,-6.0,0.209579239852,0.234588212142,0.999055002803,0.991847287951,92.131704086,239,
18.0,2.249,-0.0912041433731,-12.0,0.0638756767273,0.124152389414,0.999108403146,0.997698375163,92.052225878,239,
24.0,2.249,nan,nan,nan,nan,nan,nan,nan,0,
30.0,2.249,-0.105808107753,-12.0,0.0661403831243,0.133922357934,0.999016326571,0.997309800233,91.3200253326,239,
36.0,2.249,0.0368865232891,-12.0,0.210112732456,0.237620947883,0.99920683502,0.99160404904,91.7278322594,239,
42.0,2.249,-0.0890545486653,-12.0,0.0990080210263,0.153707779062,0.999043017991,0.996454476542,91.2363072764,239,
48.0,2.249,0.124291455351,-18.0,0.311184841685,0.332066712528,0.99920421008,0.983669976415,91.3612010629,239,
54.0,2.249,-0.0637705648885,-12.0,0.113261017565,0.163219792994,0.99912001719,0.99600040107,91.239747368,239,
60.0,2.249,0.00688521059817,-12.0,0.183652245702,0.216330238754,0.999228570535,0.993007439845,91.4782965627,239,
66.0,2.249,-0.0915822468254,-12.0,0.0859048968789,0.143417625914,0.99926212057,0.99691134434,91.4398064432,239,
72.0,2.249,0.0937589875892,-12.0,0.261791611611,0.285493807474,0.999228254031,0.987892375991,91.5105516273,239,
78.0,2.249,0.00134918114081,-12.0,0.150940951998,0.18907539511,0.999110112927,0.9946591116,91.5123620803,239,
84.0,2.249,-0.00133535987102,-12.0,0.171771593543,0.203932907111,0.999471725022,0.993786622758,91.8065212928,239,
90.0,2.249,-0.0313018609662,-12.0,0.115880123323,0.162414099876,0.999103250619,0.996054004198,91.5176649992,239,
96.0,2.249,0.0949645432596,-12.0,0.232779958808,0.261425502822,0.998852122553,0.989825605602,91.1312880614,239,
102.0,2.249,0.0588030285757,-12.0,0.214618136731,0.243208205864,0.999142543474,0.991187699173,91.4722151865,239,
108.0,2.249,0.00666907907707,-12.0,0.160620244747,0.198880761249,0.999150372122,0.994072834724,91.258142744,239,
114.0,2.249,-0.0549126276613,-12.0,0.0871064826976,0.148013978088,0.998843589465,0.996712279961,91.0794025833,240,
120.0,2.249,0.0840436033548,-12.0,0.231232164024,0.258020234174,0.999134689924,0.990060938221,91.4533367614,239,
126.0,2.249,0.126068220985,-12.0,0.277776390053,0.29939991188,0.999320453129,0.986668601452,91.6597924824,239,
