LeadTime (HRS), obsMax (m MSL), Peak (m), PLag (min), Bias(m), RMSD (m), RVal, Skil, VExp (%), nPts,
-0.0,0.386,-0.227718089761,-12.0,-0.235992119835,0.242574913527,0.977117229074,0.810579081345,76.5510292851,240,
6.0,0.386,-0.257480757793,-36.0,-0.250172391776,0.25645900209,0.97498795654,0.791162924928,76.47097063,239,
18.0,0.386,-0.0800432567321,-48.0,-0.104462332112,0.111187237069,0.98924455772,0.951189791627,84.1230504245,239,
24.0,0.386,-0.0496248816367,-48.0,-0.0592814881107,0.0693356016773,0.991347280994,0.980621925896,85.0076081325,239,
30.0,0.386,-0.00452719764755,-36.0,-0.0377385355862,0.0525414325998,0.9927765201,0.989019699644,84.7588144562,239,
42.0,0.386,-0.00235811232522,-30.0,-0.0387901075517,0.0514068930438,0.993269338143,0.989361545527,85.9356359246,239,
48.0,0.386,0.0246153385214,-30.0,-0.00101721371188,0.0348777490961,0.991110777996,0.994949903892,85.4650562034,239,
54.0,0.386,0.00605588339962,-36.0,-0.00904661992383,0.0386606473826,0.988653819098,0.993693141428,84.3292168722,239,
