LeadTime (HRS), obsMax (m MSL), Peak (m), PLag (min), Bias(m), RMSD (m), RVal, Skil, VExp (%), nPts,
-0.0,1.159,-0.216620306073,-6.0,0.0973886824086,0.539031719387,0.762512785053,0.790455115653,32.3351541641,240,
6.0,1.159,-0.0620042871358,0.0,0.177105531707,0.554525952202,0.758938420907,0.784494192429,32.6456977252,239,
18.0,1.159,0.0120086321452,0.0,0.230882740929,0.540812400798,0.790896644939,0.815468469335,37.315393427,239,
24.0,1.159,-0.0165705339897,-12.0,0.18708815932,0.524603467292,0.790471751905,0.822989751998,37.1798285789,239,
30.0,1.159,0.0929896756341,0.0,0.271109014,0.542728310979,0.806388778766,0.825280427326,39.7363317057,239,
42.0,1.159,0.0709790060157,-12.0,0.255472434903,0.551479534818,0.783705240963,0.819263368189,37.3557291562,239,
48.0,1.159,0.0327500224695,-6.0,0.213013882757,0.52906652849,0.788969605311,0.831041626214,37.9257257705,239,
54.0,1.159,0.0944362736022,-6.0,0.276236424619,0.561129692664,0.782732482799,0.817136208096,37.3955453071,239,
