LeadTime (HRS), obsMax (m MSL), Peak (m), PLag (min), Bias(m), RMSD (m), RVal, Skil, VExp (%), nPts,
-0.0,0.132,-0.139904543917,-48.0,-0.191140616132,0.200248697218,0.859803281198,0.543131508022,37.3867958259,240,
6.0,0.132,-0.151245331302,-48.0,-0.200857758361,0.209645848896,0.860619389451,0.52645650299,37.1364203527,239,
18.0,0.132,-0.0162124492952,-18.0,0.00949723247127,0.0275497902895,0.967794817801,0.975947348751,72.9330459441,239,
24.0,0.132,0.0423964338305,-24.0,0.0635147177871,0.0690100853404,0.962811838938,0.870874012004,71.7550822873,239,
30.0,0.132,0.0758045744337,-18.0,0.0894378412415,0.0950981553,0.941327248299,0.791130753305,66.1737255038,239,
42.0,0.132,0.0435188683405,-24.0,0.0551315490147,0.0594378771924,0.974027890279,0.9046614723,76.7522306499,239,
48.0,0.132,0.0505776300717,-24.0,0.0517255337319,0.0586733522685,0.957294260808,0.910309889059,71.0132225335,239,
54.0,0.132,0.0486043067551,-18.0,0.0526828651392,0.0637453384387,0.928073552121,0.893269804441,62.4380116708,239,
