LeadTime (HRS), obsMax (m MSL), Peak (m), PLag (min), Bias(m), RMSD (m), RVal, Skil, VExp (%), nPts,
-0.0,0.918,-0.230365320612,-30.0,-0.0621117171452,0.295677723229,0.876147519709,0.908312894766,49.7376260533,240,
6.0,0.918,-0.234572001873,-30.0,-0.081791121437,0.281921042145,0.893859288215,0.919544184254,53.0863450788,239,
18.0,0.918,-0.134895551599,-36.0,0.0244129888994,0.233775259911,0.924669904855,0.946642990463,59.5720433894,239,
24.0,0.918,-0.068769311023,-42.0,0.0603698335903,0.231255122946,0.926995848963,0.95019767681,61.182369002,239,
30.0,0.918,-0.078672433202,-30.0,0.0589675259176,0.220267233037,0.937082405598,0.954523990211,63.0966431246,239,
42.0,0.918,-0.0580254915366,-36.0,0.0868160609323,0.239797977546,0.925547740273,0.947316871419,61.1311387406,239,
48.0,0.918,0.00834766226165,-36.0,0.134685372415,0.249040508919,0.934676292589,0.945123327712,63.5747342356,239,
54.0,0.918,-0.0394513516976,-30.0,0.100003921688,0.24306331775,0.926751002802,0.946293016699,61.4777041495,239,
