LeadTime (HRS), obsMax (m MSL), Peak (m), PLag (min), Bias(m), RMSD (m), RVal, Skil, VExp (%), nPts,
-0.0,0.937,-0.337587346241,-6.0,-0.332582299639,0.343051761011,0.991206263831,0.925175575423,85.7897992859,240,
6.0,0.937,-0.413136732076,-18.0,-0.374593391632,0.383002813775,0.991121164498,0.906468902593,86.5370912614,239,
18.0,0.937,-0.226321991689,-24.0,-0.208914958952,0.215225871298,0.996185995035,0.967946485367,91.2735411599,239,
24.0,0.937,-0.150793744518,-18.0,-0.133632012436,0.142909559082,0.996358410768,0.985660466652,91.4565414647,239,
30.0,0.937,-0.155000341372,-18.0,-0.145778641774,0.151276203359,0.997731524088,0.984087264435,93.1838317629,239,
42.0,0.937,-0.129730564736,-18.0,-0.108690185371,0.114250683864,0.998235057321,0.990771147877,94.0613375876,239,
48.0,0.937,-0.0173812846689,-12.0,-0.00141719607225,0.0416593980052,0.997534994956,0.998764559114,92.977391201,239,
54.0,0.937,-0.101004683222,-18.0,-0.0787632960249,0.091712932998,0.996856687781,0.994028026493,92.0750297362,239,
