LeadTime (HRS), obsMax (m MSL), Peak (m), PLag (min), Bias(m), RMSD (m), RVal, Skil, VExp (%), nPts,
-0.0,0.61,-0.305414231735,-60.0,-0.164127262037,0.257661221338,0.782690277036,0.813637207275,37.4292082709,240,
6.0,0.61,-0.343742619806,-66.0,-0.179746926363,0.273026803014,0.765442640121,0.790577646535,35.3886755062,239,
18.0,0.61,-0.142158046619,-66.0,-0.041226545218,0.155797704305,0.884878349402,0.922970769084,52.7641704868,239,
24.0,0.61,-0.105671552688,-24.0,0.00360387314335,0.142682893416,0.897384864321,0.936120935007,55.1556861119,239,
30.0,0.61,-0.0833126669908,-24.0,0.0277595427835,0.136640348773,0.910368742821,0.943113213021,57.9369772414,239,
42.0,0.61,-0.160931569106,-30.0,-0.00155843223803,0.137599821024,0.903292598633,0.942916055033,56.7422362039,239,
48.0,0.61,-0.138482453024,-42.0,0.00292371097707,0.144155713639,0.892138546802,0.937586824284,54.6876514942,239,
54.0,0.61,-0.113519719924,-36.0,0.0282775120057,0.142008141582,0.902285085905,0.937865272952,56.2476077397,239,
