LeadTime (HRS), obsMax (m MSL), Peak (m), PLag (min), Bias(m), RMSD (m), RVal, Skil, VExp (%), nPts,
-0.0,0.651,-0.139712020117,-786.0,-0.0746608150422,0.121557341183,0.946869914359,0.954426593592,67.7188005411,240,
6.0,0.651,-0.133062750579,-786.0,-0.0722689530493,0.114689354167,0.955076802419,0.959195553137,70.0321649968,239,
12.0,0.651,-0.169525749271,-780.0,-0.141444148329,0.163693798931,0.96186554218,0.922109684928,72.2728451552,239,
18.0,0.651,-0.180464691252,-780.0,-0.141672185683,0.161048065167,0.967592068156,0.924513647203,74.2280636845,239,
24.0,0.651,-0.211424797921,-780.0,-0.135365611704,0.153279542824,0.971883917638,0.931261624063,75.8023502826,239,
30.0,0.651,-0.240049891359,-30.0,-0.14149776302,0.156416664825,0.977386620101,0.928013974515,77.5658408814,239,
36.0,0.651,-0.27206744143,-30.0,-0.193509049034,0.20493978264,0.977067220742,0.883032075064,77.2899060647,239,
36.0,0.651,-0.247689307449,-30.0,-0.184370541184,0.19721116403,0.974928600054,0.89070845675,76.4450374981,239,
48.0,0.651,-0.245119597696,-18.0,-0.187258543469,0.199731586562,0.97435932444,0.889914158949,76.6206864402,239,
54.0,0.651,-0.250279671955,-12.0,-0.189615999286,0.200945709666,0.977391336293,0.888095150747,77.6153743826,239,
