LeadTime (HRS), obsMax (m MSL), Peak (m), PLag (min), Bias(m), RMSD (m), RVal, Skil, VExp (%), nPts,
-0.0,2.301,1.17660091847,-42.0,1.07570057734,1.09342826341,0.993379499327,0.899619259521,87.7811225188,239,
6.0,2.301,1.14757412427,-6.0,1.07869940861,1.0957446832,0.9936787005,0.899361026782,88.0061799048,240,
12.0,2.301,1.14676719431,-42.0,1.07789627037,1.09458252298,0.993946824668,0.899815419539,88.1385280501,240,
18.0,2.301,1.16311536465,-30.0,1.08061554444,1.09773445286,0.993718016525,0.899095199891,87.9695112775,240,
24.0,2.301,1.18826239901,-18.0,1.07926788285,1.09594114363,0.994009245369,0.899612806648,88.1356984565,240,
30.0,2.301,1.19531429999,-24.0,1.07776093162,1.09378614869,0.994235414093,0.89988404146,88.378344659,240,
36.0,2.301,1.22569219252,-24.0,1.07625124323,1.0920439152,0.994388958012,0.900242714648,88.4716165385,240,
42.0,2.301,1.19820072435,-24.0,1.07545448816,1.09124903183,0.994270139134,0.900122689923,88.4751656393,240,
48.0,2.301,1.18718910812,-18.0,1.07421817201,1.08973284003,0.994385617865,0.900362287057,88.5849882663,240,
54.0,2.301,1.19212629283,-24.0,1.08028041641,1.09456890248,0.994836331424,0.899594730658,89.017806267,240,
60.0,2.301,1.19696419814,-24.0,1.07800505014,1.09140511914,0.995257759085,0.900240363449,89.3780131487,240,
66.0,2.301,1.18822430011,-24.0,1.07963778225,1.09375067854,0.9948791209,0.899641738057,89.089160685,240,
72.0,2.301,1.18910458881,-24.0,1.0809139793,1.09436900878,0.995162476595,0.899609586981,89.3418552339,240,
78.0,2.301,1.17853350293,-24.0,1.076691308,1.08958724109,0.995438897023,0.900478984914,89.5872619912,240,
84.0,2.301,1.16534493407,-24.0,1.0668535472,1.08031278831,0.99515616309,0.901741875789,89.4093031323,240,
90.0,2.301,1.18030740426,-24.0,1.06930334358,1.08219316191,0.995435832389,0.901605865258,89.6253100396,240,
96.0,2.301,1.19797953404,-18.0,1.06834744194,1.08148663402,0.995434948569,0.90189477593,89.5294810211,240,
102.0,2.301,1.19762321554,-18.0,1.06802792626,1.08013217884,0.995983942742,0.902428940245,89.9542187153,240,
108.0,2.301,1.19012420976,-18.0,1.06654550778,1.07848541453,0.995933147629,0.902460937064,90.0299197827,240,
114.0,2.301,1.19615991728,-24.0,1.07386196857,1.08610450552,0.995827685953,0.901340228749,89.8692727473,240,
120.0,2.301,1.17887359329,-18.0,1.0715797032,1.08323548098,0.996039572034,0.901770370126,90.1268201219,240,
126.0,2.301,1.19056086096,-18.0,1.07066308547,1.08193587602,0.996249986963,0.902083818443,90.2953765608,240,
