LeadTime (HRS), obsMax (m MSL), Peak (m), PLag (min), Bias(m), RMSD (m), RVal, Skil, VExp (%), nPts,
-0.0,2.474,1.1952512544,-24.0,1.15625580226,1.16440158624,0.996716366571,0.893821149414,91.7700633227,239,
6.0,2.474,1.26945717106,0.0,1.15127788048,1.15849405505,0.997150156173,0.894589207961,92.2559299857,240,
12.0,2.474,1.31524720612,-6.0,1.14899568122,1.15678350497,0.996907738647,0.894692637807,91.9619978224,240,
18.0,2.474,1.30671755119,-6.0,1.14961846658,1.15686359639,0.997149459201,0.894850324742,92.2459368895,240,
24.0,2.474,1.27305423533,-6.0,1.14407471635,1.15079630919,0.997362008367,0.895745216101,92.5501685468,240,
30.0,2.474,1.21134733794,-6.0,1.14673025274,1.15129421777,0.998238344591,0.895839357133,93.8570117677,240,
36.0,2.474,1.19190897156,0.0,1.1437247424,1.14863367211,0.998115946143,0.896322260537,93.6369421388,240,
42.0,2.474,1.19229383105,-6.0,1.14084906905,1.14553097044,0.998238725397,0.896948843275,93.793931765,240,
48.0,2.474,1.18395602059,-6.0,1.14090416179,1.14632907308,0.997958385944,0.896903583022,93.3183649323,240,
54.0,2.474,1.17243085016,-6.0,1.13707795578,1.14183283963,0.998247441918,0.897703636518,93.7559722477,240,
60.0,2.474,1.13880208119,0.0,1.1257429557,1.13023576742,0.998388700514,0.899641429752,93.9611003269,240,
66.0,2.474,1.1285744086,0.0,1.10351271941,1.10831561439,0.998300348425,0.903031652918,93.8175806605,240,
72.0,2.474,1.12005617995,0.0,1.11141413108,1.11639974085,0.998202324247,0.901710966928,93.6783594454,240,
78.0,2.474,1.12848585784,-6.0,1.11835071531,1.1235163712,0.99810520494,0.900539737411,93.5449609776,240,
84.0,2.474,1.13662254445,0.0,1.12921127669,1.13426415022,0.998123711744,0.898828040234,93.5851233281,240,
90.0,2.474,1.15269497073,6.0,1.130667367,1.1357227849,0.99815292954,0.898729019672,93.5793784349,240,
96.0,2.474,1.12609393225,0.0,1.10484756287,1.11059252267,0.997932681191,0.902666264477,93.2328670758,240,
102.0,2.474,1.07819845789,0.0,1.08257127612,1.08861321851,0.99784362172,0.905973895886,93.1298240556,240,
108.0,2.474,1.07070239362,0.0,1.08969611667,1.09607388524,0.997675779255,0.904704494888,92.9178060832,240,
114.0,2.474,1.08327154211,-6.0,1.0824919188,1.0882659559,0.997935041879,0.90598833816,93.2845258366,240,
120.0,2.474,1.07626023357,-6.0,1.08352613835,1.08902829879,0.998034740967,0.90585258013,93.4418225501,240,
126.0,2.474,1.09607855355,-6.0,1.0892686655,1.09511937632,0.997876830283,0.904849231188,93.2188958172,240,
