LeadTime (HRS), obsMax (m MSL), Peak (m), PLag (min), Bias(m), RMSD (m), RVal, Skil, VExp (%), nPts,
-0.0,0.412,1.5067079172,-636.0,1.55473372657,1.56178420705,-0.0762069929166,0.12464611405,0.0,240,
6.0,0.412,1.53370222745,174.0,1.64957226091,1.65384031497,0.333220830599,0.121087789015,5.675098024,239,
12.0,0.412,1.4259414553,390.0,1.51545658756,1.52046380831,0.225538049954,0.129768821715,2.05696520222,239,
18.0,0.412,1.54595609533,354.0,1.6474520093,1.65198588245,0.243722268116,0.120953614293,2.84063697219,239,
24.0,0.412,1.42697073782,216.0,1.51730799054,1.52234932719,0.23249309217,0.130106957744,1.66340641142,239,
30.0,0.412,1.52385513663,-192.0,1.64686100568,1.6514132791,0.240360779645,0.121062878405,2.66084958571,239,
36.0,0.412,1.43233650666,240.0,1.50485237513,1.50929843752,0.392851612831,0.131669437095,8.03972466824,239,
42.0,0.412,1.52414130091,570.0,1.6402090961,1.64401730634,0.485344322252,0.122114281737,11.160317072,239,
48.0,0.412,1.41789727103,72.0,1.50396880773,1.50871757098,0.314650339538,0.131322549902,4.98389592602,239,
54.0,0.412,1.52614040725,534.0,1.62134649095,1.62591560555,0.263361668967,0.122752950974,3.23803153778,239,
60.0,0.412,nan,nan,nan,nan,nan,nan,nan,0,
66.0,0.412,1.51589046417,180.0,1.62488176676,1.62955794635,0.219315645685,0.122406402135,2.05024379114,239,
72.0,0.412,1.41130098807,144.0,1.50701682047,1.51306309397,-0.0159964759439,0.129835526737,0.0,239,
78.0,0.412,1.54392721916,-156.0,1.64758229587,1.65263172104,0.0538214241011,0.120381326349,0.0,239,
84.0,0.412,1.4414205353,-12.0,1.50319511652,1.50912309642,-0.00987399576998,0.130147107127,0.0,239,
90.0,0.412,1.57026049536,480.0,1.64351782677,1.64904956831,-0.0517512018715,0.120119331483,0.0,239,
96.0,0.412,1.40910342494,594.0,1.52376214582,1.52924357581,0.0814217139653,0.128850700682,0.0,239,
102.0,0.412,1.55077928116,-252.0,1.64775720148,1.65322403409,-0.118005885468,0.119815371753,0.0,239,
108.0,0.412,1.43242230314,426.0,1.52178663644,1.52755277017,0.00632845540204,0.128619458092,0.0,239,
114.0,0.412,1.5311366854,480.0,1.65402946405,1.65903912398,0.0511094646572,0.119936073533,0.0,239,
120.0,0.412,1.40500156732,24.0,1.52569171015,1.53157110658,-0.00890852108982,0.128256874998,0.0,239,
126.0,0.412,1.5488910183,114.0,1.64591840929,1.65109891337,0.00519408140718,0.120363272082,0.0,239,
