LeadTime (HRS), obsMax (m MSL), Peak (m), PLag (min), Bias(m), RMSD (m), RVal, Skil, VExp (%), nPts,
-0.0,0.468,-0.118609321047,120.0,0.110803985314,0.130095233281,0.989372313578,0.926884214998,73.910734499,240,
6.0,0.468,-0.0882912164431,120.0,0.155131362287,0.173886772655,0.986011913568,0.875858839576,69.9937884461,239,
12.0,0.468,-0.173543575452,120.0,0.0934084765299,0.122592258401,0.991534477428,0.929718308363,69.6725173464,239,
18.0,0.468,-0.171577583695,114.0,0.0720853604652,0.107673254442,0.986108265379,0.944975566333,69.4483996848,239,
24.0,0.468,-0.175070177834,96.0,0.0882719639996,0.1220084292,0.99019982814,0.928372417057,67.8273272255,239,
30.0,0.468,-0.172752838217,78.0,0.0764307985052,0.116576808845,0.985047340499,0.933251296139,66.3762325886,239,
36.0,0.468,-0.18737022787,30.0,0.0849983559644,0.131959214494,0.971413544347,0.912601901194,61.4438748105,239,
42.0,0.468,-0.13025930851,36.0,0.0973911541606,0.133859492393,0.970936375037,0.915507526811,64.9217896417,239,
48.0,0.468,-0.205593358085,36.0,0.0825443362465,0.135735572115,0.967250986977,0.904128329945,58.8409933092,239,
54.0,0.468,-0.222817324711,84.0,0.114785072935,0.171637259897,0.953769917776,0.843292693791,51.2566930855,239,
60.0,0.468,nan,nan,nan,nan,nan,nan,nan,0,
66.0,0.468,-0.253934856404,108.0,0.152406574654,0.22822853907,0.839306961691,0.728929778088,35.3179811921,239,
72.0,0.468,-0.247340925339,78.0,0.110408730063,0.186817433242,0.894484283915,0.809790854307,42.6218478664,239,
78.0,0.468,-0.339917409817,-48.0,0.0272199981929,0.153405709176,0.894262705185,0.850535707475,42.5187114,239,
84.0,0.468,-0.413301335152,-48.0,-0.0298463154233,0.172122914044,0.883874948556,0.784192246938,35.4582158154,239,
90.0,0.468,-0.351551178444,-48.0,0.0103264626643,0.157917841522,0.882096639776,0.834349225767,40.0026172437,239,
96.0,0.468,-0.382342944973,-48.0,0.0613079365009,0.210466023167,0.721057261659,0.672858569491,23.3417415856,239,
102.0,0.468,-0.368573076743,132.0,0.120961701303,0.238963631609,0.670167583064,0.645255158434,21.5338419262,239,
108.0,0.468,-0.399316808496,138.0,0.0969013197913,0.225210662441,0.680282660189,0.669843891374,22.5958571577,239,
114.0,0.468,-0.384390121415,30.0,0.0657620903859,0.192241786629,0.878485345367,0.732528840135,31.2211122314,239,
120.0,0.468,-0.353305710738,138.0,0.144740622089,0.251680520564,0.675434770612,0.631220624435,21.6065254346,239,
126.0,0.468,-0.377715673514,120.0,0.106258251773,0.215646305658,0.839402414037,0.694850325793,28.5536353018,239,
