LeadTime (HRS), obsMax (m MSL), Peak (m), PLag (min), Bias(m), RMSD (m), RVal, Skil, VExp (%), nPts,
-0.0,0.993,0.267808603153,-18.0,0.159302003626,0.182346325364,0.990936251336,0.955714621614,77.3703800954,240,
6.0,0.993,0.193368932449,30.0,0.103839887326,0.134215024131,0.991478380999,0.975340626544,78.3321901966,239,
12.0,0.993,0.293725532138,-18.0,0.185801413643,0.202562384283,0.99242009524,0.945385434418,79.4417438549,239,
18.0,0.993,0.23735717456,-12.0,0.1493110036,0.168623245822,0.993360923931,0.961436735779,80.0334822892,239,
24.0,0.993,0.283979691329,6.0,0.197963424353,0.212052557969,0.994143274531,0.940428454756,80.6331112784,239,
30.0,0.993,0.225143870403,6.0,0.126183884119,0.147554961486,0.994190590699,0.970211440115,80.510587648,239,
36.0,0.993,0.307405060191,0.0,0.20495651696,0.218803283601,0.994075639071,0.93688259178,80.4812777227,239,
42.0,0.993,0.247424799528,-6.0,0.145960846236,0.167083129785,0.992513552653,0.962180834318,79.2799676052,239,
48.0,0.993,0.278566722659,0.0,0.193481812883,0.208765080125,0.993279681742,0.942155414649,80.0210907988,239,
54.0,0.993,0.234767136567,0.0,0.143396981129,0.164007150244,0.993068028364,0.963486374388,79.7178986742,239,
60.0,0.993,nan,nan,nan,nan,nan,nan,nan,0,
66.0,0.993,0.134842162065,-6.0,0.0363196332727,0.096734913235,0.989791875834,0.987074886492,77.1910500355,239,
72.0,0.993,0.141330030546,0.0,0.0433857171751,0.0991050732485,0.990754694358,0.986506685317,77.3319856451,239,
78.0,0.993,0.0849360239546,-6.0,-0.0208461077618,0.0908948502937,0.990970139108,0.988620455445,77.4926997831,239,
84.0,0.993,0.046037458825,6.0,-0.0591422426117,0.101726704437,0.994406822368,0.985894931432,78.9438615314,239,
90.0,0.993,-0.00391607412738,-6.0,-0.108633249813,0.138130163436,0.993041526819,0.974258981381,78.2957037115,239,
96.0,0.993,0.00259674733618,6.0,-0.110578258543,0.139441888742,0.991481999174,0.9734966921,78.3887435963,239,
102.0,0.993,0.0193071797167,6.0,-0.0961993547016,0.130943565381,0.9913113206,0.976758008085,77.4000299286,239,
108.0,0.993,-0.027645612897,12.0,-0.12579215439,0.152730347874,0.99320329186,0.968851542842,77.9640684388,239,
114.0,0.993,-0.0265211280877,6.0,-0.118890659819,0.146251464474,0.993701538243,0.971342079945,78.331899799,239,
120.0,0.993,-0.134719567257,6.0,-0.214664792043,0.231727727321,0.995115368465,0.932135352809,77.7974752651,239,
126.0,0.993,-0.164560219969,12.0,-0.245283878561,0.262258565726,0.994634557908,0.915633876772,76.3868400008,239,
