LeadTime (HRS), obsMax (m MSL), Peak (m), PLag (min), Bias(m), RMSD (m), RVal, Skil, VExp (%), nPts,
-0.0,0.142,0.609699894143,612.0,0.748572304916,0.751430451834,0.204757571178,0.121612311188,2.09404386658,240,
6.0,0.142,0.620380663033,222.0,0.752787557401,0.755814471702,0.0449839367544,0.120673403049,0.0,239,
12.0,0.142,0.624701144011,276.0,0.757000632805,0.759920766949,0.123571649174,0.120164404206,0.571675915078,239,
18.0,0.142,0.624953240556,-138.0,0.758441170294,0.761368420297,0.117007933505,0.120026525065,0.355879798863,239,
24.0,0.142,0.620618123749,90.0,0.755596991768,0.758394209631,0.239092578145,0.120876679256,2.78080938279,239,
30.0,0.142,0.627444499318,708.0,0.752691795846,0.755618814639,0.131188149461,0.120693077963,0.737472917943,239,
36.0,0.142,0.623021699016,480.0,0.755572032297,0.758585691341,0.0453966320907,0.120243177921,0.0,239,
42.0,0.142,0.618192857285,612.0,0.751570312367,0.754443333357,0.18549835329,0.12100783554,1.73224556075,239,
48.0,0.142,0.615913790837,-180.0,0.749767586281,0.752710534251,0.125277982844,0.121443855164,0.660367460027,239,
54.0,0.142,0.612764128604,-24.0,0.748635339165,0.751573490906,0.132323128301,0.121630906766,0.816335902791,239,
60.0,0.142,nan,nan,nan,nan,nan,nan,nan,0,
66.0,0.142,0.623527921622,450.0,0.747998459677,0.75105609676,0.0755487522177,0.122457977884,0.0,239,
72.0,0.142,0.624916293369,-402.0,0.750731105033,0.753879902345,0.0133118569545,0.121533659407,0.0,239,
78.0,0.142,0.630286015113,510.0,0.757404663649,0.760338323818,0.155201844897,0.121108406783,1.13249210034,239,
84.0,0.142,0.627806441876,-312.0,0.760559111244,0.763567083003,0.0769914751179,0.120463799387,0.0,239,
90.0,0.142,0.631998196776,-564.0,0.758379830176,0.761414514352,0.0694277642833,0.120839743317,0.0,239,
96.0,0.142,0.628120560039,6.0,0.75612795522,0.759277524503,-0.000340934135804,0.121004004191,0.0,239,
102.0,0.142,0.617254528162,0.0,0.754424003826,0.757367053661,0.158506729356,0.121785917492,1.1687560427,239,
108.0,0.142,0.620029256319,324.0,0.748006275872,0.751085258953,0.0757380321276,0.122504240323,0.0,239,
114.0,0.142,0.611033639155,600.0,0.747006834208,0.750314711092,-0.0937850201647,0.12182793112,0.0,239,
120.0,0.142,0.613199192688,-276.0,0.739605380207,0.742824492003,-0.0370907728087,0.123183890449,0.0,239,
126.0,0.142,0.61355473953,756.0,0.739426932948,0.742632439199,-0.0425831070214,0.123223145905,0.0,239,
