LeadTime (HRS), obsMax (m MSL), Peak (m), PLag (min), Bias(m), RMSD (m), RVal, Skil, VExp (%), nPts,
-0.0,3.19,-0.3978150012,18.0,0.365133002111,1.03846418146,0.913654657564,0.928596366776,56.5338963657,239,
6.0,3.19,-0.465176330898,18.0,0.30764443838,1.03022727121,0.912398546147,0.928399446593,55.9593965858,240,
12.0,3.19,-0.409738789876,18.0,0.336618343201,1.03453939722,0.912672335877,0.928308371178,56.1823516562,240,
18.0,3.19,-0.528975962867,18.0,0.21756851932,1.0066416004,0.912128814464,0.931436469878,55.9760706918,240,
24.0,3.19,-0.327075382152,18.0,0.415848549464,1.05461315347,0.914399878186,0.926183219444,56.5890303864,240,
30.0,3.19,-0.538984678623,18.0,0.196868372274,0.997864687093,0.913010726321,0.932711024168,56.1819642347,240,
36.0,3.19,-0.392179268162,18.0,0.330780303466,1.02052911262,0.915908497072,0.930312303339,56.7560768307,240,
42.0,3.19,-0.63160462604,18.0,0.114961381636,0.99685530529,0.91136557018,0.932110121042,55.646594092,240,
48.0,3.19,-0.29011930904,18.0,0.470046444423,1.07557274801,0.915524884714,0.923317280674,56.6668796031,240,
54.0,3.19,-0.583859773473,12.0,0.177355690451,0.988834494833,0.915051482832,0.933724108577,56.4261948269,240,
60.0,3.19,-0.21824026945,18.0,0.540568107072,1.08742845509,0.921865402798,0.922196406184,57.7363340659,240,
66.0,3.19,-0.461272394327,12.0,0.305577940155,1.00803209175,0.91871558614,0.931447321008,56.9726671733,240,
72.0,3.19,0.0159614479304,18.0,0.731049214366,1.18616565277,0.922415999454,0.910174441405,58.1593077751,240,
78.0,3.19,-0.323972720943,18.0,0.407888488339,1.03567740324,0.918646674668,0.928926147306,57.3590046782,240,
84.0,3.19,-0.151082755598,24.0,0.580707771608,1.13539623117,0.913416808172,0.915356785732,56.298275664,240,
90.0,3.19,-0.437090393933,18.0,0.285332900486,0.984526185875,0.922747322252,0.934838656285,57.7935722748,240,
96.0,3.19,0.057470927661,18.0,0.713853407709,1.15903863247,0.927859528847,0.9140485496,59.09946876,240,
102.0,3.19,-0.30379701073,12.0,0.356057101978,0.975674103232,0.931570391963,0.93635810663,59.311455297,240,
108.0,3.19,-0.177026591677,18.0,0.543563681756,1.11637374825,0.916322319641,0.916847788305,56.3229411726,240,
114.0,3.19,-0.427633035445,12.0,0.270158016657,0.974659049783,0.926099479152,0.935605505026,58.0534941382,240,
120.0,3.19,0.0676162352181,18.0,0.769769230446,1.20972836816,0.923742861161,0.906563519587,58.1990774675,240,
126.0,3.19,-0.260913607824,18.0,0.456803180256,1.0303475645,0.926091134446,0.929979775624,58.632124447,240,
