LeadTime (HRS), obsMax (m MSL), Peak (m), PLag (min), Bias(m), RMSD (m), RVal, Skil, VExp (%), nPts,
-0.0,2.212,0.998122804103,-24.0,0.733817753944,0.79018946391,0.986607143478,0.943515542033,81.2061399124,239,
6.0,2.212,0.508820472036,-42.0,0.226428531427,0.365951366225,0.987315620488,0.987254378268,81.5477707357,240,
12.0,2.212,0.968774040886,-36.0,0.713256925392,0.769732162495,0.987527037785,0.946401906461,81.4252041541,240,
18.0,2.212,0.641116342347,-30.0,0.375072870033,0.473907789134,0.987412074487,0.978894237429,81.4078273419,240,
24.0,2.212,1.23495220413,-30.0,0.962684852533,1.00605195757,0.987260427977,0.912213297455,81.2457333451,240,
30.0,2.212,0.782107901047,-30.0,0.518994815942,0.595520860459,0.987127049013,0.96709222477,81.2555041671,240,
36.0,2.212,1.21589919678,-30.0,0.939859700675,0.984057108297,0.987322296958,0.915644536593,81.2838040726,240,
42.0,2.212,0.926315452082,-30.0,0.650060707681,0.712287720124,0.98725700978,0.953658456814,81.312138241,240,
48.0,2.212,1.48504453914,-30.0,1.22480771984,1.2599780404,0.986844592231,0.869781866784,81.02600953,240,
54.0,2.212,1.21882632147,-24.0,0.950272760311,0.994899087172,0.986831830385,0.913823725398,81.0896050766,240,
60.0,2.212,1.33156285479,-24.0,1.068298071,1.10918404571,0.986346909627,0.895330585927,80.8490414498,240,
66.0,2.212,1.11267335742,-24.0,0.852663133914,0.902209841932,0.986621655985,0.927749086415,81.0741111478,240,
72.0,2.212,1.53636601857,-18.0,1.2665577945,1.30032284919,0.986676792632,0.862385688321,81.1043164844,240,
78.0,2.212,1.55959564392,-18.0,1.29908048963,1.33098176005,0.986994454092,0.856663707437,81.40855941,240,
84.0,2.212,1.29599556481,-18.0,1.03632321974,1.07749143326,0.986759986829,0.900586785968,81.0660815291,240,
90.0,2.212,1.20764974873,-24.0,0.923041006002,0.968403574806,0.987104770023,0.917994719514,81.19940169,240,
96.0,2.212,1.36285837774,-18.0,1.08603104771,1.12502631836,0.98683472731,0.892676375794,81.1534433272,240,
102.0,2.212,1.75375669209,-18.0,1.46955594192,1.49848031971,0.986913973463,0.826587000697,81.1941635895,240,
108.0,2.212,0.837857617794,-18.0,0.569197276503,0.64193020316,0.986563093851,0.961959247235,80.9503719367,240,
114.0,2.212,0.817325756115,-24.0,0.563224243505,0.635689904108,0.9865412388,0.962572191689,81.081521301,240,
120.0,2.212,0.635244824118,-24.0,0.363101523524,0.468649705258,0.986358450795,0.97926421916,80.9827312625,240,
126.0,2.212,1.15856924657,-18.0,0.88261343459,0.930716099171,0.98681054816,0.923684854166,81.0439007207,240,
