LeadTime (HRS), obsMax (m MSL), Peak (m), PLag (min), Bias(m), RMSD (m), RVal, Skil, VExp (%), nPts,
-0.0,1.149,0.400664572392,-12.0,0.295287538447,0.318200644069,0.990502260703,0.956877932958,83.628346359,200,
6.0,1.149,0.403668105207,-6.0,0.19025492528,0.219482446102,0.992209779918,0.978907009278,84.8561150865,201,
12.0,1.149,0.466370855112,0.0,0.285500472749,0.303869285707,0.99330784244,0.960452147615,85.6013096343,201,
18.0,1.149,0.379924350668,0.0,0.25779458786,0.274031268763,0.995190645499,0.967622991597,87.1405653802,201,
24.0,1.149,0.519786561276,0.0,0.396983572756,0.409875727193,0.994175226753,0.93096441857,85.8859979236,201,
30.0,1.149,0.443126177217,0.0,0.289130495113,0.30638012135,0.994232847404,0.960030666624,85.974345984,201,
36.0,1.149,0.531077988846,0.0,0.356931490033,0.367936440479,0.995833968118,0.943331124551,87.6401838282,201,
42.0,1.149,0.649035874083,0.0,0.463282447212,0.472240601441,0.99531995164,0.910110583985,87.3315046527,201,
48.0,1.149,0.669644010581,0.0,0.471563179621,0.480359849589,0.995316364264,0.907432459595,87.3366506316,201,
54.0,1.149,0.557953467856,0.0,0.369094581186,0.380641396418,0.995367522355,0.939710735161,87.1242123114,201,
60.0,1.149,0.611995999777,0.0,0.416958689036,0.425786212411,0.996347506958,0.92579050489,88.0640764689,201,
66.0,1.149,0.571445533483,0.0,0.376672242143,0.385795170052,0.996517742955,0.938002131828,88.4583928552,201,
72.0,1.149,0.699084740926,0.0,0.520203088759,0.526467922751,0.997177236561,0.891729306766,88.7940571166,201,
78.0,1.149,0.654906882231,0.0,0.470293951788,0.47663306277,0.997337370452,0.908855932842,89.2783665964,201,
84.0,1.149,0.625397523033,0.0,0.433043570041,0.440282231996,0.997763234583,0.921632673767,88.9971341928,201,
90.0,1.149,0.554809852864,0.0,0.381271015625,0.388861596537,0.997612889191,0.937230150932,89.4194367677,201,
96.0,1.149,0.674685137334,0.0,0.538812335696,0.543976351962,0.997979639335,0.885436690262,89.6520534095,201,
102.0,1.149,0.680413904844,0.0,0.525051363222,0.531170649542,0.99742817728,0.89035884031,88.8745773891,201,
108.0,1.149,0.411554810543,0.0,0.323869586062,0.336000637435,0.995985934227,0.952384018943,87.6186782566,201,
114.0,1.149,0.357368204612,-732.0,0.304148377271,0.321504176692,0.993990355099,0.956372915584,85.5795954305,201,
120.0,1.149,0.564160576614,0.0,0.422903638729,0.430009197005,0.997625978284,0.9246281833,89.2269183663,201,
126.0,1.149,0.642810632298,0.0,0.499085378363,0.505609806075,0.997506663023,0.899573832559,88.7959021004,201,
