LeadTime (HRS), obsMax (m MSL), Peak (m), PLag (min), Bias(m), RMSD (m), RVal, Skil, VExp (%), nPts,
-0.0,0.876,0.197291583781,-90.0,0.109118867313,0.154155116256,0.950320403083,0.9503232073,67.93949627,240,
6.0,0.876,0.151129587135,-96.0,0.0916838168418,0.142545726743,0.950206925412,0.957103760201,67.8180596621,239,
12.0,0.876,0.151062522405,-24.0,0.154028996549,0.180427230619,0.96318379888,0.933999800463,72.2953838038,239,
18.0,0.876,0.119520164741,-24.0,0.119989788581,0.150013404377,0.96562129318,0.952943560194,73.4532717498,239,
24.0,0.876,0.116482619741,-90.0,0.11689936419,0.146220609366,0.967662917153,0.955551563041,74.1021822498,239,
30.0,0.876,0.0866085911858,-18.0,0.0995868532878,0.136841785016,0.962638131511,0.96038645435,72.3282271775,239,
36.0,0.876,0.0842782144745,-48.0,0.0948837849846,0.133047918532,0.96364406764,0.962808251735,72.5004790216,239,
42.0,0.876,0.0448306600875,-90.0,0.0541510112037,0.112747260833,0.958534455601,0.972609533354,70.8421238072,239,
48.0,0.876,nan,nan,nan,nan,nan,nan,nan,0,
54.0,0.876,0.0641697089735,-96.0,0.0413211993085,0.112211938682,0.955118879793,0.973226357258,69.253045516,239,
60.0,0.876,-0.152991294898,-54.0,-0.147265100345,0.186132810741,0.945748547237,0.929043712291,66.450797185,239,
66.0,0.876,-0.0510004243487,-48.0,-0.100643238665,0.146980204415,0.958410747595,0.957378228307,68.4306264754,239,
72.0,0.876,-0.0195284331876,-84.0,0.00391003377279,0.116389837414,0.942579116231,0.970393874257,65.7172110823,239,
78.0,0.876,-0.157815211242,-72.0,-0.130027266,0.17465283612,0.942246856081,0.936077803016,65.6346933318,239,
84.0,0.876,-0.0442440351903,-72.0,-0.0936170577156,0.146489242414,0.953601272007,0.957475154709,66.793607681,239,
90.0,0.876,-0.108420099191,-72.0,-0.114564305223,0.152424080238,0.957724049263,0.95160433151,70.3693289079,239,
96.0,0.876,0.0135257328953,-72.0,-0.036583942293,0.127902634877,0.944846001578,0.966971718453,63.8796988121,239,
102.0,0.876,0.000860082795135,-78.0,-0.0580111656534,0.129488708735,0.951718645095,0.966526099862,65.8813697524,239,
108.0,0.876,0.228794998402,-90.0,0.208725066788,0.243048471281,0.939783686664,0.889312942342,63.3003550583,239,
114.0,0.876,0.0737829963101,-96.0,0.130981098051,0.207315099583,0.890230419714,0.90835990528,52.6397635838,239,
120.0,0.876,0.214201313953,-90.0,0.310238361807,0.360265472875,0.857341702829,0.772150598966,46.0228892888,239,
126.0,0.876,0.20010982339,-72.0,0.282493600261,0.334824496017,0.864231202043,0.797376737836,47.028791978,239,
