LeadTime (HRS), obsMax (m MSL), Peak (m), PLag (min), Bias(m), RMSD (m), RVal, Skil, VExp (%), nPts,
-0.0,3.13,0.580534849886,-6.0,0.167726067933,0.284414939228,0.995035964621,0.996131951211,89.897598405,240,
6.0,3.13,0.687830207095,0.0,0.535701294162,0.575023802129,0.99577452113,0.984093900417,90.8106664327,239,
12.0,3.13,0.0825490657019,0.0,0.072604535942,0.240424950961,0.995024364,0.997142694939,89.9219817696,239,
18.0,3.13,0.168599640788,0.0,0.163051742436,0.286892518027,0.994669212171,0.995947320029,89.6206224589,239,
24.0,3.13,-0.10353672899,0.0,-0.090696552947,0.253904770457,0.994667213937,0.996811554898,89.5722742451,239,
30.0,3.13,0.371370059675,0.0,0.355016763947,0.42359746011,0.994887538469,0.991218088185,89.8393327047,239,
36.0,3.13,0.034970709059,0.0,-0.0388383423227,0.249590452823,0.994120529168,0.996946504911,89.1590986197,239,
42.0,3.13,0.101009158774,0.0,0.0432288010033,0.255180851566,0.993886613583,0.996803972948,88.941776473,239,
48.0,3.13,nan,nan,nan,nan,nan,nan,nan,0,
54.0,3.13,0.313657075568,0.0,0.277674733188,0.332997662892,0.996791839099,0.994587018523,91.925369186,239,
60.0,3.13,0.358464518327,0.0,0.385150303313,0.422913005307,0.997258096772,0.991222286103,92.3260287263,239,
66.0,3.13,0.341992696085,0.0,0.367651720592,0.408062492293,0.997166997452,0.991825676682,92.2220456267,239,
72.0,3.13,0.386348629479,-6.0,0.429429918116,0.4670698315,0.996983120437,0.98928978274,91.9301522946,239,
78.0,3.13,0.330073969164,0.0,0.364563918185,0.40961034963,0.996782322629,0.991776898692,91.796191638,239,
84.0,3.13,0.355692274041,786.0,0.393621122331,0.434780545111,0.996910581077,0.990721253526,91.8881284556,239,
90.0,3.13,0.345964916867,0.0,0.377705161929,0.42199552661,0.996785556347,0.991250506252,91.7323076464,239,
96.0,3.13,-0.0651239366849,0.0,-0.0569015322246,0.218993292708,0.995868716065,0.997625827788,90.7099470028,239,
102.0,3.13,0.336229323094,0.0,0.370362605923,0.41440525541,0.996919116686,0.991541864377,91.8327985514,239,
108.0,3.13,0.35787635756,0.0,0.384161792937,0.430216301028,0.996570150257,0.990911672227,91.4922433281,239,
114.0,3.13,0.14475497632,780.0,0.146768034289,0.254032487192,0.995914212912,0.996833001763,90.8912665228,239,
120.0,3.13,0.284134582789,0.0,0.321169317811,0.374259216369,0.996627790828,0.993106956351,91.5589174853,239,
126.0,3.13,0.305284059771,0.0,0.36137837253,0.409858618995,0.996677873651,0.991709240425,91.5054127739,239,
