LeadTime (HRS), obsMax (m MSL), Peak (m), PLag (min), Bias(m), RMSD (m), RVal, Skil, VExp (%), nPts,
-0.0,0.567,0.264307808087,-12.0,0.418544365358,0.438765889345,0.922640915449,0.553452449378,45.2890720451,240,
6.0,0.567,0.283197664793,-42.0,0.432694169879,0.448867420533,0.947749728531,0.555316590429,50.4797147047,239,
12.0,0.567,0.308021375092,12.0,0.442743003223,0.461502531054,0.924106664441,0.540695523646,45.9852603118,239,
18.0,0.567,0.283232937702,12.0,0.434921928755,0.451286239652,0.934777315881,0.554502739327,50.0569702597,239,
24.0,0.567,0.214837363147,-54.0,0.418270225139,0.437523495581,0.938947509719,0.556470633535,46.7652825995,239,
30.0,0.567,0.25307442755,-42.0,0.442593678317,0.460370490372,0.940037421133,0.542724504148,47.4563366577,239,
36.0,0.567,0.289573994909,6.0,0.445359131587,0.46154163867,0.940496715788,0.546132940054,49.7586919589,239,
42.0,0.567,0.235741341896,90.0,0.451781592649,0.468587148248,0.942288380636,0.537738906063,48.4218789526,239,
48.0,0.567,nan,nan,nan,nan,nan,nan,nan,0,
54.0,0.567,0.27365059665,-24.0,0.444602943612,0.462438019029,0.940119620468,0.540328113326,47.2557001007,239,
60.0,0.567,0.220734019911,54.0,0.405595384554,0.427300763207,0.925483105065,0.559690501222,44.2424456049,239,
66.0,0.567,0.189137707621,24.0,0.409780912377,0.431303005681,0.928481741354,0.556035762065,44.2061248557,239,
72.0,0.567,0.263716026928,72.0,0.42391938377,0.443420045964,0.924633908004,0.5525614358,46.0683346049,239,
78.0,0.567,0.316385088781,-30.0,0.410085599597,0.429925892033,0.934586839694,0.561921483363,46.4645749654,239,
84.0,0.567,0.240778958939,60.0,0.414090483852,0.434008405744,0.923628122625,0.559707693627,46.1023454501,239,
90.0,0.567,0.20910157701,-36.0,0.412011799212,0.43206229287,0.926777991219,0.559433366308,46.0517418794,239,
96.0,0.567,0.250017519591,18.0,0.435486604041,0.453692644094,0.938235548689,0.545626245216,47.2372998147,239,
102.0,0.567,0.260848694714,48.0,0.406732918851,0.425985329863,0.929846391427,0.568190920595,47.4931203335,239,
108.0,0.567,0.239846938601,-18.0,0.446465947576,0.464546599069,0.933213865108,0.538254280651,46.7776773529,239,
114.0,0.567,0.297315059888,24.0,0.468472793578,0.484884506539,0.947166829031,0.526529210214,48.1284278205,239,
120.0,0.567,0.253041427818,42.0,0.448095172005,0.465237007079,0.938508850503,0.540834483317,48.1119150269,239,
126.0,0.567,0.290096883387,0.0,0.451641738393,0.469467523082,0.937786932639,0.534347382784,46.8620850292,239,
