LeadTime (HRS), obsMax (m MSL), Peak (m), PLag (min), Bias(m), RMSD (m), RVal, Skil, VExp (%), nPts,
-0.0,1.357,0.965151677628,-36.0,0.982706671839,0.986749764978,0.993673404885,0.732639805457,88.5965738897,240,
6.0,1.357,0.956460330835,0.0,0.941394162931,0.945816188946,0.993300926119,0.74683567027,88.3163609746,239,
12.0,1.357,1.18120812617,-30.0,1.15559150205,1.15795720873,0.995608338606,0.67949122101,90.5381272993,239,
18.0,1.357,1.11178986723,-6.0,1.08716844547,1.0891055629,0.996559202674,0.701961495253,91.6959091778,239,
24.0,1.357,1.17802762701,6.0,1.15662104356,1.1579037705,0.997597050941,0.681225905543,93.0368890087,240,
30.0,1.357,1.19880697271,6.0,1.15756735256,1.15908474929,0.997177794111,0.679477921061,92.4049925758,239,
36.0,1.357,1.20867528315,6.0,1.17455051493,1.1758210761,0.997631114962,0.67401724687,92.9997383029,239,
42.0,1.357,1.15315733623,6.0,1.0972904215,1.09896885019,0.997176222927,0.69607067422,92.2224739987,239,
48.0,1.357,1.25441233766,0.0,1.12926010424,1.13152745489,0.995810530449,0.688157588531,90.8285618179,239,
54.0,1.357,1.23517141708,0.0,1.09986621763,1.10314506147,0.994055979195,0.697107626215,89.1127812778,239,
60.0,1.357,1.17397111915,0.0,1.06064177374,1.06439730894,0.993490117513,0.706915134381,88.5562700712,239,
66.0,1.357,1.06129447834,6.0,0.991338190582,0.994638357042,0.994646170293,0.72955869966,89.6294162824,239,
72.0,1.357,0.982343782644,6.0,0.972397230977,0.973909455054,0.99778051643,0.736034225172,93.0503660144,239,
78.0,1.357,1.01423716715,6.0,0.998362086483,0.999635178286,0.998059763432,0.727999521845,93.5393602292,239,
84.0,1.357,1.07228862961,0.0,1.04976232086,1.05090505654,0.998111638722,0.711941866493,93.7237568439,239,
90.0,1.357,1.05358329776,6.0,1.03009832255,1.03189437295,0.997347572446,0.71592958809,92.2043731741,239,
96.0,1.357,1.05800880111,6.0,1.05293438442,1.05465817238,0.997359369194,0.708863885685,92.2788236569,239,
102.0,1.357,1.15895263878,6.0,1.17482291057,1.17621805119,0.997445783195,0.67317306338,92.6635272189,239,
108.0,1.357,1.07444694268,6.0,1.14768957913,1.14931482363,0.997170643271,0.679902900895,92.1731233808,239,
114.0,1.357,nan,nan,nan,nan,nan,nan,nan,0,
120.0,1.357,1.06753739437,-6.0,1.23020348091,1.23707626505,0.987578236015,0.647772419112,83.3454509592,239,
126.0,1.357,1.14604302913,-18.0,1.27304131137,1.27715225839,0.992653909519,0.640280208779,86.9047183981,239,
