LeadTime (HRS), obsMax (m MSL), Peak (m), PLag (min), Bias(m), RMSD (m), RVal, Skil, VExp (%), nPts,
-0.0,0.661,0.269386705677,42.0,0.0272532722146,0.177019054446,0.663912305115,0.793151250786,1.85893886847,238,
6.0,0.661,0.0869152262354,30.0,-0.0101813052238,0.135732050817,0.791645108787,0.878415782394,24.4097333616,237,
12.0,0.661,-0.0671630050829,12.0,-0.0793316642383,0.101404527209,0.944123603536,0.929983248672,66.1369843066,237,
18.0,0.661,-0.105441646594,12.0,-0.107731369325,0.135248375309,0.904514631113,0.877652467682,55.7247468528,237,
24.0,0.661,-0.1565592378,12.0,-0.14298104622,0.166028291659,0.903435376731,0.830126181071,54.5472353041,238,
30.0,0.661,-0.18249391534,18.0,-0.171887959261,0.19808639214,0.890032482691,0.787477517943,46.8404203258,237,
36.0,0.661,0.0209603413639,0.0,-0.0561629669306,0.129530429302,0.881099410413,0.90398313831,35.3105921423,237,
42.0,0.661,0.0111259420757,-30.0,-0.0378456125002,0.109465300031,0.893081893181,0.926297946201,42.9906719418,237,
48.0,0.661,0.146880963306,6.0,-0.00547824250008,0.16176195221,0.800966055195,0.860472615655,9.60436545433,237,
54.0,0.661,0.188690954674,12.0,0.0496606961371,0.172707363628,0.802782974547,0.845885095179,7.02819535284,237,
60.0,0.661,0.359236306551,-42.0,0.093911025128,0.191327677354,0.739322445805,0.79540279199,5.74906658884,237,
66.0,0.661,0.357605853269,-42.0,0.0868318979357,0.202504338839,0.705295277874,0.777158673298,0.0,237,
72.0,0.661,0.34197805908,-54.0,0.0914237105973,0.198765625064,0.718140353572,0.780552605785,0.338628374521,237,
78.0,0.661,0.210757352634,-120.0,0.0732078854489,0.184425211594,0.722655257674,0.803010400932,4.65387906847,237,
84.0,0.661,0.175016441173,-114.0,0.0377324554469,0.179725133163,0.725369826979,0.815740941001,1.34089574556,237,
90.0,0.661,0.148174415163,-192.0,0.0383025195253,0.217472400436,0.603174175241,0.734578574042,0.0,237,
96.0,0.661,0.00909595510526,-60.0,0.0270924703453,0.189264923915,0.628882665922,0.783148276064,0.0,237,
102.0,0.661,-0.0317826487911,-6.0,-0.00333899083348,0.196209398202,0.603040070605,0.772577352562,0.0,237,
108.0,0.661,-0.0718339051488,-510.0,0.000549561519681,0.195003898442,0.409362053922,0.678054664948,0.0,237,
114.0,0.661,nan,nan,nan,nan,nan,nan,nan,0,
120.0,0.661,0.0884062140622,-18.0,0.0471658004734,0.233551875323,0.570749602436,0.725365502262,0.0,237,
126.0,0.661,0.266092303977,-18.0,0.0562807756538,0.168257183388,0.801386776971,0.847484290994,10.6971692743,237,
