LeadTime (HRS), obsMax (m MSL), Peak (m), PLag (min), Bias(m), RMSD (m), RVal, Skil, VExp (%), nPts,
-0.0,0.829,0.304603718279,84.0,0.0661977359158,0.221058135804,0.795819779345,0.870964987299,27.3488007854,240,
6.0,0.829,0.0701235851309,84.0,0.000587256842109,0.165325092727,0.873670330261,0.928314385336,43.1706218803,239,
12.0,0.829,-0.0487177018017,0.0,-0.0699544718086,0.12598086977,0.934741226213,0.953189228332,63.9844867148,239,
18.0,0.829,-0.108982729781,-18.0,-0.122945749126,0.171161314754,0.916908519857,0.918753907354,59.0660901001,239,
24.0,0.829,-0.122850447512,6.0,-0.123727656162,0.174232202811,0.913307914041,0.916607686004,57.7445958023,240,
30.0,0.829,-0.163196192124,-30.0,-0.189886010684,0.233638220242,0.90730541119,0.870629704491,53.156127291,239,
36.0,0.829,0.0866409183638,-30.0,-0.029536614754,0.154758436302,0.902599704063,0.939904172971,47.723017599,239,
42.0,0.829,0.0987933582346,-30.0,-0.0212972453124,0.144141938226,0.908777513088,0.946383179769,50.941862712,239,
48.0,0.829,0.237882895876,12.0,0.0624640707024,0.175975157034,0.90535722614,0.927648911309,43.3862843901,239,
54.0,0.829,0.25027179922,6.0,0.0707031416437,0.179934549965,0.905428252033,0.925000299007,43.0608967272,239,
60.0,0.829,0.456684023298,-12.0,0.151906451762,0.231410757674,0.883540493766,0.875913406973,39.9257787336,239,
66.0,0.829,0.444006907346,-18.0,0.125704434654,0.23950013797,0.840086932092,0.865464865794,29.8472498356,239,
72.0,0.829,0.364521499745,-48.0,0.138021994483,0.225152937183,0.854621505451,0.871159389175,38.7850070453,239,
78.0,0.829,0.319093178878,-102.0,0.0903433015169,0.229724161069,0.797079068774,0.861573964043,27.3164721841,239,
84.0,0.829,0.213713435418,-108.0,0.0529190811895,0.2193631757,0.760582558615,0.858807334936,26.7415826681,239,
90.0,0.829,0.231088914124,-90.0,0.0632430529867,0.251884606116,0.719263994504,0.826951776726,16.0973632985,239,
96.0,0.829,0.118604368452,-24.0,0.0526007353041,0.221812586398,0.724229282959,0.845280215499,25.8465008437,239,
102.0,0.829,0.0322039176626,-18.0,-0.00248109994111,0.218529321668,0.716399552747,0.84604376536,24.80388728,239,
108.0,0.829,-0.169486630947,-66.0,0.00200551589308,0.215223054664,0.679433909137,0.817637009497,25.9400182302,239,
114.0,0.829,nan,nan,nan,nan,nan,nan,nan,0,
120.0,0.829,0.148584952577,-12.0,0.0553379544498,0.266403534315,0.668765685822,0.807955957837,10.4224645097,239,
126.0,0.829,0.378003859164,-12.0,0.0830281834438,0.218096833057,0.830492787967,0.882712550638,30.6753691097,239,
