LeadTime (HRS), obsMax (m MSL), Peak (m), PLag (min), Bias(m), RMSD (m), RVal, Skil, VExp (%), nPts,
-0.0,0.72,0.366026057692,6.0,0.25940924631,0.271981244919,0.984886331954,0.916093325821,82.3391435029,239,
6.0,0.72,0.151563289426,-72.0,0.166221292938,0.179756029572,0.989982479385,0.961181076988,85.1831901818,240,
12.0,0.72,0.144649697591,0.0,0.14546966302,0.160459457708,0.990287269178,0.968766920293,85.3372902902,240,
18.0,0.72,0.152336030855,0.0,0.163675503421,0.176611484742,0.99066979254,0.962492832375,85.6342486073,240,
24.0,0.72,0.256589918314,0.0,0.272016634358,0.279518503098,0.991149331593,0.911824431076,86.0723671865,240,
30.0,0.72,0.140162072314,6.0,0.170262359917,0.181155924152,0.992062844066,0.960689089774,86.603135608,240,
36.0,0.72,0.112016807139,0.0,0.145370783148,0.157829219381,0.992096178127,0.969919913398,86.6923199064,240,
42.0,0.72,0.159177349004,0.0,0.206622490263,0.21559131204,0.992066500252,0.945422796044,86.6758382774,240,
48.0,0.72,0.216412423355,0.0,0.266090439648,0.272786656475,0.992537942896,0.915615225071,86.993345574,240,
54.0,0.72,0.113590718764,-6.0,0.17061977477,0.18078424441,0.99281986521,0.960780814576,87.0594805807,240,
60.0,0.72,0.108981042886,0.0,0.160839502812,0.171221668135,0.993091198458,0.96469929,87.2866792918,240,
66.0,0.72,0.100747910165,-6.0,0.152499530553,0.163347474905,0.993225153317,0.967719606975,87.3258719304,240,
72.0,0.72,0.222521532377,0.0,0.277387058591,0.283759966622,0.993120397258,0.908632916346,87.0516883693,240,
78.0,0.72,0.142164285899,0.0,0.193617495065,0.202273375146,0.993282663951,0.951349255159,87.3249598458,240,
84.0,0.72,0.113088645033,0.0,0.156639096765,0.167323290843,0.993071408977,0.966223913021,87.261327724,240,
90.0,0.72,0.0774259639674,-6.0,0.130373126714,0.143454283397,0.992851666512,0.974892723657,87.0411185078,240,
96.0,0.72,0.188414530061,-6.0,0.238927869587,0.246210567901,0.992976112009,0.929753220434,87.1298091368,240,
102.0,0.72,0.101631453415,-12.0,0.167352374632,0.1777531527,0.992944745937,0.961915539583,87.0277635114,240,
108.0,0.72,0.0594247972368,0.0,0.125534210107,0.138184591928,0.993411128889,0.976696595874,87.493714201,240,
114.0,0.72,0.0313088125263,-6.0,0.100835169768,0.117620981062,0.99276599638,0.982930938167,86.8882913044,240,
120.0,0.72,0.122271151755,12.0,0.185498639253,0.195589556741,0.992389629856,0.954193510646,86.5728431841,240,
126.0,0.72,0.071640818483,0.0,0.142725379464,0.155270138147,0.992715270978,0.97058247608,86.7614016372,240,
