LeadTime (HRS), obsMax (m MSL), Peak (m), PLag (min), Bias(m), RMSD (m), RVal, Skil, VExp (%), nPts,
-0.0,1.492,1.04602270145,-30.0,0.944023156272,0.952057654625,0.993138486954,0.810648433592,86.9438809084,239,
6.0,1.492,0.797090935702,24.0,0.752644991776,0.760868890782,0.994480339004,0.868045249855,88.1962812328,240,
12.0,1.492,0.844340034311,0.0,0.804120383028,0.81128278377,0.995014916798,0.853283175224,88.6196259101,240,
18.0,1.492,0.77104177655,-6.0,0.744987521877,0.752360905016,0.995224999662,0.870545504718,88.8831537037,240,
24.0,1.492,0.892065770057,30.0,0.851567275692,0.858128831167,0.995344767663,0.839644153956,88.7940255262,240,
30.0,1.492,0.729468983509,6.0,0.685599713431,0.693167647357,0.9956067594,0.88766343654,89.1926074147,240,
36.0,1.492,0.763563951009,-12.0,0.741003145198,0.74829167756,0.995378046786,0.871856101014,88.9770674974,240,
42.0,1.492,0.737079775876,-6.0,0.694774294771,0.702523614441,0.99530199632,0.884809005206,88.9906150382,240,
48.0,1.492,0.805823246341,0.0,0.765777715763,0.773429512294,0.994747549663,0.864080411542,88.5180138508,240,
54.0,1.492,0.687368599374,-6.0,0.650330595391,0.659403091585,0.994635309914,0.896593502112,88.4670167498,240,
60.0,1.492,0.740689833297,6.0,0.712984603746,0.721299698697,0.994480147111,0.878864280256,88.4458501955,240,
66.0,1.492,0.74369473502,6.0,0.709131681411,0.717135815178,0.994761795242,0.880124421387,88.6956804257,240,
72.0,1.492,0.778883818374,6.0,0.751383558518,0.758713728486,0.994878482416,0.867901443294,88.868690683,240,
78.0,1.492,0.695130232229,0.0,0.675616823489,0.683753916053,0.994975189958,0.889645028723,88.8726857843,240,
84.0,1.492,0.771757130408,6.0,0.743228784962,0.750662967706,0.994900318642,0.870348900608,88.8503060616,240,
90.0,1.492,0.8124303152,0.0,0.788510582651,0.795708129095,0.994878902387,0.857371803566,88.7023901642,240,
96.0,1.492,0.791728148396,6.0,0.767927484502,0.775621864591,0.994587505218,0.863250813258,88.4698795978,240,
102.0,1.492,0.741950642586,0.0,0.724103946977,0.732139060122,0.99469856499,0.876011455896,88.5554244691,240,
108.0,1.492,0.770090381945,6.0,0.760677132639,0.768231562344,0.994621146649,0.865127320467,88.6295308963,240,
114.0,1.492,0.855002831879,0.0,0.839937478348,0.847941634437,0.993911128249,0.842013483879,87.702545934,240,
120.0,1.492,0.800881471975,-6.0,0.781619387046,0.78894857665,0.994867139772,0.859522870587,88.6487651072,240,
126.0,1.492,0.783546891465,6.0,0.772880629287,0.780947266979,0.994271164076,0.861715039401,88.155015473,240,
