LeadTime (HRS), obsMax (m MSL), Peak (m), PLag (min), Bias(m), RMSD (m), RVal, Skil, VExp (%), nPts,
-0.0,1.249,0.135773182103,-6.0,0.0704569901883,0.119824872074,0.994468368137,0.994958707797,88.2474132172,240,
6.0,1.249,0.00568268229195,-6.0,-0.0408113935786,0.104219428883,0.994441584964,0.996175386376,88.3837060165,239,
12.0,1.249,-0.0237311525501,0.0,-0.0705248805245,0.119030029456,0.994514445024,0.995024578857,88.3847989476,239,
18.0,1.249,-0.0387742766031,0.0,-0.0785580089999,0.12178467615,0.994835794291,0.994789076657,88.7273009589,239,
24.0,1.249,0.035276615601,0.0,0.00610233471167,0.0937904561649,0.994827967983,0.996906495303,88.6628798877,239,
30.0,1.249,-0.00617216157318,0.0,-0.040567827885,0.0998284021396,0.995010048789,0.996488356689,88.9509244766,239,
36.0,1.249,nan,nan,nan,nan,nan,nan,nan,0,
42.0,1.249,0.00911579938426,-6.0,-0.00604270848372,0.0770605903769,0.996725361939,0.99790701046,90.690183501,239,
48.0,1.249,0.0248368712482,6.0,0.0184843900114,0.0786017313243,0.996834847091,0.997825905857,90.7417993327,239,
54.0,1.249,0.0300385476119,-6.0,0.0254035204781,0.0797642781914,0.996913034758,0.997761144573,90.8371141994,239,
60.0,1.249,-0.00285852370029,-6.0,-0.00638504608493,0.0769454561077,0.996868205069,0.997919099567,90.707540461,239,
66.0,1.249,0.0999208045021,6.0,0.0943561456136,0.120721926257,0.997106322137,0.994904707609,90.8742931029,239,
72.0,1.249,0.0542724793799,0.0,0.054167532921,0.0947238504391,0.996847055924,0.99685565826,90.583008659,239,
78.0,1.249,0.0928359140621,-6.0,0.083873929311,0.113850488543,0.996908020564,0.99546307471,90.6702678594,239,
84.0,1.249,0.0211090794848,-6.0,0.0174919561606,0.0809524839827,0.996599785937,0.99769619433,90.4215426888,239,
90.0,1.249,0.156444478923,-12.0,0.157548228241,0.174930495473,0.996912573335,0.989337997855,90.7873775806,239,
96.0,1.249,0.0991622078779,0.0,0.0966625094733,0.124321284193,0.996843093828,0.994601608506,90.5257506136,239,
102.0,1.249,0.139301152529,0.0,0.137626263233,0.158245350724,0.996609542363,0.991240255729,90.5346974049,239,
108.0,1.249,0.0763433303955,0.0,0.0816551282835,0.117625110003,0.995829424437,0.995133160057,89.7399292202,239,
114.0,1.249,0.248698809896,0.0,0.240117228951,0.253821311021,0.996339346392,0.977876517013,90.0296692958,239,
120.0,1.249,0.302758646835,12.0,0.282658802341,0.295520553598,0.995523815267,0.970066648846,89.5540814586,239,
126.0,1.249,0.337814591568,6.0,0.307183070422,0.317985859509,0.99602360979,0.965556700538,90.0452138986,239,
