LeadTime (HRS), obsMax (m MSL), Peak (m), PLag (min), Bias(m), RMSD (m), RVal, Skil, VExp (%), nPts,
-0.0,0.436,-0.0419450245331,36.0,-0.0665200254054,0.0737144775084,0.985544954026,0.94287662519,77.5237703339,240,
6.0,0.436,-0.0535010544486,18.0,-0.0771571213691,0.0822092838923,0.98872946344,0.929743015498,79.95293713,239,
12.0,0.436,-0.170336032475,24.0,-0.160916087811,0.163713960479,0.977122056828,0.751262933366,78.7077263725,239,
18.0,0.436,nan,nan,nan,nan,nan,nan,nan,0,
24.0,0.436,-0.236845272362,24.0,-0.218902478076,0.221886001473,0.96667733184,0.629216236008,74.381461154,239,
30.0,0.436,-0.253288760765,24.0,-0.240129535606,0.242100017471,0.97600768397,0.598429571799,78.2235217043,239,
36.0,0.436,-0.169340498365,18.0,-0.14047692556,0.144470959695,0.973016152689,0.780824185389,76.1678557035,239,
42.0,0.436,-0.166026799745,18.0,-0.141415073481,0.145326220313,0.972365899951,0.782105580469,76.342344957,239,
48.0,0.436,-0.130729007815,18.0,-0.10499398408,0.110463467339,0.970973898512,0.858435015793,75.7490686408,239,
54.0,0.436,-0.086610138171,18.0,-0.0605147988262,0.0678317629673,0.977609373479,0.940801693488,78.351286283,239,
60.0,0.436,0.0725037445349,18.0,0.0995559662171,0.105299158385,0.970443136728,0.873769350737,75.7688177085,239,
66.0,0.436,0.110865398924,24.0,0.134376319925,0.137367457205,0.979607340914,0.811462800514,79.8593959716,239,
72.0,0.436,0.112462499426,18.0,0.137447797431,0.140592934976,0.978037164024,0.804564857555,79.1095137925,239,
78.0,0.436,0.233357714422,18.0,0.243609237095,0.244834696264,0.985366684883,0.640769186054,82.7165157871,239,
84.0,0.436,0.0540852472661,24.0,0.0670631844705,0.0705773880043,0.987869008571,0.940416835084,84.4632132387,239,
90.0,0.436,-0.0432835828343,12.0,-0.0190255139596,0.0365495044453,0.975829120845,0.982298051827,77.953948051,239,
96.0,0.436,-0.114859764564,18.0,-0.0722849415826,0.0839975562498,0.954989814571,0.907735374229,69.7756747414,239,
102.0,0.436,-0.177845814664,24.0,-0.151295926981,0.156543876558,0.958925047438,0.757234086752,71.6056632978,239,
108.0,0.436,-0.0454979691064,18.0,-0.0179688220104,0.038273414934,0.971602326129,0.980289148132,76.0905583637,240,
114.0,0.436,0.0271503140502,18.0,0.0446804998891,0.0528564833242,0.97999169291,0.964679993884,80.0488300317,239,
120.0,0.436,0.107493871709,12.0,0.151764431791,0.155515071993,0.975216508823,0.762522269576,76.0153598903,239,
126.0,0.436,0.135672642054,0.0,0.258919586342,0.274951053263,0.756846613108,0.530061697017,34.6390496985,239,
