LeadTime (HRS), obsMax (m MSL), Peak (m), PLag (min), Bias(m), RMSD (m), RVal, Skil, VExp (%), nPts,
-0.0,0.977,-0.0647987374734,54.0,-0.171936164417,0.223409023648,0.987316205208,0.972842049564,78.83346384,237,
6.0,0.977,0.0220948927212,54.0,-0.0874383948819,0.154773387585,0.989032369139,0.986631590647,80.3658076372,236,
12.0,0.977,-0.100200054147,54.0,-0.209954206909,0.245422965717,0.990477543045,0.966801824581,81.6651525874,236,
18.0,0.977,nan,nan,nan,nan,nan,nan,nan,0,
24.0,0.977,-0.0945880329674,48.0,-0.226618692883,0.258284970157,0.994096904962,0.963796199196,82.1718432433,236,
30.0,0.977,-0.0361339061675,48.0,-0.153663756122,0.190710588545,0.994297974673,0.979747515298,83.4045145105,236,
36.0,0.977,-0.0946223557415,48.0,-0.222928870611,0.253918291719,0.993339977527,0.964734520398,82.7054208497,236,
42.0,0.977,-0.0327648971782,48.0,-0.165360194833,0.203796019852,0.993211417589,0.977026747747,82.5646343759,236,
48.0,0.977,-0.0628532406159,48.0,-0.197025904578,0.228272110757,0.994273240631,0.971264012432,83.5552253184,236,
54.0,0.977,-0.0641253964728,54.0,-0.201482570334,0.233351756494,0.993986845573,0.970049605998,83.1523208078,236,
60.0,0.977,-0.0374836637275,42.0,-0.157939266289,0.201474091986,0.992003538327,0.977586593622,81.432205691,236,
66.0,0.977,0.0331723726843,48.0,-0.0927660394352,0.153932110758,0.991794498264,0.986822806295,81.1500990389,236,
72.0,0.977,0.0409833405286,36.0,-0.0971612881594,0.155982765688,0.992698133455,0.986501147958,81.2849123159,236,
78.0,0.977,0.0160701007114,30.0,-0.127110290937,0.176536760943,0.99254638649,0.982721387524,81.5119350483,236,
84.0,0.977,0.165020253984,18.0,0.0195103571443,0.122325559269,0.991951418943,0.991682386552,80.3013154485,236,
90.0,0.977,0.169371384271,24.0,0.0334181150381,0.123038756825,0.991492298079,0.991566591899,80.5253500337,236,
96.0,0.977,0.247119068726,18.0,0.102898852805,0.156620320346,0.990387096597,0.986363652145,79.8927969304,236,
102.0,0.977,0.145344447116,24.0,0.00616201054522,0.121394500332,0.991287340405,0.991781502734,80.3571333414,236,
108.0,0.977,0.192026911013,18.0,0.042413721815,0.133025910957,0.98993084595,0.990192465264,79.2557846749,237,
114.0,0.977,0.151984490133,18.0,0.00906449666514,0.128107216226,0.98910713034,0.990846312597,79.2964330148,236,
120.0,0.977,0.277160112564,18.0,0.138623605826,0.17772113022,0.991472496458,0.982524744377,80.6461086403,236,
126.0,0.977,0.175175135425,24.0,0.0246646636374,0.114373728554,0.992618758046,0.992657193081,81.7342541274,236,
