LeadTime (HRS), obsMax (m MSL), Peak (m), PLag (min), Bias(m), RMSD (m), RVal, Skil, VExp (%), nPts,
-0.0,1.254,-0.163958477877,48.0,-0.148852440821,0.206360606839,0.982853933334,0.981865838197,81.5483208627,240,
6.0,1.254,-0.119772652009,36.0,-0.0639957498904,0.150879188973,0.984437866244,0.990111799857,82.3380243795,239,
12.0,1.254,-0.226688802037,30.0,-0.197122479135,0.237497647076,0.985531588655,0.975779750494,82.8766007034,239,
18.0,1.254,nan,nan,nan,nan,nan,nan,nan,0,
24.0,1.254,-0.256766854407,18.0,-0.217000757392,0.236314260274,0.993273621004,0.976110361166,87.9034167124,239,
30.0,1.254,-0.229660581089,18.0,-0.174342236701,0.198493852326,0.9931404454,0.982973165218,87.7322700251,239,
36.0,1.254,-0.271835842889,30.0,-0.210378954025,0.230798343038,0.99307178335,0.977165587548,87.7295612615,239,
42.0,1.254,-0.201369099621,24.0,-0.142759872385,0.171002954635,0.993250283201,0.987310079489,87.8300461233,239,
48.0,1.254,-0.246537620963,24.0,-0.191354165706,0.214406246771,0.992850653084,0.98018224407,87.4967749588,239,
54.0,1.254,-0.250716817263,24.0,-0.192282852535,0.216300103876,0.992421211891,0.979844489315,87.1933978783,239,
60.0,1.254,-0.197374254627,18.0,-0.129908831305,0.161470985305,0.993086826212,0.98862881999,87.6021838364,239,
66.0,1.254,-0.160222289702,24.0,-0.0863245622865,0.132536854108,0.992427041345,0.992276312148,86.9984389815,239,
72.0,1.254,-0.177263795883,18.0,-0.110684961866,0.147918329452,0.992611217163,0.99045859442,87.314274048,239,
78.0,1.254,-0.240461467145,30.0,-0.164862662719,0.190769035499,0.993200217277,0.984156693587,87.5910315808,239,
84.0,1.254,-0.102236261683,24.0,-0.033185390082,0.102777078267,0.992828196364,0.995361553089,87.4246422656,239,
90.0,1.254,-0.0958725014524,30.0,-0.0175658357595,0.102733775796,0.992331516898,0.995341419487,86.9141382949,239,
96.0,1.254,-0.0136652148371,36.0,0.0543571072697,0.115782476464,0.992053065383,0.99410291149,86.7837357676,239,
102.0,1.254,-0.0789414090919,30.0,-0.00945567221292,0.105131259655,0.991673599553,0.995122260575,86.4636910993,239,
108.0,1.254,-0.0108734033823,24.0,0.0562885014479,0.116336557679,0.992199022113,0.994052334086,86.851370432,240,
114.0,1.254,-0.0862862716578,36.0,-0.0204479579378,0.108832574373,0.990937078341,0.994818856152,86.1823940634,239,
120.0,1.254,0.0845660453226,30.0,0.127559736462,0.168018469049,0.990790702812,0.987636579489,85.8642050316,239,
126.0,1.254,-0.11673375378,36.0,-0.0545817789052,0.119534764061,0.991261206428,0.993720161921,86.2533311157,239,
