LeadTime (HRS), obsMax (m MSL), Peak (m), PLag (min), Bias(m), RMSD (m), RVal, Skil, VExp (%), nPts,
-0.0,0.274,-0.0782336193949,6.0,-0.0732556858896,0.0756527178403,0.981453707412,0.870671267015,80.4678857731,239,
6.0,0.274,-0.0802892803991,6.0,-0.076764896174,0.0785064296394,0.986429002969,0.863865589036,82.9842412306,240,
12.0,0.274,-0.0800118364631,6.0,-0.0770345371343,0.0782635932921,0.990358216121,0.864089586485,85.7041904302,240,
18.0,0.274,-0.0847858197649,6.0,-0.0820234030819,0.0831130021294,0.991043944895,0.850694354533,86.1198375883,240,
24.0,0.274,-0.070224783676,6.0,-0.0634899215324,0.0647748564869,0.991649473165,0.90141746145,86.7158412815,240,
30.0,0.274,-0.0762717530558,0.0,-0.0699265547907,0.0710695540814,0.99170536343,0.883813864642,86.8639037678,240,
36.0,0.274,-0.0695122915033,-12.0,-0.0624127706127,0.0637425824075,0.991495494936,0.904230664541,86.5974415751,240,
42.0,0.274,-0.0774517956108,6.0,-0.0706218452564,0.071795071114,0.991578017716,0.882438978338,86.6244583111,240,
48.0,0.274,-0.057737647801,-6.0,-0.0502159435905,0.0518353659263,0.991717218266,0.934334339851,86.6976267154,240,
54.0,0.274,-0.0644532653648,0.0,-0.0571679270683,0.0586182209518,0.991411998325,0.917376729587,86.591009352,240,
60.0,0.274,-0.0535180672232,-6.0,-0.0433232186325,0.0451162603533,0.991746439184,0.948805563393,86.9695905579,240,
66.0,0.274,-0.0631406413346,0.0,-0.0538103517154,0.0552270738595,0.991929581171,0.925374143784,87.1391428973,240,
72.0,0.274,-0.0427747696368,0.0,-0.0343913265083,0.0365708316055,0.992025327467,0.96581631569,87.1313754835,240,
78.0,0.274,-0.0526902712515,0.0,-0.0437610452351,0.0455208339458,0.99184183286,0.948003305724,87.0296498023,240,
84.0,0.274,-0.0401082185532,0.0,-0.0304732916671,0.0330332108427,0.991541455027,0.971834893034,86.80643984,240,
90.0,0.274,-0.0532248890206,-6.0,-0.0438688014117,0.0458171406789,0.990923604721,0.947325414525,86.3216328685,240,
96.0,0.274,-0.0393697440227,0.0,-0.0267756304242,0.0300574436829,0.990287177909,0.976538059862,85.868206469,240,
102.0,0.274,-0.0521936424246,6.0,-0.0418077525863,0.0437978552122,0.991293925433,0.951872238886,86.4939416673,240,
108.0,0.274,-0.0477703703206,0.0,-0.036431460212,0.0386932090031,0.991190294083,0.961828013894,86.511823292,240,
114.0,0.274,-0.0573067290173,6.0,-0.0417383659551,0.0439774710202,0.989893556159,0.950946762293,85.6646748332,240,
120.0,0.274,-0.0457839574207,6.0,-0.0346130473056,0.0369358146705,0.991472365322,0.965207500345,86.6603633529,240,
