LeadTime (HRS), obsMax (m MSL), Peak (m), PLag (min), Bias(m), RMSD (m), RVal, Skil, VExp (%), nPts,
-0.0,1.448,0.613814235077,-30.0,0.449479322683,0.470255997047,0.987908613099,0.934186847473,84.4808999493,239,
6.0,1.448,0.832936046621,30.0,0.67497960882,0.687246204025,0.989478247127,0.872051309227,85.4855838691,240,
12.0,1.448,0.548149330419,24.0,0.357277809301,0.381472019449,0.988775000226,0.955966216917,84.9887305199,240,
18.0,1.448,0.729620614868,24.0,0.531416415885,0.54884603975,0.988203043169,0.913658773962,84.592873466,240,
24.0,1.448,0.653836744018,24.0,0.459428706804,0.478818953995,0.988572930251,0.93252041615,84.8552043234,240,
30.0,1.448,1.06847060276,24.0,0.886235570894,0.896335541275,0.988687117032,0.80592892798,84.9340513559,240,
36.0,1.448,0.393028828491,24.0,0.238342287782,0.273736052478,0.988553617959,0.976649986785,84.8837319848,240,
42.0,1.448,0.639058290312,18.0,0.472868011036,0.491745602298,0.988534971111,0.929060587824,84.8482434701,240,
48.0,1.448,0.320487277194,18.0,0.165485297548,0.215141182698,0.988091690114,0.98546672264,84.5635345951,240,
54.0,1.448,0.800057626882,-24.0,0.663174141799,0.677389837446,0.987968609038,0.874829950883,84.4996740159,240,
60.0,1.448,0.211874201354,-12.0,0.070352209996,0.159771199063,0.986979713202,0.991879718146,83.8932366482,240,
66.0,1.448,0.608295320471,-6.0,0.4679944293,0.488790047309,0.98738005279,0.929022541069,84.1617943965,240,
72.0,1.448,0.2053252388,-6.0,0.0644125942352,0.154470096586,0.987496160618,0.992353858361,84.2355559641,240,
78.0,1.448,0.790875881429,-6.0,0.678445682226,0.692290626869,0.987965092382,0.869011496256,84.5319498746,240,
84.0,1.448,0.104968713785,0.0,-1.39333674307e-05,0.133310689372,0.988748634814,0.994273856991,85.0315106598,240,
90.0,1.448,0.574062475312,0.0,0.468929895718,0.487368653313,0.988839474194,0.929084325034,85.0900709648,240,
96.0,1.448,0.0744734597087,0.0,-0.0374370454987,0.140391069989,0.988442990937,0.993619359535,84.807302961,240,
102.0,1.448,0.67733338157,0.0,0.5604146928,0.576786152613,0.988236552586,0.903545790707,84.6794170466,240,
108.0,1.448,-0.059202067731,0.0,-0.140102207824,0.188120934056,0.990080365427,0.988632482043,85.9037719391,240,
114.0,1.448,0.076719508373,-6.0,-0.0243945164381,0.124607761436,0.990566841855,0.995003626646,86.2794343228,240,
120.0,1.448,-0.0424320425961,0.0,-0.147107276537,0.19276246489,0.990238137747,0.988073241831,86.0133302514,240,
