LeadTime (HRS), obsMax (m MSL), Peak (m), PLag (min), Bias(m), RMSD (m), RVal, Skil, VExp (%), nPts,
-0.0,0.874,0.373851046937,-30.0,0.225852049451,0.246405237973,0.984403463218,0.952912002015,82.168351787,239,
6.0,0.874,0.408470026298,-36.0,0.300381144456,0.314043757848,0.986559729113,0.926499910076,83.4350452756,240,
12.0,0.874,0.362430914376,-36.0,0.228169043881,0.246041990633,0.986398853647,0.953188011647,83.355418983,240,
18.0,0.874,0.3865647908,-30.0,0.274929931765,0.289190820871,0.987059009592,0.936706524569,83.7838296228,240,
24.0,0.874,0.378642586906,-36.0,0.276084062495,0.288801503001,0.988402842908,0.936813922573,84.6761089721,240,
30.0,0.874,0.499498078253,-30.0,0.402193360956,0.410519404923,0.989075911934,0.881934434797,85.1277440938,240,
36.0,0.874,0.257485439688,-36.0,0.189970262625,0.20774995091,0.988499525029,0.965837063308,84.7966300949,240,
42.0,0.874,0.32977340214,-24.0,0.241322748462,0.256223807177,0.988058008896,0.949397283054,84.4326609596,240,
48.0,0.874,0.253578557493,-30.0,0.158571458213,0.180537176164,0.98796773096,0.974036773485,84.3961745209,240,
54.0,0.874,0.379497049267,-24.0,0.277273823453,0.290266002787,0.988151275794,0.936329297802,84.4751242273,240,
60.0,0.874,0.229322973329,-30.0,0.132472082139,0.15740043771,0.98832003729,0.980119019168,84.6312234189,240,
66.0,0.874,0.30936146491,-30.0,0.233873983709,0.248335709518,0.988622718434,0.951945852737,84.9020845609,240,
72.0,0.874,0.224734491423,-30.0,0.153659901173,0.176244793244,0.987951052528,0.97519763749,84.3939779422,240,
78.0,0.874,0.352383824585,-24.0,0.295279600055,0.306694497386,0.988809041161,0.929141085722,85.013029036,240,
84.0,0.874,0.181454533355,-24.0,0.138409432317,0.161099932235,0.988865687868,0.978984019862,85.0955417782,240,
90.0,0.874,0.306469622081,-18.0,0.249106501122,0.26253365101,0.9887867269,0.946695184438,85.0147777956,240,
96.0,0.874,0.206604070563,-18.0,0.139051839741,0.161536567998,0.988911057828,0.978826728211,85.1365750527,240,
102.0,0.874,0.347299005021,-18.0,0.271606653801,0.284464423995,0.988349761179,0.93818619582,84.7124833768,240,
108.0,0.874,0.164807559441,-12.0,0.09327964385,0.125899423846,0.988402464361,0.987151607401,84.7127625827,240,
114.0,0.874,0.200471255822,-6.0,0.120444390682,0.149337902831,0.987474217013,0.982104991717,84.037686062,240,
120.0,0.874,0.185278570356,-12.0,0.116357626608,0.143760175996,0.988381116286,0.983262049896,84.7359604792,240,
