LeadTime (HRS), obsMax (m MSL), Peak (m), PLag (min), Bias(m), RMSD (m), RVal, Skil, VExp (%), nPts,
-0.0,0.962,-0.203704982134,6.0,0.0246872764111,0.196413223501,0.9909483684,0.986723321938,79.1147165211,240,
6.0,0.962,-0.342926411441,6.0,-0.109355982873,0.230575453307,0.991606010946,0.981188513755,78.0806811457,239,
12.0,0.962,-0.140947726123,-24.0,0.0808688783293,0.215754271447,0.990166034536,0.983675972348,78.4011722673,239,
18.0,0.962,-0.11125810048,12.0,0.12026676346,0.227541138991,0.991095879595,0.981997567126,79.1424679942,239,
24.0,0.962,-0.15596344467,36.0,0.0535700302763,0.206116770293,0.99111637384,0.985033050232,78.5082588163,239,
30.0,0.962,-0.299840932539,24.0,-0.0647605076671,0.215950869088,0.991417772281,0.983387769465,77.7547516724,239,
36.0,0.962,-0.255342217241,42.0,-0.023726934308,0.221788295237,0.99061901867,0.982134621739,76.188634773,239,
42.0,0.962,-0.198936116836,30.0,0.023556173326,0.200221019105,0.991831347257,0.985822164472,78.5301911323,239,
48.0,0.962,-0.290591052219,36.0,-0.0624927847668,0.220732139659,0.992183705947,0.98244097393,77.1404232457,239,
54.0,0.962,-0.434851050929,30.0,-0.133102372315,0.277846234277,0.99165009683,0.97109898757,73.6646537561,239,
60.0,0.962,-0.13951646929,30.0,0.0854556824445,0.215627364557,0.991897258783,0.983610436212,78.6230073345,239,
66.0,0.962,-0.467089782093,36.0,-0.142674949773,0.299400206973,0.991987719431,0.965528444411,71.577468995,239,
72.0,0.962,-0.435641575423,36.0,-0.135990545191,0.292961097985,0.991216323665,0.967217311893,71.9806239308,239,
78.0,0.962,nan,nan,nan,nan,nan,nan,nan,0,
84.0,0.962,-0.308027751976,42.0,-0.0851219266584,0.233903732852,0.989174966348,0.980340707152,76.452320627,239,
90.0,0.962,-0.320055733679,12.0,-0.0700530950392,0.241144051472,0.989035795215,0.978686246432,75.0602714048,239,
96.0,0.962,-0.286254665422,42.0,-0.0644420094895,0.227003058054,0.989677686442,0.981427307563,76.4740595339,239,
102.0,0.962,-0.327048626745,-18.0,-0.0669421865284,0.237392905498,0.989926658074,0.979359186857,75.3829601968,239,
108.0,0.962,-0.382939159026,30.0,-0.11498579551,0.258857869036,0.989987719045,0.975388919079,74.9335023897,239,
114.0,0.962,-0.214517025021,42.0,0.0182796048766,0.218960980802,0.989440663478,0.982694774364,76.4164911513,239,
120.0,0.962,-0.372781994812,18.0,-0.114423952203,0.258587643433,0.989511263147,0.975482984074,74.9360505447,239,
126.0,0.962,-0.236319601934,42.0,0.0347518693167,0.228050229559,0.99241702111,0.980808545237,75.6393488551,239,
