LeadTime (HRS), obsMax (m MSL), Peak (m), PLag (min), Bias(m), RMSD (m), RVal, Skil, VExp (%), nPts,
-0.0,1.105,-0.0855984698706,-30.0,-0.0465386756879,0.147016247811,0.98595574251,0.987687323542,80.2587158068,239,
6.0,1.105,-0.0641897160987,-30.0,-0.0145792417081,0.140159756331,0.986051362721,0.988793890327,80.2708742888,240,
12.0,1.105,-0.0970488267053,-30.0,-0.0514099327989,0.148524475631,0.986362497702,0.987405922724,80.2788277344,240,
18.0,1.105,-0.119207341856,-30.0,-0.0795660459023,0.159428812269,0.986668605983,0.985532719114,80.4470056753,240,
24.0,1.105,-0.0544832324562,-30.0,-0.0136593215872,0.13802537907,0.98682573237,0.989124678161,80.5612361599,240,
36.0,1.105,-0.0668792306329,-36.0,-0.0335811118563,0.067669978988,0.996719280248,0.997652587245,91.6851779246,240,
42.0,1.105,-0.0403608229866,-36.0,-0.00796233614294,0.0580143592846,0.996828964868,0.998277861384,91.8669598056,240,
48.0,1.105,0.012860384585,-36.0,0.0453892802353,0.071593916353,0.997061046229,0.997381812715,92.163942222,240,
54.0,1.105,-0.0715406245159,-36.0,-0.0404655573008,0.0708677894081,0.99671681727,0.997436738857,91.765974873,240,
60.0,1.105,-0.0284496601301,-36.0,0.00608070431188,0.0552009640996,0.997159357211,0.99843829842,92.2349825065,240,
66.0,1.105,-0.0386281705766,0.0,0.00775934653436,0.0552400160209,0.997163471828,0.998437384531,92.2594233556,240,
72.0,1.105,0.0342202561734,-12.0,0.0679546034542,0.0850628659543,0.997479020506,0.996318765787,92.7586376284,240,
78.0,1.105,0.123284287384,0.0,0.157580435089,0.164959946296,0.997695270853,0.986329516773,93.0951751507,240,
84.0,1.105,-0.016326990607,6.0,0.0160573155754,0.0538545906535,0.997468745839,0.998519595998,92.724670987,240,
90.0,1.105,0.143742369616,0.0,0.158880466769,0.165923276055,0.997787143314,0.986174943968,93.2309098612,240,
96.0,1.105,0.137251966668,0.0,0.162164852645,0.168760950599,0.997920297193,0.985679204714,93.3876522614,240,
102.0,1.105,-0.0665633097972,-12.0,-0.0244573898821,0.0564194404418,0.997571865866,0.998371399985,92.804247804,240,
108.0,1.105,-0.0677349692166,-24.0,-0.0394022541386,0.0648427891364,0.997507499538,0.997849341131,92.711508567,240,
114.0,1.105,-0.104815866968,-18.0,-0.085980631311,0.100806909751,0.997425070698,0.994808290619,92.5520483423,240,
120.0,1.105,0.0656278286862,-12.0,0.0956495965113,0.10710060217,0.997814271778,0.994166712535,93.1805510985,240,
126.0,1.105,-0.124905850069,-18.0,-0.0949485272321,0.109474188405,0.997232601125,0.993878181075,92.2877810249,240,
