LeadTime (HRS), obsMax (m MSL), Peak (m), PLag (min), Bias(m), RMSD (m), RVal, Skil, VExp (%), nPts,
-0.0,0.999,-0.206633430415,0.0,-0.0671115873566,0.168262089604,0.966051072853,0.968972116827,70.6463492161,239,
6.0,0.999,-0.193421802646,6.0,-0.0550813508363,0.161698853158,0.967575326097,0.971180684975,71.0282815263,240,
12.0,0.999,-0.209756150149,-12.0,-0.0751537867198,0.169532195643,0.967242068244,0.968499291107,71.0404996369,240,
18.0,0.999,-0.168596515818,-12.0,-0.0357259980415,0.158749109879,0.9652214916,0.972239198932,70.5235241693,240,
24.0,0.999,-0.190817867929,-12.0,-0.0569649409125,0.165575645315,0.965498209986,0.96971736005,70.3727649522,240,
36.0,0.999,-0.23184662877,-36.0,-0.0814557805429,0.146629603858,0.980303625769,0.977348680255,76.7653827953,240,
42.0,0.999,-0.183963758486,-30.0,-0.0375609034713,0.128386476477,0.97988617761,0.982522563584,76.6041155838,240,
48.0,0.999,-0.217248020421,-30.0,-0.0689544471732,0.139215141066,0.980809645455,0.979542227345,76.9529654544,240,
54.0,0.999,-0.14049124649,-24.0,-0.000436199491885,0.119008258388,0.981498405064,0.985006687676,77.3209751811,240,
60.0,0.999,-0.231615618707,-24.0,-0.075557710256,0.141881970313,0.981553120939,0.978730018833,77.1147426061,240,
66.0,0.999,-0.143718675109,708.0,0.00900682987646,0.122464985176,0.980742817633,0.984020442229,76.7252844311,240,
72.0,0.999,-0.182613353078,-24.0,-0.025780429829,0.124374184714,0.980720522621,0.983558690334,76.8130172438,240,
78.0,0.999,-0.377896140137,-30.0,-0.223727261605,0.251965801941,0.983038775056,0.936573113569,77.9131020129,240,
84.0,0.999,-0.243730580909,708.0,-0.0864641809971,0.146664860221,0.98275528824,0.977268404827,77.4238917738,240,
90.0,0.999,-0.278671692586,-30.0,-0.113919699745,0.164991413474,0.98259853453,0.971357229577,77.2556610438,240,
96.0,0.999,-0.257004415462,708.0,-0.0940608489045,0.154270058948,0.981764392513,0.974711294619,76.6977934962,240,
102.0,0.999,-0.132757089758,-24.0,0.0216914479672,0.119770022212,0.982347459863,0.984803345998,77.5531011506,240,
108.0,0.999,-0.347964436166,708.0,-0.186159175914,0.220856880432,0.982549712644,0.950056676613,77.3532264723,240,
114.0,0.999,-0.272200072864,-30.0,-0.116163885811,0.165988404291,0.982328602795,0.971158174022,77.4049379231,240,
120.0,0.999,-0.365023247712,708.0,-0.202613341182,0.234342929683,0.982872513125,0.944271715526,77.5611083237,240,
126.0,0.999,-0.241716852025,-30.0,-0.0981124407317,0.155889612049,0.980756526761,0.974478149333,76.9140928306,240,
