LeadTime (HRS), obsMax (m MSL), Peak (m), PLag (min), Bias(m), RMSD (m), RVal, Skil, VExp (%), nPts,
-0.0,1.4,0.906292883047,0.0,0.802859771983,0.806546698738,0.997036821206,0.828717473029,90.9860639374,239,
6.0,1.4,0.820099430771,0.0,0.711342535835,0.715318695408,0.997226886227,0.858915759143,91.1872172461,240,
12.0,1.4,0.958977659665,0.0,0.853240852556,0.856476280899,0.997334667748,0.812148157454,91.2974053264,240,
18.0,1.4,0.831903368877,-6.0,0.747298900043,0.750884527972,0.997514240221,0.847529385676,91.4239789714,240,
24.0,1.4,0.951146865145,-12.0,0.876390145418,0.879252821163,0.997796590057,0.804790823451,91.7048372449,240,
30.0,1.4,0.864338228508,0.0,0.788680608475,0.791940891578,0.997622536135,0.833801540418,91.6003279352,240,
36.0,1.4,0.955185936161,-18.0,0.903118312539,0.906090071963,0.997528339532,0.795612875951,91.420304948,240,
42.0,1.4,0.877095579126,-6.0,0.823948933389,0.827048751996,0.997748442371,0.822281504205,91.6292936974,240,
48.0,1.4,1.03568874044,-12.0,0.966153448382,0.968980702059,0.997699154469,0.775226784052,91.3451676604,240,
54.0,1.4,0.989444863235,-18.0,0.922569354736,0.925511719028,0.997720420982,0.789701762944,91.3716160524,240,
60.0,1.4,0.948784848621,-18.0,0.875066943462,0.877909719969,0.997764343167,0.804833470975,91.7399978965,240,
66.0,1.4,0.855987588402,-12.0,0.790200543604,0.793297996535,0.997845982756,0.833348862467,91.8053214328,240,
72.0,1.4,0.980218446627,-12.0,0.902811620528,0.905470092463,0.998050073046,0.796137430259,91.8872177989,240,
78.0,1.4,1.00101249044,0.0,0.929424997349,0.93219277525,0.997898752459,0.787363118056,91.6009221108,240,
84.0,1.4,0.860199831733,-18.0,0.821897703402,0.824881416905,0.997741056593,0.822401350339,91.7980528303,240,
90.0,1.4,0.80354446624,-18.0,0.76361825991,0.76705371858,0.997443806193,0.841529353321,91.5149547681,240,
96.0,1.4,0.837185074923,-12.0,0.817524924677,0.821212066094,0.996778476121,0.82286160031,90.9046323687,240,
102.0,1.4,1.04882805505,-6.0,0.993737828087,0.996558320267,0.997316274456,0.765166217023,91.2331811435,240,
108.0,1.4,0.825252378293,-6.0,0.800663440923,0.80447329654,0.996768887339,0.828728380858,90.8497911267,240,
114.0,1.4,0.844151527599,-6.0,0.799522434632,0.803207422823,0.997126448598,0.82984472027,91.0077381314,240,
120.0,1.4,0.834318662785,-6.0,0.785364722494,0.788802725135,0.997588741663,0.835029484325,91.3920586665,240,
126.0,1.4,0.986996952013,0.0,0.946724654272,0.949629273131,0.997272800552,0.780413560267,91.3158961993,240,
