LeadTime (HRS), obsMax (m MSL), Peak (m), PLag (min), Bias(m), RMSD (m), RVal, Skil, VExp (%), nPts,
-0.0,0.338,-0.0261589551654,-78.0,-0.0542023568184,0.0961935389402,0.726259877669,0.743594808174,0.0,239,
6.0,0.338,-0.0586022971589,-240.0,-0.0658468986459,0.100447243645,0.765208053676,0.73755045246,0.0,240,
12.0,0.338,-0.0882017252557,-174.0,-0.0903413328515,0.116557704007,0.754710578178,0.678234728813,0.0,240,
18.0,0.338,-0.091935973629,-174.0,-0.0907101550722,0.117406568617,0.75723052292,0.676959126129,0.0,240,
24.0,0.338,-0.090747498494,-180.0,-0.0851318816103,0.114297826651,0.75704435314,0.68915088849,0.0,240,
30.0,0.338,-0.0925830375481,-180.0,-0.0806942076503,0.109886503396,0.769803514226,0.704701773224,0.0,240,
36.0,0.338,-0.100770745905,-180.0,-0.0859723879254,0.116344079699,0.756801851825,0.68520330495,0.0,240,
42.0,0.338,-0.112764189862,-180.0,-0.0925176281391,0.121336359316,0.763042149633,0.671891821789,0.0,240,
48.0,0.338,-0.119609666177,-174.0,-0.106854114889,0.134577222422,0.752596318507,0.636010748093,0.0,240,
60.0,0.338,-0.136401160632,756.0,-0.0726663823999,0.0866798537212,0.822470866842,0.74720677237,35.6364090095,240,
66.0,0.338,-0.132521246412,-78.0,-0.0716491414487,0.0871028577063,0.813884655158,0.748612303452,32.5359257069,240,
72.0,0.338,-0.148464449423,-78.0,-0.0886129343616,0.102571022591,0.803888753572,0.698134481922,29.6384837552,240,
78.0,0.338,-0.120976325555,-114.0,-0.0640332056235,0.0817865693955,0.797425931812,0.764043169963,30.6981170008,240,
84.0,0.338,-0.0774297930113,-114.0,-0.0233869852412,0.0546251091493,0.809121727326,0.872107315264,32.7612025702,240,
90.0,0.338,-0.0914246591295,-120.0,-0.0343802813246,0.0591642632306,0.8187209634,0.854651639482,34.4170011783,240,
96.0,0.338,0.0261068746175,-72.0,0.0841168018937,0.097938271413,0.810957309086,0.700022978579,31.6757300127,240,
102.0,0.338,-0.101635489414,-108.0,-0.0532265240897,0.0730892178513,0.803161116783,0.798271479917,31.7748798574,240,
108.0,0.338,-0.00261145327079,-108.0,0.0572855161064,0.0733254414497,0.819805445932,0.789934647867,37.6570318713,240,
114.0,0.338,-0.00127667909086,756.0,0.0508132037077,0.0685196596864,0.817857990565,0.810286505896,37.3901951828,240,
120.0,0.338,-0.0476598475726,-102.0,0.0071253520692,0.0504131499294,0.819469530701,0.894576798455,32.023543938,240,
126.0,0.338,-0.0362330476186,-678.0,0.0217569985847,0.0497784406616,0.835676656155,0.892346584555,39.0179019331,240,
