LeadTime (HRS), obsMax (m MSL), Peak (m), PLag (min), Bias(m), RMSD (m), RVal, Skil, VExp (%), nPts,
-0.0,0.579,-0.0327070397833,12.0,-0.0380210883231,0.0865028320083,0.936717744963,0.959261996044,66.2394144569,238,
6.0,0.579,-0.0755327735294,12.0,-0.0565559793183,0.0975899664838,0.935772072652,0.947969665141,65.6846936494,239,
12.0,0.579,-0.0356351604203,12.0,-0.0177830955189,0.0792248871574,0.937951956751,0.965516496414,66.3996740404,239,
18.0,0.579,-0.0707903873496,12.0,-0.044965761016,0.0896715227287,0.938204384849,0.956232942521,66.4519038374,239,
24.0,0.579,-0.0462114864734,12.0,-0.0164976172339,0.0763816915694,0.941907076204,0.968214716834,67.5409641058,239,
30.0,0.579,-0.0690935758545,18.0,-0.0347714201623,0.0818222265256,0.943503836041,0.963666875369,67.914817205,239,
36.0,0.579,-0.0142404413844,12.0,0.00995247994319,0.0714502104689,0.947171071778,0.972075810232,68.9890124967,239,
42.0,0.579,-0.0139953017763,12.0,0.0174316770037,0.0737534669611,0.945467679266,0.970380302568,68.5284448218,239,
48.0,0.579,-0.00919720189695,24.0,0.0255440136311,0.0753563991401,0.946336549331,0.969206902398,68.7932149117,239,
60.0,0.579,0.0249826304043,-6.0,0.0662841581549,0.0780402983487,0.977963944487,0.969681012618,81.0659021982,239,
66.0,0.579,0.021615799674,-12.0,0.0755806630896,0.087069191702,0.976257449735,0.962641453167,80.1278032435,239,
72.0,0.579,0.0462403034154,6.0,0.0962259328884,0.104829039271,0.977083253249,0.946659756938,80.5203214527,239,
78.0,0.579,0.0650173551716,6.0,0.110261667668,0.117412189676,0.977671695856,0.934171994044,80.8308529385,239,
84.0,0.579,0.0861938926375,6.0,0.123161421905,0.128901357231,0.978649646091,0.922672394309,81.541616683,239,
90.0,0.579,0.111692517017,6.0,0.153218439939,0.157651580637,0.978569523448,0.88931030931,81.4775704424,239,
96.0,0.579,0.0738625514268,0.0,0.116798456933,0.123261726262,0.978128437684,0.928291485434,81.1220201047,239,
102.0,0.579,-0.15162172998,0.0,-0.108589093034,0.119433545004,0.975137383852,0.931432680985,79.6106199791,239,
108.0,0.579,0.0650140906137,-6.0,0.0934874143916,0.101537407547,0.978253892328,0.949989230769,81.3130582557,239,
114.0,0.579,-0.04769188813,6.0,-0.0138073025355,0.0516954975495,0.972214955477,0.986279019344,78.4011576144,239,
120.0,0.579,0.010347575732,-6.0,0.0280117285994,0.0538899253112,0.97419292582,0.985253801339,79.5055855194,239,
126.0,0.579,0.00205309580668,0.0,0.0379477131405,0.0583011356115,0.97622731303,0.982655764001,80.1492623975,239,
