LeadTime (HRS), obsMax (m MSL), Peak (m), PLag (min), Bias(m), RMSD (m), RVal, Skil, VExp (%), nPts,
-0.0,0.857,-0.245309432108,-72.0,0.0374235313844,0.237252384768,0.877914155626,0.880023579087,45.4603873097,239,
6.0,0.857,-0.263323273896,-66.0,0.0205403318615,0.238290510023,0.873351440789,0.877114372953,44.6195947652,240,
12.0,0.857,-0.318917798224,-66.0,-0.0152995462789,0.236156097704,0.882428587108,0.878382695056,45.0263346271,240,
18.0,0.857,-0.279248076051,-42.0,0.0206311290744,0.237365155976,0.883517813723,0.875637528402,44.8381105374,240,
24.0,0.857,-0.268909686554,-48.0,0.0380990928503,0.239740903733,0.883169552259,0.873046434745,44.7850689328,240,
30.0,0.857,-0.275241074753,-54.0,0.0231741011542,0.237529912858,0.883482831734,0.875375954506,44.8544658572,240,
36.0,0.857,-0.31917630027,-54.0,-0.0247676348196,0.235404436822,0.883802581352,0.879911272764,45.3907362854,240,
42.0,0.857,-0.257332355254,-48.0,0.0333376843891,0.237330931809,0.882827431913,0.876676858221,45.1854687661,240,
48.0,0.857,-0.25519370249,-48.0,0.036652876162,0.239067470295,0.882787341248,0.874059561244,44.8907911806,240,
60.0,0.857,-0.309361358159,-42.0,-0.028436932317,0.217477916757,0.905933868895,0.902103410298,49.7033315532,240,
66.0,0.857,-0.171906376035,-18.0,0.107536119872,0.243593964783,0.901529266247,0.878739195313,49.0123880663,240,
72.0,0.857,-0.200268821593,-30.0,0.0749194308707,0.230802644745,0.902258759356,0.889436532633,49.0748950615,240,
78.0,0.857,-0.230969469685,-42.0,0.0566951060517,0.225165602332,0.905198378496,0.893709321134,49.1667292305,240,
84.0,0.857,-0.297745034321,-36.0,-0.00692244030612,0.218361376904,0.90648885623,0.899410460326,49.0872754717,240,
90.0,0.857,-0.149430596152,-30.0,0.159809018202,0.275119052998,0.903771508095,0.848400627749,47.7590424976,240,
96.0,0.857,-0.176172216659,-36.0,0.112015591935,0.251910717268,0.890927508752,0.869681720251,47.3647276227,240,
102.0,0.857,-0.212729696439,-36.0,0.0804058945475,0.238924010705,0.895834797267,0.879740069072,47.5158576639,240,
108.0,0.857,-0.33430582991,-48.0,-0.0589017536589,0.224261983279,0.900467451311,0.898290582892,49.5218757611,240,
114.0,0.857,-0.195202422342,-24.0,0.0836914897341,0.238944747677,0.888653647168,0.882775300126,47.7909500168,240,
120.0,0.857,-0.186237502196,-36.0,0.110473492187,0.248520330039,0.901622621539,0.871415411671,48.0691326407,240,
126.0,0.857,-0.26925616407,-36.0,0.0183525674143,0.219331004836,0.904198720439,0.898776001378,49.014912028,240,
