LeadTime (HRS), obsMax (m MSL), Peak (m), PLag (min), Bias(m), RMSD (m), RVal, Skil, VExp (%), nPts,
-0.0,1.49,-0.185168642778,-672.0,-0.0190602375928,0.159674374744,0.993577106586,0.991759078357,83.1793030234,239,
6.0,1.49,-0.403999741221,66.0,-0.171683421336,0.241186796794,0.993588739559,0.981119130187,82.0468352495,240,
12.0,1.49,-0.232654845078,54.0,0.016105401782,0.175155779188,0.995515120732,0.989763814751,81.5153148319,240,
18.0,1.49,-0.382764637119,48.0,-0.106190521747,0.207613253992,0.995684568043,0.985582511923,81.0927648801,240,
24.0,1.49,-0.212468999757,54.0,0.051663155669,0.182804605085,0.996300904408,0.988800628686,81.4158437986,240,
30.0,1.49,-0.394696946188,30.0,-0.122396149378,0.211718060956,0.996800531936,0.985052355975,81.6912890813,240,
36.0,1.49,-0.184380873541,24.0,0.0914238323857,0.200712164922,0.996780013405,0.986435762635,81.063019731,240,
42.0,1.49,-0.225976606394,-696.0,0.0458383226399,0.184838821797,0.997105984023,0.988447583788,81.0223797158,240,
48.0,1.49,-0.117963418917,18.0,0.152778906727,0.23509237187,0.997225418947,0.981451181787,81.0630277527,240,
60.0,1.49,-0.0764147992863,30.0,0.156879554764,0.213116376443,0.998386172103,0.985312165422,84.7123705486,240,
66.0,1.49,-0.190670074746,30.0,0.0461626729474,0.152668248741,0.998507137413,0.992386114039,84.5773350201,240,
72.0,1.49,-0.0155018893039,30.0,0.218248668796,0.262743807726,0.998631581556,0.977766271885,84.4955375061,240,
78.0,1.49,-0.156663921471,30.0,0.0750782013668,0.162925881735,0.998526988339,0.991347830186,84.6754178157,240,
84.0,1.49,-0.0819957604406,30.0,0.157413935676,0.214687616969,0.998482595375,0.985055101796,84.5282449907,240,
90.0,1.49,-0.12959571492,30.0,0.0981800578892,0.177470913554,0.99819056108,0.989727871301,84.3316737673,240,
96.0,1.49,0.0082155336956,30.0,0.2308212594,0.273226512057,0.998240994115,0.976062802997,84.5055213977,240,
102.0,1.49,-0.306324697726,36.0,-0.0829843868191,0.169424658713,0.997877086672,0.990646811918,84.3454059917,240,
108.0,1.49,-0.0972934785905,30.0,0.120118848406,0.190873600586,0.997945745316,0.988147287464,84.2788605941,240,
114.0,1.49,-0.252514646064,36.0,-0.00239412272166,0.152623095611,0.998113004965,0.992335746187,83.8267198897,240,
120.0,1.49,-0.0832349484342,30.0,0.141204611911,0.20510444786,0.997541459775,0.986366596028,84.23430619,240,
126.0,1.49,-0.0749374359881,30.0,0.147586086713,0.20774517176,0.997697109271,0.986053691738,84.5047492768,240,
