LeadTime (HRS), obsMax (m MSL), Peak (m), PLag (min), Bias(m), RMSD (m), RVal, Skil, VExp (%), nPts,
-0.0,1.205,0.646230680513,12.0,0.522137590611,0.538147034441,0.989396267221,0.910166333946,84.4469233219,240,
6.0,1.205,0.594975433749,18.0,0.475863849189,0.491044649666,0.990845743601,0.923357725412,85.4762919142,239,
12.0,1.205,0.767439453971,24.0,0.680245747624,0.685073764583,0.996447535616,0.86431420426,90.2671724523,239,
18.0,1.205,0.700461191631,12.0,0.590670151248,0.59601674975,0.996604287975,0.892596976732,90.4512978473,239,
24.0,1.205,0.682904274006,18.0,0.587493464965,0.592896696845,0.996619089946,0.893634276335,90.4263602802,239,
30.0,1.205,nan,nan,nan,nan,nan,nan,nan,0,
36.0,1.205,0.784007070615,6.0,0.701479863484,0.70520147458,0.997238376215,0.85750121836,91.3360641586,239,
42.0,1.205,0.73540185894,6.0,0.656123970696,0.659975646336,0.997230497612,0.871968602275,91.4744755255,239,
48.0,1.205,0.697964923314,6.0,0.619476664168,0.623741514924,0.997073688341,0.883520063586,91.2807834138,239,
54.0,1.205,0.717387476304,6.0,0.661959387313,0.665426747515,0.997373253223,0.869797775104,91.8763727226,239,
60.0,1.205,0.755780663971,12.0,0.712900463646,0.716011144353,0.997615752509,0.853694408034,92.0167032912,239,
66.0,1.205,0.784708111442,6.0,0.748428253302,0.751158904351,0.99779066801,0.841758004255,92.3374939673,239,
72.0,1.205,0.705017178337,0.0,0.671992090973,0.675415554847,0.997210807628,0.866091531998,91.8673094244,239,
78.0,1.205,0.837781666658,6.0,0.794192522112,0.79686902682,0.997722657247,0.826711473619,92.1858927691,239,
84.0,1.205,0.731930274572,0.0,0.692281570692,0.694981124652,0.99780149612,0.859765157648,92.6721388612,239,
90.0,1.205,0.813375473477,0.0,0.776110225925,0.778635000098,0.997761948724,0.832310603805,92.4977288576,239,
96.0,1.205,0.749067090737,0.0,0.707634182065,0.710231099388,0.998016618864,0.85538937739,92.7339494233,239,
102.0,1.205,0.923421759694,0.0,0.879997746198,0.882500628513,0.997864336834,0.798634717677,92.0468999105,239,
108.0,1.205,0.998831332171,6.0,0.955752576904,0.960802066765,0.99480208281,0.772789971421,88.2202458668,239,
108.0,1.205,0.771071281232,-6.0,0.734907159841,0.737325436246,0.998072078036,0.846283987259,92.855151007,239,
120.0,1.205,0.831584397685,-6.0,0.800691494116,0.807400506724,0.993496143898,0.822884465539,87.5623989994,239,
126.0,1.205,0.993927373537,-6.0,0.97390414572,0.979319134191,0.993724455236,0.765211871822,87.685222069,239,
