LeadTime (HRS), obsMax (m MSL), Peak (m), PLag (min), Bias(m), RMSD (m), RVal, Skil, VExp (%), nPts,
-0.0,0.792,-0.269144281533,0.0,-0.202358046162,0.222279246896,0.986065572622,0.956553431907,82.9128395617,240,
6.0,0.792,-0.219113013545,0.0,-0.157513913598,0.182049784223,0.986102087538,0.97033702687,83.000449914,239,
12.0,0.792,-0.160469006655,0.0,-0.113006160957,0.14419354719,0.986593370733,0.981205288382,83.3198178535,239,
18.0,0.792,-0.112626378104,0.0,-0.0775201339881,0.117879535116,0.98666546846,0.987420582709,83.4609586749,239,
24.0,0.792,-0.131475675665,-12.0,-0.0965365539873,0.131610602979,0.986342451573,0.98442833685,83.3399405638,239,
30.0,0.792,-0.131719303163,-6.0,-0.095186412033,0.13325686663,0.985256476187,0.98392961588,82.6316210008,239,
36.0,0.792,-0.0598530289521,-6.0,-0.0175092627134,0.0943039770075,0.985375506022,0.991901741421,82.7420842806,239,
42.0,0.792,-0.0367314881056,-6.0,-0.00149227389684,0.0954323268778,0.984412019656,0.991707694615,82.2287296178,239,
48.0,0.792,-0.0214746731068,-6.0,0.0167919607819,0.0955395779828,0.984698732353,0.99175970428,82.4835687655,239,
54.0,0.792,-0.0708555957936,0.0,-0.0175997475049,0.0972766593483,0.984303760674,0.99139434285,82.1820501673,239,
60.0,0.792,0.0522260436652,-6.0,0.106611328153,0.142145400108,0.984855445851,0.981832834712,82.4900070784,239,
66.0,0.792,0.0654132212796,0.0,0.120480329655,0.152547900803,0.985046009948,0.97911293704,82.573391509,239,
72.0,0.792,0.100434849604,-6.0,0.156405715477,0.182755098601,0.984775324984,0.970263752484,82.3938610788,239,
78.0,0.792,0.0670011531945,6.0,0.122305567721,0.153772940652,0.985376903849,0.978649818335,82.6410837765,239,
84.0,0.792,0.171459886505,0.0,0.215308014897,0.235689516511,0.984505897491,0.95131073459,82.1441209751,239,
90.0,0.792,nan,nan,nan,nan,nan,nan,nan,0,
96.0,0.792,0.225819278767,-6.0,0.257337284161,0.270098043752,0.988916528482,0.936983737635,84.6686811175,239,
102.0,0.792,0.141808080905,0.0,0.201678582022,0.216511145152,0.989924803136,0.958449657408,85.2819108777,239,
108.0,0.792,0.274134697112,0.0,0.313568198381,0.324561712569,0.988361632755,0.911863340769,84.3476530088,239,
114.0,0.792,0.286851162659,12.0,0.307412967591,0.317433064391,0.989355002069,0.916266136584,85.2130327089,239,
120.0,0.792,0.329983311073,6.0,0.358984650606,0.368999957459,0.987429872702,0.890677430555,84.0430503742,239,
126.0,0.792,0.260035222768,0.0,0.288654688557,0.301521747347,0.987162544027,0.92308369493,83.7150203248,239,
