LeadTime (HRS), obsMax (m MSL), Peak (m), PLag (min), Bias(m), RMSD (m), RVal, Skil, VExp (%), nPts,
-0.0,0.994,0.253320848611,-24.0,0.372685400747,0.3900400885,0.994031659682,0.899361321017,81.7244306551,240,
6.0,0.994,0.286348477952,-18.0,0.384293746666,0.398762637408,0.995949461508,0.89577616491,83.0610199522,239,
12.0,0.994,0.287150389199,-6.0,0.39165095748,0.406652596372,0.996093142313,0.891453109441,82.58487863,239,
18.0,0.994,0.2672223215,-18.0,0.370402533892,0.384607086738,0.995718772631,0.90284324696,83.5197746171,239,
24.0,0.994,0.240316969597,-12.0,0.362951298234,0.378835716544,0.995730379317,0.904449558777,82.7257821773,239,
30.0,0.994,0.268452280996,-12.0,0.388019171993,0.401363600626,0.996113109265,0.89526962808,83.6669634344,239,
36.0,0.994,0.213168937736,-12.0,0.329108690391,0.344512015102,0.996512033713,0.920080854571,83.7898113216,239,
42.0,0.994,0.217449587497,-12.0,0.333437129846,0.348331878825,0.993926043471,0.920032620061,83.9635460111,239,
48.0,0.994,0.170525001789,-12.0,0.249167090348,0.274993759844,0.993550519052,0.946490199149,81.4843222734,239,
54.0,0.994,0.205226841889,-12.0,0.301483549866,0.318184774821,0.995307749814,0.931356451973,83.8107424576,239,
60.0,0.994,0.0636030422502,-12.0,0.189452687692,0.226901648006,0.993405900186,0.962129352945,80.128779211,239,
66.0,0.994,0.0935346683648,-6.0,0.217052954692,0.250759427557,0.993708130733,0.954022000212,80.016772553,239,
72.0,0.994,0.0133961182187,-18.0,0.182445669988,0.230510594824,0.987295322662,0.960639300484,77.5798102523,239,
78.0,0.994,0.0757731969435,-12.0,0.221587323561,0.253307616174,0.991729941342,0.953943168551,80.4682802588,239,
84.0,0.994,0.0487886025307,-18.0,0.175657927572,0.219477202917,0.991879474789,0.964172112637,79.0599102917,239,
90.0,0.994,nan,nan,nan,nan,nan,nan,nan,0,
96.0,0.994,0.0168514779254,-24.0,0.163252529087,0.21934207942,0.984681051983,0.963914744708,76.6233464766,239,
102.0,0.994,0.0877098064622,-18.0,0.219851311797,0.254508555658,0.988984912373,0.953324004328,79.5391854718,239,
108.0,0.994,0.0211413042969,-24.0,0.14045290321,0.197822648308,0.987590473467,0.970561826008,77.76952699,239,
114.0,0.994,0.062042674837,-24.0,0.154520582085,0.201760495121,0.993756643859,0.969188634962,79.2974967692,239,
120.0,0.994,0.0577204344813,-18.0,0.135733113664,0.200959804986,0.98392476143,0.96949590007,76.3516086514,239,
126.0,0.994,0.059029761278,-6.0,0.194441867496,0.232954626732,0.9888839808,0.960596012188,79.5266112433,239,
