LeadTime (HRS), obsMax (m MSL), Peak (m), PLag (min), Bias(m), RMSD (m), RVal, Skil, VExp (%), nPts,
-0.0,0.392,0.160919025502,-138.0,0.197101317702,0.198845910874,0.813262971769,0.272155869874,30.6907858763,240,
6.0,0.392,0.172330558232,-126.0,0.204778414777,0.206213961468,0.844526358144,0.267605194678,35.9659166923,239,
12.0,0.392,0.229414811568,-12.0,0.258206726954,0.258958111953,0.938793074897,0.226017160958,48.0325498862,239,
18.0,0.392,0.236928616824,48.0,0.259929722419,0.260743076845,0.883921346199,0.225292682173,45.7489666852,239,
24.0,0.392,0.246248846756,42.0,0.268949957374,0.269737524141,0.878690412054,0.219231197769,45.7002556373,239,
30.0,0.392,0.258978222574,42.0,0.280147278368,0.280855034203,0.881186921643,0.212298022722,47.4697209804,239,
36.0,0.392,0.267027533217,42.0,0.287571841466,0.288321648972,0.86140002358,0.20711900083,45.218788928,239,
42.0,0.392,0.276773512795,54.0,0.298442799904,0.299115163729,0.882041006723,0.200642111,47.1581709863,239,
48.0,0.392,0.294106657563,60.0,0.311602790528,0.312257478645,0.859536849837,0.194097369368,46.7221677922,239,
54.0,0.392,0.281503036686,78.0,0.299016055146,0.299652335727,0.873793607211,0.201277451275,48.5478945103,239,
60.0,0.392,0.139183540567,78.0,0.160288419051,0.161508246241,0.887422799028,0.331251563398,47.7693323843,239,
66.0,0.392,0.123027966446,48.0,0.144597860224,0.145763606316,0.91913070525,0.358866525979,51.4982814298,239,
72.0,0.392,0.0755444552039,48.0,0.102291130476,0.104588754756,0.8704148853,0.442032873027,42.5242970247,239,
78.0,0.392,0.0514110455689,36.0,0.074638127839,0.0769942499663,0.910177389467,0.542076696407,50.1711890187,239,
84.0,0.392,0.0441700061731,24.0,0.0829462431063,0.0874974318242,0.749020996143,0.469384579784,26.5759190298,239,
90.0,0.392,nan,nan,nan,nan,nan,nan,nan,0,
96.0,0.392,-0.0190697664276,36.0,0.00341659637853,0.0183812277997,0.93370829106,0.908795305297,52.4818379742,239,
102.0,0.392,-0.0364954316924,18.0,-0.00887225593849,0.0227844584651,0.892498740494,0.855876187505,44.7857834981,239,
108.0,0.392,-0.00337971786871,12.0,0.0334829559243,0.0433727610527,0.769176268294,0.641732208351,27.4642667814,239,
114.0,0.392,-0.00586501090891,6.0,0.0280648119887,0.0373316240594,0.866832450604,0.702928596274,35.2317344007,239,
120.0,0.392,-0.0101366551277,-12.0,0.0269286160287,0.0383238373884,0.724322974954,0.696860588118,28.2569468667,239,
126.0,0.392,-0.0522393607029,30.0,-0.0146591450898,0.029776484036,0.832117194088,0.723969106995,31.8095759688,239,
