LeadTime (HRS), obsMax (m MSL), Peak (m), PLag (min), Bias(m), RMSD (m), RVal, Skil, VExp (%), nPts,
-0.0,0.515,0.331621473747,0.0,0.303987065023,0.30925677591,0.972627159368,0.734768441772,75.6528787607,239,
6.0,0.515,0.355118416666,0.0,0.338380973967,0.343224655597,0.97235872267,0.70209238723,75.3702437147,240,
12.0,0.515,0.373305467038,6.0,0.354914344558,0.359227890926,0.974034979001,0.687512001049,76.2088557616,240,
18.0,0.515,0.349148724485,6.0,0.332880947938,0.337281004279,0.975187334742,0.707514747184,76.7231216029,240,
24.0,0.515,0.295697836407,0.0,0.288072816136,0.293209661086,0.974619908107,0.750889778221,76.5767270355,240,
30.0,0.515,0.33176587853,6.0,0.325629813654,0.33021677117,0.974585239385,0.713878027179,76.489101596,240,
36.0,0.515,0.338158160367,0.0,0.332942136352,0.337242919978,0.975520698412,0.70717622847,76.9868058198,240,
42.0,0.515,0.323035852686,0.0,0.31744605436,0.322159127432,0.974417743941,0.721255466821,76.4650213531,240,
48.0,0.515,0.273182500202,-24.0,0.265978495101,0.271691910759,0.974164893579,0.774593998514,76.2418996685,240,
54.0,0.515,0.298230665938,-6.0,0.296091124849,0.301109295111,0.974678531684,0.742841091477,76.5340314814,240,
60.0,0.515,0.312159280706,6.0,0.312695895171,0.317073561793,0.976391511892,0.725955638154,77.4929863243,240,
66.0,0.515,0.312664720728,-6.0,0.30981731918,0.314487025142,0.975292497971,0.728976404573,76.8554531884,240,
72.0,0.515,0.256386799902,0.0,0.257217985242,0.262898150423,0.974721386071,0.783580357544,76.7010482757,240,
78.0,0.515,0.29685550246,6.0,0.297018547551,0.301868645379,0.975341495636,0.741888179125,76.8977915848,240,
84.0,0.515,0.331574923259,0.0,0.328935542982,0.333337198361,0.975616622402,0.71124725641,76.8563318276,240,
90.0,0.515,0.345332160514,-6.0,0.343780749784,0.348123859219,0.975040965271,0.697861275761,76.5020901456,240,
96.0,0.515,0.290325938069,-24.0,0.285895498822,0.291319051883,0.973677586453,0.753246994097,76.0162926,240,
102.0,0.515,0.333149495121,-12.0,0.33100812004,0.335844369659,0.973047757286,0.708680512369,75.6569507363,240,
108.0,0.515,0.362631749468,-18.0,0.35874144443,0.362711291808,0.975919211658,0.684600852034,77.0598325895,240,
114.0,0.515,0.37171279805,-6.0,0.36833621622,0.372211941183,0.975056344221,0.674872473392,77.0354011657,240,
120.0,0.515,0.333702372565,-6.0,0.328143008478,0.332729745367,0.974339735329,0.711223263074,76.3997516575,240,
126.0,0.515,0.375922626331,0.0,0.370964149098,0.374705650431,0.976406910661,0.673814304057,77.3586684492,240,
