LeadTime (HRS), obsMax (m MSL), Peak (m), PLag (min), Bias(m), RMSD (m), RVal, Skil, VExp (%), nPts,
-0.0,0.38,0.290787386112,30.0,0.289333477697,0.292552273829,0.979825898063,0.694124610745,79.5346849763,239,
6.0,0.38,0.30604415895,30.0,0.329877097041,0.332422710834,0.982202993242,0.651065947814,80.5915566701,240,
12.0,0.38,0.273224679242,-30.0,0.298029013993,0.300402239252,0.985325730404,0.685313147849,82.1867260905,240,
18.0,0.38,0.286337795182,-36.0,0.309610014562,0.311859585214,0.985661550625,0.672543576068,82.326323758,240,
24.0,0.38,0.244345577108,-6.0,0.273782577843,0.27632433253,0.985528593612,0.713715891356,82.3250783068,240,
30.0,0.38,0.275361603443,-12.0,0.306333354689,0.308616913536,0.985585303988,0.675922856729,82.286954709,240,
36.0,0.38,0.254769545267,-18.0,0.285929443815,0.288284987245,0.986192752106,0.698849430923,82.6159988926,240,
42.0,0.38,0.257713327225,-30.0,0.292283680288,0.294700412835,0.985528070938,0.690921492622,82.1969425507,240,
48.0,0.38,0.239745696734,-18.0,0.273287072091,0.275897209458,0.98550165222,0.712873437608,82.103922043,240,
54.0,0.38,0.266435645824,-6.0,0.301427569346,0.30379334024,0.985416681983,0.680531276004,82.1141149331,240,
60.0,0.38,0.243934803247,6.0,0.278828418511,0.281386255682,0.985464325064,0.706508316707,82.1070965293,240,
66.0,0.38,0.24336010886,6.0,0.275654269556,0.278149882063,0.98591784022,0.710837986719,82.4274894851,240,
72.0,0.38,0.237110243197,-12.0,0.269651460825,0.272194740508,0.986113798871,0.717628629541,82.4530269508,240,
78.0,0.38,0.255540715889,0.0,0.288358819119,0.290651882358,0.98654531108,0.696090396042,82.7766176443,240,
84.0,0.38,0.229643011513,-6.0,0.26118457575,0.263855029881,0.985670845287,0.728187339029,82.3007148781,240,
90.0,0.38,0.208223105967,-12.0,0.241524909894,0.244417453728,0.985993798473,0.752326935844,82.2785404796,240,
96.0,0.38,0.211157419034,6.0,0.242562106219,0.24533870044,0.98629138326,0.75181420773,82.6024093763,240,
102.0,0.38,0.228974481748,-6.0,0.264221732552,0.266923689831,0.985811466677,0.723162778066,82.0934016605,240,
108.0,0.38,0.219039124875,-12.0,0.24843591834,0.251309036775,0.985511305263,0.743435118734,82.0890712883,240,
114.0,0.38,0.192269477375,-12.0,0.222613224194,0.225956715785,0.984708242414,0.776787534939,81.6944689412,240,
120.0,0.38,0.197893351232,-6.0,0.227415060158,0.230519374977,0.985551006224,0.771200895883,82.178196055,240,
126.0,0.38,0.215300970065,-24.0,0.24972617411,0.252625419914,0.985396639995,0.741594724887,81.960954974,240,
