LeadTime (HRS), obsMax (m MSL), Peak (m), PLag (min), Bias(m), RMSD (m), RVal, Skil, VExp (%), nPts,
-0.0,4.23,0.331114672241,24.0,1.05390162558,1.72729466031,0.890404982057,0.888655888263,52.998325246,239,
6.0,4.23,0.421573028278,18.0,1.39662473784,1.9088040869,0.906160605711,0.869138562555,55.3428613372,240,
12.0,4.23,-0.213704505959,18.0,0.847915574138,1.58082109577,0.902773466696,0.90270080832,54.2089957968,240,
18.0,4.23,0.0605253861726,24.0,1.06261247405,1.69048876268,0.904833767664,0.892217825116,54.8753249019,240,
24.0,4.23,-0.288926346174,18.0,0.773938966339,1.54437900671,0.9027967447,0.906303601853,54.1307245909,240,
30.0,4.23,0.159056304894,24.0,1.16678070929,1.74836905686,0.906462409252,0.886679492268,55.3106292031,240,
36.0,4.23,-0.513840708674,18.0,0.553968942249,1.4710996404,0.898164303314,0.913062596927,53.2263308768,240,
42.0,4.23,-0.316965330458,18.0,0.743574307821,1.5506716828,0.897597288859,0.905124150389,53.2965552879,240,
48.0,4.23,-0.616922401582,18.0,0.462363000883,1.45259880022,0.896398617789,0.914170215495,52.7376485763,240,
54.0,4.23,-0.277863260319,24.0,0.797282987833,1.56678043212,0.900579369935,0.903473072739,53.7087286623,240,
60.0,4.23,-0.582994790945,18.0,0.515630992269,1.46236133075,0.898153320067,0.913378499893,53.0331531988,240,
66.0,4.23,-0.354418893549,24.0,0.730160084001,1.53765937766,0.900302649724,0.906193072325,53.5547536793,240,
72.0,4.23,-0.514088415861,18.0,0.55927070193,1.47565623552,0.8981624441,0.912284790274,53.1316700484,240,
78.0,4.23,-0.258220954075,24.0,0.804595395495,1.56291538544,0.90191220282,0.904319736236,54.0126704795,240,
84.0,4.23,-0.499857558706,18.0,0.573276000621,1.48164544828,0.897373455915,0.911907060357,53.1084241607,240,
90.0,4.23,-0.408027929804,18.0,0.67680450979,1.51966616984,0.898541464135,0.908022880605,53.3010828082,240,
96.0,4.23,-0.477447185856,18.0,0.601947361113,1.48679409661,0.89847402655,0.911653017355,53.3402587791,240,
102.0,4.23,-0.39564353559,18.0,0.686449394465,1.51758279956,0.899816968658,0.9085106411,53.5473716606,240,
108.0,4.23,-0.545135123619,18.0,0.571169592464,1.47435323591,0.899604556779,0.912530057455,53.3495160702,240,
114.0,4.23,-0.556860717821,18.0,0.55682768639,1.47433896425,0.898904756289,0.912168628553,53.1462409061,240,
120.0,4.23,-0.275140588526,24.0,0.796580975608,1.5423379432,0.905487557186,0.907101537413,54.6714111323,240,
126.0,4.23,-0.442487372268,18.0,0.630651162196,1.49265286486,0.899831657834,0.911198285739,53.5670678377,240,
