LeadTime (HRS), obsMax (m MSL), Peak (m), PLag (min), Bias(m), RMSD (m), RVal, Skil, VExp (%), nPts,
-0.0,1.069,0.409061417992,6.0,0.289937643704,0.307801264811,0.983031241493,0.929106464129,81.4108675244,239,
6.0,1.069,0.418688364767,0.0,0.360205699273,0.370752640623,0.987571614337,0.899990815855,84.1746125886,240,
12.0,1.069,0.454903806006,6.0,0.405221918211,0.412382339926,0.990500983459,0.879280141731,86.2093211468,240,
18.0,1.069,0.466889865464,6.0,0.435755666466,0.442244838459,0.990761492953,0.864333989289,86.3953680353,240,
24.0,1.069,0.441979304977,6.0,0.415164274764,0.421852973297,0.990946880799,0.874894865665,86.5140114343,240,
30.0,1.069,0.607807731341,6.0,0.615827849493,0.61927306092,0.993120538735,0.772268928571,88.2427992769,240,
36.0,1.069,0.47104650393,6.0,0.468917288741,0.472943341369,0.993844509125,0.84855959091,88.9011541927,240,
42.0,1.069,0.462990768495,6.0,0.4597633955,0.46421144826,0.993340513292,0.8533265987,88.4452697592,240,
48.0,1.069,0.370159048593,6.0,0.363055409193,0.36910190878,0.992845411862,0.90101733231,88.0077964942,240,
54.0,1.069,0.558010631294,6.0,0.553137194092,0.556499508269,0.993979131716,0.805578657338,88.9908364218,240,
60.0,1.069,0.338232646043,12.0,0.364744979448,0.369413530376,0.994481869597,0.901120182303,89.4480981909,240,
66.0,1.069,0.364742883485,6.0,0.365933189469,0.370006102109,0.995149583507,0.900666327505,90.1322459819,240,
72.0,1.069,0.23010618403,18.0,0.251622831337,0.258161970123,0.994636638266,0.948840451795,89.5936484945,240,
78.0,1.069,0.483756974622,12.0,0.494966192368,0.500555281416,0.991005613233,0.83417562347,86.5556254533,240,
84.0,1.069,0.22598184685,18.0,0.282731114396,0.292742623385,0.991043965612,0.935860811298,86.3193321912,240,
90.0,1.069,0.226813234342,6.0,0.257956673193,0.266423617612,0.992972838065,0.945978285752,87.9903235672,240,
96.0,1.069,0.053089610232,30.0,0.0840721510747,0.0983757890002,0.99578505119,0.992200156367,90.7925894481,240,
102.0,1.069,0.345840065895,18.0,0.379465898728,0.383844738877,0.994561251543,0.893601790574,89.5798258957,240,
108.0,1.069,0.1838526186,12.0,0.222484314982,0.230715642564,0.993937752054,0.958398760575,88.991588754,240,
114.0,1.069,0.177241927748,12.0,0.194369719058,0.20025499294,0.996222940523,0.96834735126,91.3139914925,240,
120.0,1.069,0.0439004636172,18.0,0.0723941004202,0.0908364384546,0.99512003005,0.993323383977,90.1109751446,240,
126.0,1.069,0.257513430578,18.0,0.286016523477,0.290795106901,0.995521274043,0.935752885826,90.537380814,240,
