LeadTime (HRS), obsMax (m MSL), Peak (m), PLag (min), Bias(m), RMSD (m), RVal, Skil, VExp (%), nPts,
-0.0,0.39,0.0149652067045,-102.0,-0.0226392587547,0.048019977505,0.727832100785,0.809624884999,15.869515832,239,
6.0,0.39,-0.00622465957829,-48.0,-0.0298892940039,0.0502093755623,0.742858709626,0.796602649382,19.7330980232,240,
12.0,0.39,-0.0567643394903,-36.0,-0.0726585426914,0.0808123785897,0.796270347987,0.635545795371,29.6190442919,240,
18.0,0.39,-0.0744078856284,-12.0,-0.0724815896416,0.0798068198093,0.81599155811,0.642279644065,33.5484386738,240,
24.0,0.39,-0.0671894263736,0.0,-0.0742336990476,0.0813458635535,0.814049920626,0.633281987412,33.8182424635,240,
30.0,0.39,-0.0756196271931,-90.0,-0.0857638363284,0.0921753096843,0.807606685119,0.585191036144,32.7989903212,240,
36.0,0.39,-0.093119338781,-60.0,-0.101502487783,0.107125369667,0.813812692857,0.536089846897,31.856136035,240,
42.0,0.39,-0.0930569105217,-54.0,-0.0975428237015,0.103615673528,0.794389718284,0.539044116844,30.4612966221,240,
48.0,0.39,-0.0897023286937,-60.0,-0.0920743435264,0.0986407987457,0.797113239962,0.559010307096,29.5924539387,240,
54.0,0.39,-0.0793566000464,-36.0,-0.0845624870566,0.0915300998451,0.807852195878,0.593484437179,30.309486109,240,
60.0,0.39,-0.0936722384736,-60.0,-0.0953471424028,0.101332906563,0.80319401911,0.549185082951,31.7345305613,240,
66.0,0.39,-0.100018448505,-18.0,-0.0996098197297,0.105256971506,0.818400608194,0.541612951507,32.3275906235,240,
72.0,0.39,-0.107886936067,-60.0,-0.112579395708,0.118024720525,0.816856289487,0.50770784694,29.4971701098,240,
84.0,0.39,0.273006979602,-96.0,0.313888036105,0.314967579305,0.855166803677,0.218682815156,48.161000484,240,
90.0,0.39,0.260149454616,-114.0,0.30449353681,0.305558677232,0.862763115904,0.223360582493,49.2836414432,240,
96.0,0.39,0.226163195469,-48.0,0.273350690251,0.274487288328,0.8720106273,0.24424571282,50.3532695412,240,
102.0,0.39,0.257131647836,-96.0,0.302844603952,0.303934666496,0.859493500635,0.224689138623,48.8315569195,240,
108.0,0.39,0.278016865157,-102.0,0.323196325445,0.324212536803,0.860098621297,0.212816275735,48.9680141407,240,
114.0,0.39,0.284310029482,-96.0,0.327387661314,0.328470461226,0.84879886491,0.211180878703,46.9799438872,240,
120.0,0.39,0.313888946719,-114.0,0.356036048807,0.356955671047,0.860587488166,0.195741023143,49.0542333135,240,
126.0,0.39,0.226943157008,-126.0,0.268236979789,0.269601108633,0.845831078439,0.249694531762,46.1092038494,240,
