LeadTime (HRS), obsMax (m MSL), Peak (m), PLag (min), Bias(m), RMSD (m), RVal, Skil, VExp (%), nPts,
-0.0,0.464,0.0935188888747,48.0,0.0156115789311,0.0545655958208,0.736560762294,0.789478705363,0.0,239,
6.0,0.464,0.0713451243702,48.0,0.00125336188536,0.0508451776113,0.772563739054,0.820259763931,0.0,240,
12.0,0.464,0.00382474627292,78.0,-0.047442183628,0.0646737906109,0.83965672633,0.753904400334,7.28225383382,240,
18.0,0.464,-0.00326585842667,24.0,-0.0583316077105,0.0757010956576,0.852657938225,0.711585221531,0.0,240,
24.0,0.464,-0.0145737985296,30.0,-0.0573333182069,0.0718483653366,0.856643958809,0.72067195136,8.65686283028,240,
30.0,0.464,-0.0242899653435,42.0,-0.0623309388419,0.0755731138718,0.843422958935,0.692175313269,9.85650241871,240,
36.0,0.464,-0.0206752386191,42.0,-0.0669473884514,0.0793722118048,0.870976014133,0.685228984472,10.0579892236,240,
42.0,0.464,-0.0301024334744,42.0,-0.0722687624116,0.0833155926622,0.869565385434,0.660622674743,12.5483454918,240,
48.0,0.464,-0.0119800538383,54.0,-0.059366384719,0.0729318297851,0.869720262936,0.717320292451,10.6364849495,240,
54.0,0.464,0.00369832426603,54.0,-0.0555590758186,0.0758283217692,0.855250619696,0.72108408113,0.0,240,
60.0,0.464,-0.0346476681457,36.0,-0.0891155846473,0.102396624656,0.853931779262,0.590434464133,0.0,240,
66.0,0.464,-0.0551261378227,30.0,-0.115471915589,0.129309564233,0.846250547391,0.501503074569,0.0,240,
72.0,0.464,-0.0632425169177,24.0,-0.129294885061,0.143062878943,0.841579824445,0.462904926186,0.0,240,
84.0,0.464,-0.0444763116631,-54.0,-0.125814520443,0.13889545413,0.897280854628,0.494185615565,0.0,240,
90.0,0.464,-0.0606335181671,-54.0,-0.137789095982,0.150232702014,0.898064152448,0.462103986833,0.0,240,
96.0,0.464,-0.0861231924807,-48.0,-0.152411918342,0.160876101276,0.905940966967,0.425207224794,0.0,240,
102.0,0.464,-0.073199301841,-48.0,-0.138256484784,0.146239170605,0.904295816604,0.454766410027,0.0,240,
108.0,0.464,-0.0476487554103,-42.0,-0.121901751091,0.135064303574,0.890109635965,0.501287391978,0.0,240,
114.0,0.464,-0.0708418133851,-42.0,-0.150855684155,0.162740734203,0.883285058658,0.427079769604,0.0,240,
120.0,0.464,0.0160648363825,-48.0,-0.0564760004886,0.0784368183633,0.909947592438,0.73438194767,0.0,240,
126.0,0.464,-0.178524405004,-30.0,-0.251921981765,0.258373637687,0.909032162471,0.295371274245,0.0,240,
