LeadTime (HRS), obsMax (m MSL), Peak (m), PLag (min), Bias(m), RMSD (m), RVal, Skil, VExp (%), nPts,
-0.0,1.244,-0.259475011131,6.0,-0.117068368015,0.178433317958,0.982884558973,0.974808965242,77.7033552416,239,
6.0,1.244,-0.341221658971,-36.0,-0.1885005181,0.235837254709,0.982905409173,0.955949954279,76.5425775029,240,
12.0,1.244,-0.258313453497,-30.0,-0.0826741656846,0.170214585073,0.982187917947,0.976075864443,75.3739728705,240,
18.0,1.244,-0.291774031002,-24.0,-0.154388474376,0.212243251915,0.98177923162,0.963786699206,75.894845331,240,
24.0,1.244,-0.207037596292,-24.0,-0.0677269499777,0.15970464689,0.981189551341,0.979263781971,76.0617745778,240,
30.0,1.244,-0.323320758864,-24.0,-0.169203953203,0.221098580276,0.982976535995,0.960976959199,76.4447797483,240,
36.0,1.244,-0.213871045838,-24.0,-0.055277527594,0.160867472582,0.979362823358,0.978738089789,74.9960187022,240,
42.0,1.244,-0.300706739733,-18.0,-0.144059168881,0.207631503319,0.980530654218,0.96508918922,75.2520180147,240,
48.0,1.244,-0.20685820164,-18.0,-0.0548021709896,0.156658050338,0.982072683969,0.979789078744,75.7097111621,240,
54.0,1.244,-0.31837726339,-18.0,-0.161077726783,0.218242832687,0.982272266211,0.961504269529,75.6278420499,240,
60.0,1.244,-0.149818481367,-18.0,-0.0148329914599,0.141111405073,0.98382382318,0.983698202649,76.7739833871,240,
66.0,1.244,-0.163573139865,-12.0,-0.0210431432871,0.139595572189,0.98480575795,0.984064920315,77.1594989862,240,
72.0,1.244,-0.104314162644,-18.0,0.0366882438703,0.145071623575,0.983561064811,0.982812333595,76.7696565887,240,
84.0,1.244,-0.19581062671,-12.0,0.00933643968128,0.164776399489,0.977030389993,0.976998929818,72.7716062104,240,
90.0,1.244,-0.217717749875,-12.0,-0.0182182047105,0.153353973847,0.981519109637,0.980336862819,74.7980655054,240,
96.0,1.244,-0.0515745248508,-12.0,0.0845306658654,0.17445305508,0.975180122246,0.97561669712,74.7422047427,240,
102.0,1.244,-0.102278375474,-18.0,0.0163860213683,0.159560884801,0.972103396372,0.979451641616,73.7306399706,240,
108.0,1.244,-0.0709366389257,-18.0,0.106148270457,0.191101337039,0.975565571145,0.970145597163,73.6988061806,240,
114.0,1.244,-0.168255811332,-18.0,0.0409303824433,0.177678156218,0.971217956801,0.973379950994,71.3833376297,240,
120.0,1.244,-0.17832107017,-18.0,0.03202933763,0.17473535756,0.973645319724,0.974015761171,71.5694915753,240,
126.0,1.244,-0.3902750994,-18.0,-0.172059997686,0.238370779743,0.97837143473,0.952871814098,72.6953055052,240,
