LeadTime (HRS), obsMax (m MSL), Peak (m), PLag (min), Bias(m), RMSD (m), RVal, Skil, VExp (%), nPts,
-0.0,0.745,0.265366907002,18.0,0.348876844099,0.388624536048,0.888897946468,0.696083976342,48.1278737495,239,
6.0,0.745,0.218611564022,24.0,0.3224030275,0.366463380187,0.89170619725,0.706479479048,47.2177180839,239,
12.0,0.745,0.16357174547,6.0,0.316861949503,0.362012292182,0.900722047087,0.704296712898,46.9577589792,239,
18.0,0.745,0.0978891970154,12.0,0.304103488731,0.350295388869,0.900281605244,0.714861317546,47.325446792,239,
24.0,0.745,0.131335294424,24.0,0.339759670418,0.380916020422,0.903311680836,0.692347161466,47.8222873939,239,
30.0,0.745,0.120347348965,24.0,0.298720044063,0.344557748521,0.904487328239,0.719948818123,47.9755636846,239,
36.0,0.745,0.145563240051,18.0,0.330343661265,0.371647619321,0.904479895213,0.700586056572,48.4108504862,239,
42.0,0.745,0.11225029282,6.0,0.318220963552,0.362596030422,0.89865432242,0.705030559972,47.3399365613,239,
48.0,0.745,0.154777122303,18.0,0.356051286786,0.395066614413,0.898894034814,0.684873034892,48.1357192847,239,
54.0,0.745,0.17464873219,-6.0,0.375032334697,0.411439010724,0.900797142834,0.67506214061,48.7340935813,239,
60.0,0.745,0.184049405546,-12.0,0.383732585533,0.419580035695,0.900170738359,0.669213357933,48.5875732353,239,
66.0,0.745,0.234378496482,24.0,0.411912821928,0.445163331398,0.901002924585,0.65343489463,48.8547233905,239,
72.0,0.745,0.227323069766,24.0,0.428713099037,0.459785526732,0.90787515149,0.644567524353,49.6600653865,239,
78.0,0.745,0.210900857692,18.0,0.427071474048,0.459067438653,0.910394433762,0.641666772843,48.9853182511,239,
84.0,0.745,0.131231834395,36.0,0.340024627145,0.379990680718,0.907104748782,0.694308093291,48.6059110471,239,
90.0,0.745,0.159768304598,-6.0,0.370243128993,0.407390800257,0.899715639567,0.677409141121,48.5067775027,239,
96.0,0.745,nan,nan,nan,nan,nan,nan,nan,0,
102.0,0.745,0.160780769768,-18.0,0.356401863502,0.390646446551,0.920179333266,0.69195278797,51.5206397749,239,
108.0,0.745,0.151700317027,-18.0,0.342431079927,0.379072047763,0.913243528766,0.699339045119,50.7179038122,239,
114.0,0.745,0.175916286512,18.0,0.37881985872,0.412717761088,0.912939325039,0.674988580421,50.3511964471,239,
120.0,0.745,0.139997495606,-12.0,0.341645302601,0.378288587896,0.91895917785,0.698639335746,50.7699693979,239,
126.0,0.745,0.211313866107,-6.0,0.395108606296,0.425817295796,0.920880021115,0.668967536183,51.8751691861,239,
