LeadTime (HRS), obsMax (m MSL), Peak (m), PLag (min), Bias(m), RMSD (m), RVal, Skil, VExp (%), nPts,
-0.0,1.203,0.0501302095592,-24.0,0.38824641552,0.544595728034,0.925698750714,0.809193824321,48.9181685807,235,
6.0,1.203,0.0637985874635,-18.0,0.3874989701,0.525736433972,0.935128660324,0.828019626979,52.2063160198,235,
12.0,1.203,-0.016448535828,-30.0,0.347030007155,0.504636444194,0.933298632339,0.835205462137,50.9728414727,235,
18.0,1.203,0.0205430217488,-36.0,0.356770947522,0.504985885753,0.934727057446,0.837837898886,52.0382156257,235,
24.0,1.203,-0.0531335250725,-24.0,0.281060768191,0.453374415877,0.939597085375,0.865416349236,52.6186361233,235,
30.0,1.203,0.0539961786172,-24.0,0.377492336623,0.524336397452,0.936143753275,0.825517540868,51.2268950259,235,
36.0,1.203,-0.0813445357545,-24.0,0.276959958306,0.490155062022,0.919562664017,0.831802666909,46.5592216128,235,
42.0,1.203,-0.0465995229022,-24.0,0.286195728165,0.470112853209,0.936699053419,0.851910071423,50.5131467335,235,
48.0,1.203,-0.15554220402,-24.0,0.258641039909,0.513352492629,0.917610613722,0.799562770237,41.6957881886,235,
54.0,1.203,-0.041997895981,-24.0,0.28006764635,0.482333423433,0.9205268315,0.841215473855,48.0488178707,235,
60.0,1.203,-0.190760857483,-24.0,0.161309772154,0.419564507429,0.940468530605,0.874484082249,49.1564498541,235,
66.0,1.203,-0.136816338174,-18.0,0.220870972267,0.463203448591,0.922780273653,0.845678350547,46.41163937,235,
72.0,1.203,-0.247405009819,-30.0,0.100010767763,0.41178864839,0.92771004583,0.8771314694,47.7846835193,235,
78.0,1.203,-0.177169295202,-12.0,0.199833890166,0.442247231202,0.936347362771,0.859852475391,48.0782914633,235,
84.0,1.203,-0.293312393617,-24.0,0.145052738322,0.456409757933,0.92672524735,0.838619690643,43.3679591207,235,
90.0,1.203,-0.205366026777,-18.0,0.179787214699,0.427887383598,0.942942685125,0.86890613955,48.9494548372,235,
96.0,1.203,nan,nan,nan,nan,nan,nan,nan,0,
102.0,1.203,-0.184458105253,-24.0,0.172449374155,0.419709195847,0.937433516255,0.875714293876,49.6421716868,235,
108.0,1.203,-0.18910618619,-30.0,0.172383923917,0.417814496049,0.93869914588,0.877256241017,49.9096594839,235,
114.0,1.203,-0.163398318192,-30.0,0.209178357132,0.464014318976,0.931339945522,0.840974172088,45.5160479426,235,
120.0,1.203,-0.201665463415,-30.0,0.179864074271,0.450730083901,0.928195074639,0.849349235454,45.704865402,235,
126.0,1.203,-0.179359028961,-30.0,0.154552527604,0.418944561036,0.932997039157,0.874868539481,48.8386961631,235,
