LeadTime (HRS), obsMax (m MSL), Peak (m), PLag (min), Bias(m), RMSD (m), RVal, Skil, VExp (%), nPts,
-0.0,0.19,0.0619964914286,30.0,0.0374882611384,0.0522365754932,0.892132365896,0.884545263104,48.3684685844,239,
6.0,0.19,0.04089770586,24.0,0.0462578066059,0.0574111246637,0.897875998102,0.860917918103,51.7370537977,239,
12.0,0.19,0.0278108101214,36.0,0.0533939645749,0.0593247693629,0.937618756877,0.853279892148,63.3020046446,239,
18.0,0.19,0.0111273096296,-12.0,0.0406390941272,0.0457020139686,0.956031494649,0.903036193361,70.3245843705,239,
24.0,0.19,0.00399080957618,36.0,0.0294514898284,0.0359993570531,0.957350517441,0.937556360788,70.617073895,239,
30.0,0.19,0.0253580090638,78.0,0.0501011140631,0.05404951177,0.959158551353,0.872000497289,71.2174768238,239,
36.0,0.19,0.0293369306693,6.0,0.061182473669,0.0640910465658,0.962954588576,0.828811974617,72.9070002665,239,
42.0,0.19,0.0194814958996,48.0,0.0528789103239,0.0563880378577,0.960638423405,0.85805265926,72.2072539988,239,
48.0,0.19,0.00222586779433,6.0,0.0342674440363,0.0390596397538,0.96405690914,0.925894736664,73.3935485572,239,
54.0,0.19,0.0142078439957,66.0,0.0469833934325,0.0503816234854,0.966101392634,0.882619727955,74.1824316443,239,
60.0,0.19,0.0321552852274,78.0,0.0648359086794,0.0677047937638,0.960969977873,0.809993587279,72.3230208982,239,
66.0,0.19,0.036184993542,120.0,0.0600041615045,0.0631873016612,0.960499898845,0.832909747089,71.8935715037,239,
72.0,0.19,0.0125122551009,66.0,0.0416886092544,0.0458248188083,0.962924970077,0.900492537788,72.9961249109,239,
78.0,0.19,0.0274103436688,66.0,0.0554710735581,0.0587995425868,0.961585820262,0.850517555721,72.3193030793,239,
84.0,0.19,0.0416468375294,120.0,0.0716905138119,0.0743706241645,0.959760972817,0.779995179289,71.9177983413,239,
90.0,0.19,0.0363160104948,138.0,0.0660683077716,0.0687686291571,0.962768116479,0.806709274579,72.9168208462,239,
96.0,0.19,nan,nan,nan,nan,nan,nan,nan,0,
102.0,0.19,0.0287248727315,36.0,0.0537259386943,0.0567423042998,0.968085710864,0.864347586047,74.1022132516,239,
108.0,0.19,-0.00178188026985,102.0,0.0249583017044,0.03107660608,0.965507990474,0.952462499345,73.7308024088,239,
114.0,0.19,-0.00309586712473,102.0,0.0217470964265,0.0283222763308,0.966666013962,0.959907047606,74.2580268746,239,
120.0,0.19,0.0414679358912,54.0,0.0690322779439,0.0706097615411,0.977653172006,0.800273084798,78.943195998,239,
126.0,0.19,0.000982365501564,108.0,0.0229613950094,0.0294530091664,0.968403858328,0.958977428332,73.830006601,239,
