LeadTime (HRS), obsMax (m MSL), Peak (m), PLag (min), Bias(m), RMSD (m), RVal, Skil, VExp (%), nPts,
-0.0,0.492,0.231264022731,-618.0,0.154374155898,0.167439240308,0.964588194351,0.891690979848,73.5477003868,239,
6.0,0.492,0.223915553369,-618.0,0.147312897075,0.158956674974,0.969912477366,0.901116451744,75.6384932303,239,
12.0,0.492,0.128224252915,-618.0,0.119836957609,0.132366646831,0.973394088772,0.929571845718,77.0675181749,239,
18.0,0.492,0.149917584695,-624.0,0.164383197826,0.173648490003,0.973654975961,0.885484221658,77.1695994871,239,
24.0,0.492,0.155365144153,-624.0,0.166358361237,0.1756907929,0.973221302489,0.883601157921,76.9512735565,239,
30.0,0.492,0.137278851952,-618.0,0.153633336635,0.16344466441,0.973831149046,0.89704963769,77.2462903452,239,
36.0,0.492,0.112733634521,-630.0,0.130582506508,0.142124342361,0.973492223958,0.919702261683,77.1129017926,239,
42.0,0.492,0.151701446064,-630.0,0.170881495685,0.179949940743,0.973187156095,0.87753390129,76.9897716955,239,
48.0,0.492,0.169065404325,-636.0,0.188628819731,0.197101602212,0.972425755793,0.85619490293,76.6782981731,239,
54.0,0.492,0.146158494266,-618.0,0.165760782313,0.175429986338,0.972162181896,0.882139803978,76.5685447489,239,
60.0,0.492,0.11131327006,-624.0,0.128679614158,0.14087211612,0.972274493989,0.920489036584,76.6130954637,239,
66.0,0.492,0.142609822708,-618.0,0.157687517039,0.168214592559,0.971069112673,0.890948247187,76.1052374608,239,
72.0,0.492,0.172409659586,-630.0,0.184642972663,0.193819859032,0.970718492793,0.86078898191,75.9583340686,239,
78.0,0.492,0.135654455179,-624.0,0.151967461927,0.162881198922,0.97101276358,0.896869616481,76.0865117599,239,
84.0,0.492,0.099014229705,-618.0,0.113424556633,0.128118720407,0.970043342554,0.933182497132,75.6961442498,239,
90.0,0.492,0.115706640471,-630.0,0.13077166661,0.143837681188,0.969706692629,0.917274070314,75.5637538394,239,
96.0,0.492,nan,nan,nan,nan,nan,nan,nan,0,
102.0,0.492,0.12056820938,-624.0,0.136986531954,0.146350798633,0.977694528214,0.914771056834,78.9867102309,239,
108.0,0.492,-0.0182602963385,-624.0,-0.0058022422907,0.052942424653,0.976708658209,0.987850060904,78.5323198569,239,
114.0,0.492,-0.0143719198712,-624.0,-0.0035145291912,0.0528571256988,0.976645818587,0.987831457519,78.4847371749,239,
120.0,0.492,0.156908323041,-624.0,0.17016676346,0.178098963395,0.976746506615,0.879454994198,78.5583867318,239,
126.0,0.492,-0.0168439896228,-630.0,-0.00399666376532,0.053578553773,0.975992810467,0.987521697013,78.2036086791,239,
