LeadTime (HRS), obsMax (m MSL), Peak (m), PLag (min), Bias(m), RMSD (m), RVal, Skil, VExp (%), nPts,
-0.0,0.399,0.517333706754,-30.0,0.552631840621,0.553015426148,0.89696054719,0.105136209973,44.1342985684,240,
6.0,0.399,0.506017615022,12.0,0.539319234307,0.539685980753,0.909222004117,0.107034739349,45.7802581967,239,
12.0,0.399,0.478717599014,0.0,0.516151150897,0.516594928365,0.930468419523,0.11085171246,41.6498311101,239,
18.0,0.399,0.480839718771,0.0,0.522770167705,0.523223790185,0.943299447482,0.109381915539,40.628969338,239,
24.0,0.399,0.49539822667,-54.0,0.537723206591,0.538210716343,0.940828183297,0.106386270434,37.5766358139,239,
30.0,0.399,0.487971990365,12.0,0.529048917217,0.529540320459,0.928139245593,0.108033108128,37.8350681017,239,
36.0,0.399,0.446666440268,12.0,0.490881117165,0.491406621086,0.920311517371,0.115691163898,38.0744235047,239,
42.0,0.399,0.440340804101,-1416.0,0.488212264544,0.48883179451,0.926112127487,0.115668872717,32.9419455259,239,
48.0,0.399,nan,nan,nan,nan,nan,nan,nan,0,
54.0,0.399,0.443938755491,0.0,0.488767346989,0.489329341338,0.947869905051,0.116018815903,36.1588473984,239,
60.0,0.399,0.399978550225,6.0,0.443906498205,0.444478219488,0.976126302257,0.126692295611,38.6327629737,239,
66.0,0.399,0.397919983234,6.0,0.442044355084,0.442672776015,0.947411788561,0.126905624995,35.7946244915,239,
72.0,0.399,0.403397287594,6.0,0.447881648926,0.448532719667,0.931948444691,0.12535006537,34.2172015049,239,
78.0,0.399,0.397667627497,6.0,0.448100282911,0.448992730887,0.854340423603,0.124037958394,22.9532998718,239,
84.0,0.399,0.403396568687,-1422.0,0.448898950254,0.449533852012,0.927281708899,0.125270560448,34.9660825051,239,
90.0,0.399,0.411500813292,6.0,0.460589295321,0.461313801393,0.932989948623,0.12162753787,29.6267671377,239,
96.0,0.399,0.420599521678,0.0,0.46845821602,0.469158803004,0.929984391029,0.119735878303,30.2108957938,239,
102.0,0.399,0.429688572475,0.0,0.472111682468,0.472789106029,0.865026327987,0.11957928764,31.108267699,239,
108.0,0.399,0.429946296867,0.0,0.475773381872,0.4762800877,0.955253107936,0.119342530957,40.1929376594,239,
114.0,0.399,0.420451291403,-18.0,0.463195653689,0.463928525228,0.783701823652,0.121594639166,29.0215137638,239,
120.0,0.399,0.4304523938,6.0,0.477505691373,0.478140956497,0.918033093599,0.11810393977,32.9081097322,239,
126.0,0.399,0.440380196645,-18.0,0.484111313765,0.484670215819,0.939314964134,0.117076086458,36.6386198122,239,
