LeadTime (HRS), obsMax (m MSL), Peak (m), PLag (min), Bias(m), RMSD (m), RVal, Skil, VExp (%), nPts,
-0.0,0.601,0.0984175690135,18.0,0.0631971600731,0.0755071520811,0.989292386846,0.982066965338,85.1590201465,240,
6.0,0.601,0.0671390429523,18.0,0.0423500559969,0.0584185071088,0.989935754682,0.989240485522,85.5699512875,239,
12.0,0.601,0.113750815947,18.0,0.0935960734391,0.101516754625,0.990402344911,0.968278554837,85.9024892394,239,
18.0,0.601,0.0518860419921,54.0,0.0388182041462,0.0552980452465,0.990320806196,0.990334215566,85.8769963213,239,
24.0,0.601,0.0948811688663,30.0,0.0758023040926,0.0847465345916,0.991086340479,0.977665214522,86.4108174746,239,
30.0,0.601,0.0653876497261,12.0,0.0490350349103,0.0621801894606,0.990824709696,0.987789070771,86.2885550039,239,
36.0,0.601,0.131789785092,42.0,0.114643225707,0.121102098768,0.990508938359,0.955463979449,86.0067634724,239,
42.0,0.601,0.0777633903236,24.0,0.0585138056842,0.0707070113327,0.990280333797,0.9843633052,85.7654596786,239,
48.0,0.601,nan,nan,nan,nan,nan,nan,nan,0,
54.0,0.601,0.0922977414043,24.0,0.070680560376,0.0762350293824,0.995000245745,0.981974102086,89.7830896432,239,
60.0,0.601,0.151398312729,24.0,0.13181818882,0.134636520012,0.995396178444,0.946011299636,90.1989618205,239,
66.0,0.601,0.0916231156417,24.0,0.0768112261087,0.0816902688235,0.995232241808,0.97932887022,90.0540021945,239,
72.0,0.601,0.131093967591,30.0,0.112310659445,0.115666716324,0.995290675803,0.959489886457,90.1070708434,239,
78.0,0.601,0.0952302924116,24.0,0.0793735739685,0.0840972540369,0.995197453676,0.978073947782,90.0614108775,239,
84.0,0.601,0.144911112004,18.0,0.130864888763,0.1336051904,0.995419039174,0.946341137036,90.3716509686,239,
90.0,0.601,0.09440946609,12.0,0.0780423438096,0.0824382928319,0.995520447867,0.978761911224,90.5004723622,239,
96.0,0.601,0.128763024026,12.0,0.111450389399,0.115046167047,0.994866717541,0.959635349554,89.7931534979,239,
102.0,0.601,0.10612783155,18.0,0.0867036311282,0.0915926990844,0.994479427052,0.973943152793,89.4403722969,239,
108.0,0.601,0.160404484389,24.0,0.14384247965,0.146939710096,0.994360039703,0.936089336913,89.266656488,239,
114.0,0.601,0.118953341707,36.0,0.108512777793,0.112720653222,0.994079011279,0.96100253944,89.0875772546,239,
120.0,0.601,0.150689405722,18.0,0.134858924796,0.138622113949,0.993477388476,0.942376236721,88.5262336396,239,
126.0,0.601,0.14455348279,36.0,0.121174568143,0.125377451489,0.993503186936,0.952520749746,88.4868989148,239,
