LeadTime (HRS), obsMax (m MSL), Peak (m), PLag (min), Bias(m), RMSD (m), RVal, Skil, VExp (%), nPts,
-0.0,0.851,0.892930985441,-36.0,0.723893132946,0.727580156374,0.995837877317,0.814004930825,90.0499071648,239,
6.0,0.851,0.892052041179,-36.0,0.730614147263,0.734024196127,0.996041404844,0.81105760509,90.3876370469,239,
12.0,0.851,0.766308989224,-36.0,0.670687248137,0.67292838948,0.99772316146,0.834603134174,92.5362547366,239,
18.0,0.851,0.826690613066,-30.0,0.783449582116,0.785183719703,0.997931969864,0.790957835973,92.9060658754,239,
24.0,0.851,0.724297985489,24.0,0.701168048431,0.702585211047,0.998564187015,0.822868448329,93.9334763833,239,
30.0,0.851,0.775716426999,24.0,0.746877436207,0.748197846282,0.998576210462,0.805228611491,93.9567493752,239,
36.0,0.851,0.679686826243,24.0,0.650094932707,0.651450992655,0.998750128657,0.842891809068,94.2858208388,239,
42.0,0.851,0.83396781201,-24.0,0.806949486962,0.807956084583,0.998926864431,0.782552907755,94.5161423052,239,
48.0,0.851,0.691451461376,-30.0,0.669365722325,0.670398044668,0.999116370294,0.835602943148,94.9416783979,239,
54.0,0.851,0.748250429196,-12.0,0.736882485588,0.737695887166,0.999295844128,0.809617374009,95.2894556669,239,
60.0,0.851,0.615194894443,-6.0,0.616129274271,0.617111280967,0.999184049773,0.855904009795,95.2666808989,239,
66.0,0.851,0.810683480999,-24.0,0.813608516484,0.814478465035,0.99909142257,0.780118460056,94.8811754241,239,
72.0,0.851,0.656484464559,-24.0,0.646830950491,0.647729887779,0.999360501216,0.844767369057,95.3600789548,239,
78.0,0.851,0.724225929567,-24.0,0.727014968853,0.72789695143,0.999221667133,0.813406974057,95.1277112951,239,
84.0,0.851,0.624000423592,-24.0,0.634535421213,0.635565648163,0.99914547908,0.849067772419,95.0799416422,239,
90.0,0.851,0.876802368877,-18.0,0.870788633673,0.871471458729,0.999238616762,0.758430073369,95.3086711261,239,
96.0,0.851,nan,nan,nan,nan,nan,nan,nan,0,
102.0,0.851,0.803143100837,-24.0,0.766348129879,0.76730170306,0.999166094726,0.798222020802,94.7951954341,239,
108.0,0.851,0.735325310132,-30.0,0.704404928636,0.705561362892,0.999092541474,0.822378323824,94.5042224474,239,
114.0,0.851,1.00158692985,-18.0,0.955944189449,0.956778127763,0.99931124553,0.729045441038,94.5642780523,239,
120.0,0.851,0.919702788902,-18.0,0.864079468057,0.86497002732,0.999318519921,0.762539221858,94.6592846398,239,
126.0,0.851,0.892197573693,-24.0,0.870890895818,0.871449809829,0.999398084518,0.758122225793,95.7527937925,239,
