LeadTime (HRS), obsMax (m MSL), Peak (m), PLag (min), Bias(m), RMSD (m), RVal, Skil, VExp (%), nPts,
-0.0,0.871,0.467096101751,-18.0,0.419291672247,0.426688862247,0.984617164036,0.809946827147,81.3104567955,239,
6.0,0.871,0.40098556163,-12.0,0.340972888783,0.350807231773,0.983475003967,0.860872257703,80.5131416155,239,
12.0,0.871,0.358112233458,-54.0,0.273739142105,0.286586165252,0.981948502546,0.900719564341,79.9549803176,239,
18.0,0.871,0.345190537533,-54.0,0.298554634218,0.307609300416,0.986025676774,0.887217795795,82.4968431891,239,
24.0,0.871,0.281102643955,-12.0,0.243556612594,0.25072247883,0.991080824698,0.921791460552,85.9393440038,239,
30.0,0.871,0.229277717093,-18.0,0.184700626089,0.191933447249,0.993485081527,0.952765167834,87.6689862588,239,
36.0,0.871,0.207233139937,-18.0,0.177390761595,0.187331218279,0.991474382821,0.955113635065,85.7744439323,239,
42.0,0.871,0.302606993275,0.0,0.28050261916,0.284967579842,0.99429017481,0.902875017682,88.1286859239,239,
48.0,0.871,0.221659896393,0.0,0.215424733906,0.219450982464,0.995908024708,0.939160279607,90.1140596788,239,
54.0,0.871,0.199137366588,0.0,0.214873449263,0.220834661861,0.993221724655,0.937650590638,87.9593414048,239,
60.0,0.871,0.210728004602,0.0,0.247586037076,0.256197486794,0.988490872094,0.917800632845,84.4387231345,239,
66.0,0.871,0.389252037267,-6.0,0.408061730705,0.413549296178,0.98769323234,0.814176405192,84.1361680048,239,
72.0,0.871,0.286677110132,0.0,0.308704282476,0.316284839058,0.986739105688,0.877618339698,83.7380773641,239,
78.0,0.871,0.267329675266,0.0,0.346217013122,0.365597094278,0.961405229756,0.831305028064,72.2510722656,239,
84.0,0.871,0.313869911983,0.0,0.30750378732,0.310780466494,0.994347287363,0.882487180796,89.3660119433,239,
90.0,0.871,0.470229832857,-6.0,0.499273363106,0.502737020745,0.990344761748,0.749142684605,86.0816195052,239,
96.0,0.871,nan,nan,nan,nan,nan,nan,nan,0,
102.0,0.871,0.368559290215,6.0,0.391910986181,0.395656030284,0.991939540634,0.827772970613,87.1788295707,239,
108.0,0.871,0.366957855867,6.0,0.392009938079,0.395763283308,0.991765309576,0.823217712031,87.1629477686,239,
114.0,0.871,0.655410778438,0.0,0.63296364618,0.635104665553,0.992469187638,0.670860659876,87.6990948815,239,
120.0,0.871,0.584746740741,0.0,0.584356893107,0.587388902763,0.990236259742,0.700033059573,85.9285958354,239,
126.0,0.871,0.614273847215,6.0,0.605936690003,0.60870855909,0.990688370299,0.686712243561,86.3017044964,239,
