LeadTime (HRS), obsMax (m MSL), Peak (m), PLag (min), Bias(m), RMSD (m), RVal, Skil, VExp (%), nPts,
-0.0,0.515,1.12498021287,222.0,1.09925958477,1.10534027525,0.392365513227,0.139063323206,0.0,240,
6.0,0.515,1.1515453292,-294.0,1.06302313927,1.07071114482,0.123147455647,0.13887854862,0.0,239,
12.0,0.515,1.10608130903,-114.0,1.10472342083,1.11098691642,0.359507811953,0.136919565683,0.0,239,
18.0,0.515,1.15545627889,-318.0,1.07655298912,1.08458848454,0.0306923459403,0.135409026159,0.0,240,
24.0,0.515,1.09511081767,66.0,1.08019509677,1.08740311847,0.0839674339499,0.135852574431,0.0,239,
30.0,0.515,1.13090862989,-294.0,1.10527398642,1.11361749414,0.237585322663,0.132799531059,0.0,239,
36.0,0.515,1.14931533497,-378.0,1.1187685324,1.12666372748,0.189571039861,0.131505519146,0.0,239,
42.0,0.515,1.15350860762,-270.0,1.07733311939,1.08064287572,0.627008632425,0.142736953882,17.9245942387,239,
48.0,0.515,1.15175843908,294.0,1.10020035846,1.10631961806,0.261623889104,0.135187603395,0.0,239,
54.0,0.515,1.10699882884,-306.0,1.17320275743,1.17957753969,0.311232468984,0.12628819613,0.0,239,
60.0,0.515,1.19823108119,-498.0,1.10647011876,1.11365129696,0.183900403018,0.133730471512,0.0,239,
66.0,0.515,1.16504658559,264.0,1.11886258901,1.12552382976,0.299002523064,0.133619900829,0.0,239,
72.0,0.515,1.16106476751,-42.0,1.094791364,1.10173760715,0.178660556198,0.134414721569,0.0,239,
78.0,0.515,1.17071913747,-276.0,1.11178176597,1.11862748873,0.188664057422,0.132829176512,0.0,239,
84.0,0.515,1.1214937065,408.0,1.14017398893,1.1461731683,0.380208899191,0.131706942304,0.0,239,
90.0,0.515,1.10105102966,-150.0,1.11384012261,1.11913384638,0.418586584401,0.136608094782,0.0,239,
96.0,0.515,1.15458383739,414.0,1.08179652942,1.08832785067,0.192993503329,0.136128989102,0.0,239,
102.0,0.515,1.17933682556,264.0,1.10204099404,1.10731330027,0.457084853946,0.139547975179,0.0,239,
108.0,0.515,nan,nan,nan,nan,nan,nan,nan,0,
114.0,0.515,1.12219918502,12.0,1.07553889533,1.08171723203,0.26630209976,0.137205429499,0.0,239,
120.0,0.515,1.15898047916,366.0,1.07710708805,1.08317788524,0.271748569446,0.137292734206,0.0,239,
126.0,0.515,1.13713693577,-378.0,1.096716176,1.10504332161,0.218157668864,0.133087331126,0.0,239,
