LeadTime (HRS), obsMax (m MSL), Peak (m), PLag (min), Bias(m), RMSD (m), RVal, Skil, VExp (%), nPts,
-0.0,0.44,0.566159024526,6.0,0.00481407880026,0.341644100112,0.986438763493,0.918745640447,21.8142781868,239,
6.0,0.44,0.450568227492,18.0,-0.0766278260523,0.329337302198,0.986266114515,0.922145487366,26.7907496617,240,
12.0,0.44,0.560454194793,6.0,0.0105067408414,0.32778824554,0.986100580613,0.923475965042,25.1173870984,240,
18.0,0.44,0.526021886372,12.0,-0.0206758931121,0.327884243873,0.986695512336,0.923500369328,25.2060967561,240,
24.0,0.44,0.58219749831,6.0,0.0270958597478,0.332525057741,0.986688366088,0.921897654724,24.2489635771,240,
30.0,0.44,0.489642103574,12.0,-0.0545804459018,0.330500369115,0.986916422086,0.922293983949,25.4962208834,240,
36.0,0.44,0.614952432857,12.0,0.0656844304761,0.33758578549,0.987053757373,0.9197379972,24.314167752,240,
42.0,0.44,0.603477146056,6.0,0.0452831931488,0.333731701698,0.987606509315,0.921453076824,24.4258765611,240,
48.0,0.44,0.641345390284,12.0,0.0811056645031,0.342736821667,0.98730195704,0.917711485023,23.8871811821,240,
54.0,0.44,0.569212712904,6.0,0.0189563769882,0.328108794828,0.987826103381,0.92361587733,25.1308897864,240,
60.0,0.44,0.678554897421,6.0,0.124114759425,0.358845854264,0.986671846447,0.910824703577,23.0423140217,240,
66.0,0.44,0.690189431697,6.0,0.124516135955,0.35934035167,0.987657871568,0.910818136931,22.9556925784,240,
72.0,0.44,0.702549220746,6.0,0.137031773242,0.362619681961,0.987625404504,0.90918609759,23.2634414257,240,
78.0,0.44,0.636862947201,6.0,0.0757419667574,0.339512906573,0.987543366603,0.91896096761,24.3547481207,240,
84.0,0.44,0.715219563493,6.0,0.157105216891,0.365992835151,0.987381181397,0.907034583265,24.4457791306,240,
90.0,0.44,0.757901178504,6.0,0.1929567385,0.388620754692,0.987262818004,0.897278555739,22.89720736,240,
96.0,0.44,0.742618361324,6.0,0.175300603547,0.37761252023,0.988101951346,0.902257724372,23.5548367517,240,
102.0,0.44,0.690592436232,6.0,0.124268729602,0.354282635965,0.987813199043,0.912555224578,24.1680615493,240,
108.0,0.44,0.745474093385,6.0,0.176121766825,0.377684998155,0.987326802339,0.902029610685,23.6347785896,240,
114.0,0.44,0.803546117743,6.0,0.221923347139,0.407226868453,0.98795100898,0.889074975953,21.9577391917,240,
120.0,0.44,0.759661674348,6.0,0.1804282137,0.3809933551,0.988327379811,0.90084874364,23.3021650528,240,
126.0,0.44,0.715045651584,6.0,0.141583161986,0.363671727831,0.988115040517,0.908716493176,23.4351927697,240,
