LeadTime (HRS), obsMax (m MSL), Peak (m), PLag (min), Bias(m), RMSD (m), RVal, Skil, VExp (%), nPts,
-0.0,0.414,-0.0292293477035,78.0,-0.124061728708,0.144455314552,0.948739706386,0.523400175623,0.0,239,
6.0,0.414,-0.00153391229198,72.0,-0.114847906154,0.140114057376,0.952372666057,0.54300052355,0.0,240,
12.0,0.414,0.0393775967651,78.0,-0.0892909819346,0.128286449775,0.951024739956,0.594380589684,0.0,240,
18.0,0.414,0.0301210577497,114.0,-0.104650050047,0.14039056707,0.955021345504,0.558398428092,0.0,240,
24.0,0.414,0.00886632884395,114.0,-0.118699450645,0.149388114734,0.94618302734,0.525998839086,0.0,240,
30.0,0.414,0.0225018651024,108.0,-0.102480775708,0.131902006201,0.946986996985,0.571914742643,0.0,240,
36.0,0.414,0.0310104334703,108.0,-0.0944713340748,0.129834258658,0.956408928247,0.586932438961,0.0,240,
42.0,0.414,0.0294382355205,90.0,-0.0825503918383,0.120425220367,0.959960887385,0.618549466939,0.0,240,
48.0,0.414,0.00352395796687,108.0,-0.112689884266,0.137660467521,0.950378340881,0.549990086341,0.0,240,
54.0,0.414,0.00387048480335,108.0,-0.13080895284,0.163276314336,0.930570991488,0.492875250566,0.0,240,
60.0,0.414,0.026819738542,132.0,-0.104178974329,0.14031780509,0.944394023279,0.557815096309,0.0,240,
66.0,0.414,0.0148177944672,114.0,-0.117469891347,0.152624808607,0.960553517151,0.52905056272,0.0,240,
72.0,0.414,0.0272820513005,138.0,-0.0984982173196,0.132701254639,0.925450351318,0.572759475266,0.0,240,
78.0,0.414,0.0134083539014,126.0,-0.0964954101998,0.125065933305,0.909197497457,0.579229755901,0.0,240,
84.0,0.414,0.0583229604873,102.0,-0.0574634376676,0.107303875351,0.93213634237,0.664331116597,0.0,240,
90.0,0.414,0.044754661137,114.0,-0.0695435609017,0.109324019223,0.915537452685,0.642854873209,0.0,240,
96.0,0.414,0.0426739518513,96.0,-0.0609052604402,0.10321379446,0.91318842805,0.663424386971,0.0,240,
102.0,0.414,0.0155777534156,108.0,-0.0899682452842,0.119280288722,0.953925255534,0.606382931307,0.0,240,
108.0,0.414,0.0546941287907,90.0,-0.0417388065699,0.0943501778642,0.92691062378,0.707932227585,0.0,240,
114.0,0.414,0.0766725695976,96.0,-0.0446194347546,0.106466236436,0.928627490684,0.676708861764,0.0,240,
120.0,0.414,0.0853465439736,90.0,-0.0382698397238,0.106900655562,0.931803286741,0.681058665687,0.0,240,
126.0,0.414,0.0723024484507,54.0,-0.0439227816465,0.10647511982,0.935896201108,0.679843388869,0.0,240,
