LeadTime (HRS), obsMax (m MSL), Peak (m), PLag (min), Bias(m), RMSD (m), RVal, Skil, VExp (%), nPts,
-0.0,3.337,0.583834660512,0.0,0.591169117574,0.64167511779,0.994211516122,0.979790821234,89.018386251,239,
6.0,3.337,0.674511656293,6.0,0.666769938159,0.71797196854,0.993227009142,0.974833870005,88.2573422518,240,
12.0,3.337,0.485819059932,0.0,0.494184892366,0.558709263599,0.993693988015,0.98448146381,88.5054323124,240,
18.0,3.337,0.635515885891,6.0,0.6273184693,0.684333588671,0.992887419605,0.977014863413,87.9401269735,240,
24.0,3.337,0.446664124271,0.0,0.450503671972,0.521916899035,0.993571943018,0.98641273664,88.3786978739,240,
30.0,3.337,0.656352919914,6.0,0.644434589431,0.700914114705,0.992774032715,0.975906242477,87.8437017976,240,
36.0,3.337,0.338107901367,6.0,0.350663802165,0.440982622035,0.993334363098,0.990269602355,88.2078458367,240,
42.0,3.337,0.559373763051,6.0,0.557751545561,0.622853953809,0.992719296724,0.980838516867,87.7738612011,240,
48.0,3.337,0.288300946998,6.0,0.306013902891,0.409006056312,0.99316973656,0.991599877402,88.0326072057,240,
54.0,3.337,0.572187218284,6.0,0.589168571318,0.65216595768,0.992595587043,0.979021464343,87.6677000931,240,
60.0,3.337,0.153444061361,6.0,0.183444228881,0.331731560214,0.992915433577,0.994451601103,87.8109982034,240,
66.0,3.337,0.371366818017,6.0,0.397837922968,0.486336778148,0.992591164141,0.988216435977,87.6639459842,240,
72.0,3.337,0.0259138857137,0.0,0.0628282445344,0.283905625909,0.992746994857,0.99595305192,87.790196251,240,
78.0,3.337,0.39537665828,0.0,0.429634907042,0.510350650889,0.99280225881,0.987059468635,87.8527460448,240,
84.0,3.337,0.02306534745,0.0,0.0651180455575,0.284808714741,0.99272739659,0.995926844344,87.7726377828,240,
90.0,3.337,0.268321560916,0.0,0.305800580408,0.415944900661,0.992471433253,0.991348770552,87.5659822191,240,
96.0,3.337,-0.0729649466738,0.0,-0.0265782907528,0.27555932471,0.993015783586,0.996167899249,87.9044972207,240,
102.0,3.337,0.362839105982,0.0,0.419130799704,0.504110903168,0.992717316813,0.987276972673,87.647503819,240,
108.0,3.337,0.0368068880235,0.0,0.0965572414126,0.292853003557,0.992976433098,0.995660851513,87.8073658603,240,
114.0,3.337,0.256655748649,0.0,0.335356288414,0.437306041968,0.992770873268,0.990366042433,87.6226875646,240,
120.0,3.337,-0.100728245523,0.0,-0.0288561862265,0.277192671333,0.992794894071,0.996144941035,87.8422267249,240,
126.0,3.337,0.372757061059,6.0,0.429607290327,0.51394453873,0.992615360094,0.986776535809,87.5596961475,240,
