LeadTime (HRS), obsMax (m MSL), Peak (m), PLag (min), Bias(m), RMSD (m), RVal, Skil, VExp (%), nPts,
-0.0,1.06,-0.142297285563,-6.0,-0.190192460514,0.212213414126,0.994067538451,0.980226964935,87.8158095558,240,
6.0,1.06,0.0277931040618,-6.0,-0.0649382524599,0.0998696205638,0.995888579092,0.995642209471,90.1804091643,239,
12.0,1.06,0.000879962990493,-6.0,-0.0492233508727,0.0886701075467,0.996096274304,0.996568559375,90.4550402891,239,
18.0,1.06,-0.0476542204142,-6.0,-0.0951339244427,0.119256204566,0.996022076453,0.993869893331,90.6930326998,239,
24.0,1.06,-0.153107908926,-6.0,-0.186806822597,0.20189818617,0.99622699073,0.982274807518,90.0877801394,239,
30.0,1.06,-0.0861833588234,-6.0,-0.0888431147275,0.113565202098,0.996525440433,0.994378031876,90.8440543379,240,
36.0,1.06,0.0104882962286,-6.0,0.00354627514375,0.0739973012676,0.99606123631,0.997608831143,90.434979076,239,
42.0,1.06,-0.0692048393493,0.0,-0.0676132754098,0.0989763988373,0.99627152176,0.995731370676,90.6458777318,239,
48.0,1.06,-0.13430674125,-30.0,-0.138253739103,0.156420194095,0.996316890603,0.989369080291,90.5316282108,239,
54.0,1.06,-0.0696822920225,-30.0,-0.074900332481,0.104336853597,0.996139836823,0.995270112476,90.6000260705,239,
60.0,1.06,0.202853679261,6.0,0.204099695898,0.215303489666,0.99659679374,0.980213966975,91.1290983442,239,
66.0,1.06,0.0995337193013,-6.0,0.0955403940959,0.120591534114,0.995810571067,0.993732261871,90.4776846384,239,
72.0,1.06,0.0932158438283,-36.0,0.0792490947798,0.107928054735,0.995913169544,0.99496218847,90.5184909789,239,
78.0,1.06,0.106743922685,6.0,0.0984601610693,0.124853007078,0.995605275709,0.993235944064,90.0649598256,239,
84.0,1.06,0.3950167891,-12.0,0.379498726645,0.386939931411,0.995799716625,0.938914542578,90.226959964,239,
90.0,1.06,0.289040239065,-24.0,0.27284726415,0.283679887673,0.995403011314,0.966185310629,89.9520063263,239,
96.0,1.06,0.260858815836,-12.0,0.260803639641,0.272496487833,0.995374976193,0.968566699904,89.7808364772,239,
102.0,1.06,0.202129150625,6.0,0.192505730304,0.211461554122,0.994440623677,0.980638924872,88.6756370963,239,
108.0,1.06,0.279746067125,-18.0,0.292282254732,0.300859973327,0.996415509381,0.961975332159,90.7692993192,239,
114.0,1.06,0.102230247345,-6.0,0.121075626249,0.142160789114,0.995918684778,0.991247944655,90.3588061903,239,
120.0,1.06,nan,nan,nan,nan,nan,nan,nan,0,
126.0,1.06,0.0129904786541,-18.0,0.0133826277926,0.0524907793903,0.998061208322,0.998818304397,93.4312107928,239,
