LeadTime (HRS), obsMax (m MSL), Peak (m), PLag (min), Bias(m), RMSD (m), RVal, Skil, VExp (%), nPts,
-0.0,0.37,0.067665987573,-6.0,0.148653012641,0.156086629113,0.994534087836,0.778032691135,71.1710760613,80,
6.0,0.37,0.0694646579316,-6.0,0.148535940683,0.155812381565,0.99465481261,0.779023797894,71.4958011281,80,
12.0,0.37,0.0932238500333,-12.0,0.177218055164,0.183610528738,0.993697842593,0.730846636643,70.9096585797,80,
18.0,0.37,0.0996949935438,-12.0,0.183372675978,0.189602173781,0.994292283353,0.721929487548,70.8035416389,80,
24.0,0.37,0.0748060824359,-12.0,0.15947159372,0.166722521442,0.994387783676,0.756871767259,70.5423071451,80,
30.0,0.37,0.0725086578825,0.0,0.15903316409,0.166613219027,0.993726799795,0.756080103814,69.9064663317,80,
36.0,0.37,0.0919595605341,0.0,0.17672529336,0.183276513611,0.992840949366,0.7306136475,70.5844264071,80,
42.0,0.37,0.0869324254076,-6.0,0.172926247279,0.179622195296,0.991877894038,0.73586415526,70.5707416381,80,
48.0,0.37,0.0730999105112,-6.0,0.156227225511,0.16329200908,0.992477359726,0.765364932905,71.221920023,80,
54.0,0.37,0.0746364755902,0.0,0.159595680487,0.166950485628,0.991504286967,0.757375982558,70.3160452512,80,
60.0,0.37,0.0493162097616,-6.0,0.134997859284,0.143819753628,0.991752140549,0.801215813192,69.9596554762,80,
66.0,0.37,0.0457654106199,-6.0,0.131963068796,0.141103497154,0.991158989934,0.806396528321,69.7391293161,80,
72.0,0.37,0.0146683285366,0.0,0.100884397916,0.112481832264,0.990726962489,0.864047438514,69.8694066515,80,
78.0,0.37,0.0103388818397,-6.0,0.0975350350118,0.11004962129,0.992088064735,0.867242723239,69.1276454064,80,
84.0,0.37,-0.0342724282934,6.0,0.0552187226625,0.0762238634865,0.990088149197,0.929508490793,68.1730715956,80,
90.0,0.37,-0.035844112361,6.0,0.0519954539796,0.0731904712954,0.989717046697,0.935223957103,68.7997179219,80,
96.0,0.37,-0.0760681404741,0.0,0.0104699515662,0.0513200877909,0.990447761666,0.967210401523,69.5687444393,80,
102.0,0.37,-0.0820496796483,12.0,0.00566356246277,0.051874172981,0.991261274972,0.966039969409,68.767185887,80,
108.0,0.37,-0.0916780670215,12.0,-0.00531070545346,0.0499537704478,0.989531923412,0.96910620757,69.9140374562,80,
114.0,0.37,-0.0677005858345,6.0,0.022918841738,0.0573215321441,0.989677648152,0.958675604087,68.1758688045,80,
120.0,0.37,nan,nan,nan,nan,nan,nan,nan,0,
126.0,0.37,-0.0876833811115,-6.0,-0.00269075088805,0.049791423047,0.993669691167,0.968955573194,69.8849671453,80,
