LeadTime (HRS), obsMax (m MSL), Peak (m), PLag (min), Bias(m), RMSD (m), RVal, Skil, VExp (%), nPts,
-0.0,0.516,0.226790752998,18.0,0.0477366088325,0.090674153019,0.986095016491,0.988455688652,81.0588757425,240,
6.0,0.516,0.164722773263,18.0,-0.00755925005599,0.0725498780598,0.987716286271,0.992526002894,82.2361743668,239,
12.0,0.516,0.222224872716,24.0,0.0508526592428,0.0846808277312,0.989448322762,0.989861690753,83.330112047,239,
18.0,0.516,0.168251970128,18.0,0.0299610001781,0.0680113054028,0.991720676731,0.993438317461,84.9685502656,239,
24.0,0.516,0.159436967965,18.0,0.0474202220319,0.0743965712896,0.99280463655,0.992151003675,85.8871312815,239,
30.0,0.516,0.111508642498,18.0,0.00315260088829,0.0558388523065,0.993285893578,0.995562835716,86.2749691401,239,
36.0,0.516,0.137296708964,18.0,0.0714147836916,0.0893218337531,0.994085100195,0.988760462765,86.7919237174,239,
42.0,0.516,0.131292534647,-24.0,0.0796741661431,0.0960758995836,0.994049739395,0.987015807915,86.7820910772,239,
48.0,0.516,0.125493663295,12.0,0.0726230190843,0.0903223198868,0.993810926544,0.988467618453,86.7788522568,239,
54.0,0.516,0.0902534465458,12.0,0.0486739601249,0.0708829646349,0.994449648012,0.992867033632,87.3140777249,239,
60.0,0.516,0.157712089144,18.0,0.113072671693,0.125659082278,0.993602728122,0.977967422155,86.5048979166,239,
66.0,0.516,nan,nan,nan,nan,nan,nan,nan,0,
72.0,0.516,0.148500983666,-12.0,0.111917422918,0.118471411046,0.997321575127,0.98031403291,90.4431834734,239,
78.0,0.516,0.12980862761,-6.0,0.09611264501,0.104587469229,0.996771335997,0.984577691385,89.8569429255,239,
84.0,0.516,0.143568392725,-6.0,0.101336799731,0.10982244149,0.996730208254,0.983080752625,89.5893678153,239,
90.0,0.516,0.19766685342,-18.0,0.168796761677,0.173920590121,0.996494738983,0.958487581313,89.6938835166,239,
96.0,0.516,0.144444637828,12.0,0.109404426679,0.117086811134,0.996579554807,0.98072425136,89.7410377659,239,
102.0,0.516,0.126784510722,-12.0,0.09314473093,0.101653560559,0.996898175669,0.985420176009,89.9871618627,239,
108.0,0.516,0.104102258936,-6.0,0.0727723818681,0.0842004986852,0.99638151212,0.989923323507,89.5833191239,239,
114.0,0.516,0.189972826496,12.0,0.161464341401,0.167283875794,0.996264628126,0.961578737307,89.2426442134,239,
120.0,0.516,0.132248851781,0.0,0.0964181721464,0.105797913308,0.996321527723,0.984246389666,89.2889268233,239,
126.0,0.516,0.110369893041,0.0,0.0723702520837,0.0843147184652,0.996498735826,0.989950375969,89.3603643429,239,
