LeadTime (HRS), obsMax (m MSL), Peak (m), PLag (min), Bias(m), RMSD (m), RVal, Skil, VExp (%), nPts,
-0.0,0.797,0.082857993739,-6.0,0.0163455501705,0.0512986178131,0.995273371135,0.995807829761,87.2592885156,240,
6.0,0.797,0.0755480010795,-12.0,0.0176103545552,0.0500578990396,0.995984839029,0.996024511893,87.7327901966,239,
12.0,0.797,nan,nan,nan,nan,nan,nan,nan,0,
18.0,0.797,0.0296186008385,-12.0,0.00337007134301,0.0390579467373,0.997812676352,0.997565269564,89.8026537037,239,
24.0,0.797,0.0420793423128,-12.0,0.00454834340025,0.0392209363245,0.997815540832,0.997545427438,89.7911150694,239,
30.0,0.797,0.0329539780368,-6.0,0.00581009758214,0.0389810296175,0.997890740733,0.99757463723,89.8987462365,239,
36.0,0.797,0.034897425736,-24.0,0.00985367929559,0.0392289382471,0.997877465569,0.997538813422,90.049265062,239,
42.0,0.797,0.0374782288483,-24.0,0.00762994700925,0.0395726396464,0.997950309541,0.997504926998,89.8241872017,239,
48.0,0.797,0.022312997083,6.0,0.00676937600956,0.0384318272887,0.998134662761,0.997644996361,90.086027411,239,
54.0,0.797,0.0203364312186,0.0,0.0080549392013,0.0378266828364,0.998155588169,0.997712923617,90.3145017903,239,
60.0,0.797,0.0167488982382,-18.0,0.00260744919806,0.0375633410146,0.998080499989,0.997745766559,90.1799018348,239,
66.0,0.797,0.0225234601976,-24.0,0.00190570455957,0.0367771923119,0.998146517921,0.997835924566,90.3751231467,239,
72.0,0.797,0.0199006863368,-24.0,0.00262761653972,0.0362776317529,0.998243406797,0.997893518189,90.5180605753,239,
78.0,0.797,0.0194921343883,-18.0,0.00303332163887,0.0370887591362,0.99826945216,0.997804610807,90.3130868882,239,
84.0,0.797,0.0266721805808,-18.0,0.0104207309786,0.0374428824383,0.998225873935,0.997754251167,90.5753951277,239,
90.0,0.797,0.0254182689891,-18.0,0.0099600236785,0.0375122064052,0.998193129012,0.997746323939,90.5224022937,239,
96.0,0.797,0.0348095082784,-6.0,0.0118909784781,0.0382852874658,0.998232178579,0.997655689022,90.4631540845,239,
102.0,0.797,0.0218262347003,0.0,0.00569261683161,0.0373268539497,0.99829175401,0.997773224035,90.3247273122,240,
