LeadTime (HRS), obsMax (m MSL), Peak (m), PLag (min), Bias(m), RMSD (m), RVal, Skil, VExp (%), nPts,
-0.0,0.243,0.219185839184,-60.0,0.017459743628,0.0798486043441,0.815305489889,0.837242150984,0.086066175315,240,
6.0,0.243,0.219611347795,-60.0,0.0173975815652,0.0687052301459,0.855177557583,0.871904542396,14.636330229,239,
12.0,0.243,nan,nan,nan,nan,nan,nan,nan,0,
18.0,0.243,0.0679718334946,-126.0,-0.014379608464,0.0386945483639,0.965360683251,0.954666987865,53.8445768212,239,
24.0,0.243,0.0718696030525,-36.0,-0.0148249049219,0.0374203256077,0.97074652251,0.957529719395,55.8553451154,239,
30.0,0.243,0.0347487459534,-30.0,-0.0158493834106,0.0341301488975,0.984945781297,0.964695193812,61.1636981558,239,
36.0,0.243,0.042392068049,-78.0,-0.0190047304231,0.036338539782,0.983300144205,0.960256745639,60.2054129794,239,
42.0,0.243,0.0303271507444,-84.0,-0.0185905800062,0.0353451939596,0.988609775294,0.962683887275,61.3766218986,239,
48.0,0.243,0.0444502166335,-78.0,-0.0183281326487,0.034507098112,0.989003463709,0.964123138704,62.4351409606,239,
54.0,0.243,0.0196820917094,-72.0,-0.0185918376183,0.033470015555,0.991044104,0.965967048807,64.2415017893,239,
60.0,0.243,0.0431688522016,-78.0,0.00400661310392,0.0297095173865,0.99123638934,0.973425253943,62.1771241052,239,
66.0,0.243,0.0427693824381,-66.0,0.00661989668159,0.0305805267066,0.989769890567,0.971855160652,61.6409676325,239,
72.0,0.243,0.0395960655939,-108.0,0.00660823145912,0.02971394456,0.988874486815,0.973055917826,62.7788143716,239,
78.0,0.243,0.0420607327054,-138.0,0.00525965129207,0.0291300795726,0.989628060918,0.974064583293,63.1880283119,239,
84.0,0.243,0.0249595236074,-132.0,-0.0151833335249,0.0340529916398,0.986399129502,0.965139134639,60.8375893862,239,
90.0,0.243,0.0215663414844,-132.0,-0.0166073316344,0.0335961315643,0.98642385498,0.965598650484,62.4774128642,239,
96.0,0.243,0.0272057834096,-132.0,-0.0184211067506,0.0369921375652,0.984535341115,0.959515979878,58.7836642178,239,
102.0,0.243,0.0218565497492,-84.0,-0.0187710849135,0.036414327576,0.985681013529,0.96060896719,59.9578493334,240,
