LeadTime (HRS), obsMax (m MSL), Peak (m), PLag (min), Bias(m), RMSD (m), RVal, Skil, VExp (%), nPts,
-0.0,1.723,0.145850048663,24.0,0.106375264683,0.145818366464,0.996519217129,0.995965351459,91.2019583631,240,
6.0,1.723,0.133400914695,24.0,0.109350898839,0.151041740774,0.996293579038,0.99570016081,90.8234543396,239,
12.0,1.723,nan,nan,nan,nan,nan,nan,nan,0,
18.0,1.723,0.0385480069302,12.0,0.057069263694,0.13857823347,0.994479470863,0.99637893966,88.8714045249,239,
24.0,1.723,0.0463052450023,18.0,0.0671384135564,0.144941117738,0.994195412104,0.996030760777,88.6799790843,239,
30.0,1.723,0.041592451039,24.0,0.0714640057113,0.144046189512,0.994305661221,0.996053344951,88.9782785394,239,
36.0,1.723,0.103709499716,-12.0,0.121214883959,0.171825650621,0.99466017479,0.994404956819,89.2678727638,239,
42.0,1.723,0.101443005093,-12.0,0.115706200751,0.167167629494,0.994758801943,0.994702168972,89.3674407593,239,
48.0,1.723,0.118856522545,-12.0,0.11624260875,0.167027693701,0.994832789432,0.994712936687,89.430142785,239,
54.0,1.723,0.143321737989,-12.0,0.109761714373,0.164818190446,0.994600752757,0.994857701029,89.1647462564,239,
60.0,1.723,0.103806433373,-12.0,0.0903740001152,0.151547106682,0.995084070959,0.995694417622,89.2794354979,239,
66.0,1.723,0.103296407848,-6.0,0.0902786569364,0.148298570594,0.995454944391,0.995879012833,89.6317958797,239,
72.0,1.723,0.0916365373221,0.0,0.0891185001156,0.148729439743,0.995177781845,0.995838013313,89.506673488,239,
78.0,1.723,0.106645099634,0.0,0.0709808388854,0.12681970216,0.996448167793,0.996981583109,90.7384744797,239,
84.0,1.723,0.0876189775006,6.0,0.0221914547743,0.0970790711757,0.996918764248,0.998212447462,91.6713986145,239,
90.0,1.723,0.088175674986,12.0,0.0477217731847,0.104784610747,0.997037243304,0.997920581358,91.7790652788,239,
96.0,1.723,0.0866807771062,12.0,0.0495179055011,0.10296528828,0.997292783259,0.997995662808,92.0443674233,239,
102.0,1.723,0.0612314978009,12.0,0.00313354086367,0.1046684043,0.995869748387,0.997889172273,90.7666965733,240,
