LeadTime (HRS), obsMax (m MSL), Peak (m), PLag (min), Bias(m), RMSD (m), RVal, Skil, VExp (%), nPts,
-0.0,1.818,0.168539853915,0.0,-0.00539355707023,0.0637898945407,0.998301561841,0.999049326566,93.7979283871,240,
6.0,1.818,0.161453835421,0.0,-0.00346448282852,0.0521446216148,0.998824012371,0.999362404494,94.9279256259,239,
12.0,1.818,nan,nan,nan,nan,nan,nan,nan,0,
18.0,1.818,0.035603549182,-12.0,-0.0474346944315,0.0896796874204,0.997467402237,0.998132991874,92.6034594479,239,
24.0,1.818,0.0121219998401,-12.0,-0.0456569367992,0.0811280559351,0.997953858902,0.998461440059,93.4826523638,239,
30.0,1.818,0.00721640778098,-18.0,-0.0403205130232,0.0785178117076,0.997954180234,0.998560853392,93.4522196509,239,
36.0,1.818,-0.0443473442129,-18.0,-0.105387735167,0.124124396089,0.998019949488,0.996398214026,93.6269336777,239,
42.0,1.818,-0.0375639803425,-12.0,-0.109913901246,0.127511350104,0.998154886026,0.996222534085,93.718146188,239,
48.0,1.818,-0.020417666873,-12.0,-0.0856198160665,0.104078672132,0.998411837725,0.99747000546,94.2491261249,239,
54.0,1.818,-0.0624932208557,-12.0,-0.0586167955965,0.0980183279,0.997103761731,0.997738771329,92.3651475363,239,
60.0,1.818,-0.0152801069273,-12.0,-0.0505082163431,0.0828079994023,0.99801334171,0.99839300562,93.6226418445,239,
66.0,1.818,-0.00527601693408,-12.0,-0.036853141884,0.0738474116742,0.998149874648,0.998725919061,93.7806980514,239,
72.0,1.818,-0.00293565965706,0.0,-0.0664247502707,0.0879044882845,0.998455096462,0.99818515833,94.404510139,239,
78.0,1.818,-0.00363237409621,-12.0,-0.0636864087318,0.0836512483653,0.998633881365,0.99835737055,94.7290449907,239,
84.0,1.818,0.0940850276416,-6.0,0.0514154119444,0.0768613310846,0.998479994911,0.998612168671,94.447576929,239,
90.0,1.818,0.119727095515,-6.0,0.0535879788983,0.0750139427311,0.99873011122,0.998680332262,94.8985524108,239,
96.0,1.818,0.125151938814,-6.0,0.0800156544069,0.103272904381,0.997986673895,0.997473317759,93.6547845213,239,
102.0,1.818,0.0809130812917,-12.0,0.081881022518,0.107707870821,0.997686655186,0.997239682151,93.1919375191,240,
