LeadTime (HRS), obsMax (m MSL), Peak (m), PLag (min), Bias(m), RMSD (m), RVal, Skil, VExp (%), nPts,
-0.0,0.947,-0.00541642454375,-18.0,-0.0328780509889,0.0712009560526,0.990430096217,0.99338504743,85.2996645031,240,
6.0,0.947,-0.0155014812515,-24.0,-0.0292790253208,0.06864484588,0.990485807323,0.993795169136,85.5235889099,239,
12.0,0.947,nan,nan,nan,nan,nan,nan,nan,0,
18.0,0.947,-0.11571301357,-12.0,-0.112598554452,0.12972581887,0.990004256558,0.978266866136,84.9447218834,239,
24.0,0.947,-0.118320756401,-12.0,-0.110989917386,0.127747162106,0.990259285712,0.978854263067,85.2188754454,239,
30.0,0.947,-0.125718429252,-6.0,-0.11034830132,0.12572262078,0.991282521533,0.979545130475,85.9212067625,239,
36.0,0.947,-0.0656789243768,-12.0,-0.0718983676176,0.0898240871699,0.99299926578,0.989416217372,87.4174201989,239,
42.0,0.947,-0.0583949705984,-12.0,-0.0666018955117,0.0872863207183,0.992056686362,0.989944350269,86.8152881288,239,
48.0,0.947,-0.0823753073853,-6.0,-0.0764447919344,0.0970620013571,0.990773612168,0.987505015524,86.0228246034,239,
54.0,0.947,-0.036438506963,-6.0,-0.0396478467434,0.0721807745023,0.991153631945,0.993141366613,85.9043764738,239,
60.0,0.947,-0.0486704570092,6.0,-0.0407013143015,0.0713099397608,0.991408325999,0.993261269514,86.3164439462,239,
66.0,0.947,-0.0699857700915,6.0,-0.0526347062244,0.0750954736965,0.992554952355,0.992466298969,87.4828548013,239,
72.0,0.947,-0.0705130560854,6.0,-0.0546168313514,0.0761060103772,0.993087541352,0.992350532824,87.6139769373,239,
78.0,0.947,-0.0502914321286,-6.0,-0.0497312606439,0.0729725215743,0.993613678881,0.993062329259,87.5202739986,239,
84.0,0.947,-0.0533687086357,6.0,-0.0570919243762,0.0744055200451,0.994218833991,0.992636175852,88.8493926261,239,
90.0,0.947,-0.0645427416525,-12.0,-0.0617088858819,0.0831995679279,0.992333389897,0.990878594073,86.9587808544,239,
96.0,0.947,-0.0511349410885,-6.0,-0.0390190555483,0.065662581087,0.992982705077,0.994270201789,87.658233378,239,
102.0,0.947,-0.0361913540367,0.0,-0.0474149964309,0.0695346766169,0.994306935149,0.993725266721,88.1400352497,240,
