LeadTime (HRS), obsMax (m MSL), Peak (m), PLag (min), Bias(m), RMSD (m), RVal, Skil, VExp (%), nPts,
-0.0,0.6,0.158461444374,-78.0,0.122559092774,0.127469827616,0.984341755023,0.901574809944,81.4587099675,240,
6.0,0.6,0.133967840977,-12.0,0.125568798739,0.128611895956,0.990407170606,0.900401185206,85.2789880767,239,
12.0,0.6,nan,nan,nan,nan,nan,nan,nan,0,
18.0,0.6,0.199419364709,-30.0,0.203330002135,0.20906105152,0.966398770607,0.770299898671,74.2820026855,239,
24.0,0.6,0.189793262952,48.0,0.204005277673,0.209473139352,0.968419076655,0.762723177764,74.8463718761,239,
30.0,0.6,0.172693750805,42.0,0.199311639783,0.207064817951,0.956457124583,0.76121912191,70.3059383485,239,
36.0,0.6,0.28806629891,48.0,0.29922149497,0.303963399081,0.961310491917,0.639521137145,71.7077774423,239,
42.0,0.6,0.310718228069,36.0,0.315270764006,0.321239324418,0.946969176302,0.620549635249,67.393596667,239,
48.0,0.6,0.321144413457,36.0,0.309734091144,0.31396420011,0.962578906596,0.634116947218,72.8275681536,239,
54.0,0.6,0.310083274528,30.0,0.308145588819,0.311859748924,0.967378532525,0.636227362604,74.6140466138,239,
60.0,0.6,0.277357447297,54.0,0.288004924065,0.296244116136,0.931403892409,0.642334207937,63.2965599186,239,
66.0,0.6,0.312732063193,54.0,0.298823805218,0.303027552269,0.964123003846,0.646725546183,73.3910116324,239,
72.0,0.6,0.274918847986,48.0,0.253726902554,0.256260097035,0.982019467534,0.70404999042,80.9857467963,239,
78.0,0.6,0.253864596713,24.0,0.256859080201,0.258776386725,0.986075130465,0.698165990341,83.3665391786,239,
84.0,0.6,0.167641095458,0.0,0.147517424735,0.150753536019,0.989833960962,0.871421140253,83.5645097124,239,
90.0,0.6,0.154206347208,24.0,0.147914640089,0.156621042882,0.962346985565,0.842802143095,72.760199355,239,
96.0,0.6,0.190777221216,90.0,0.185527610739,0.190182652758,0.980525976805,0.813615820383,77.8765024812,239,
102.0,0.6,0.161635648328,30.0,0.156738881181,0.160258812076,0.984959873684,0.851820119739,82.3357636451,240,
