LeadTime (HRS), obsMax (m MSL), Peak (m), PLag (min), Bias(m), RMSD (m), RVal, Skil, VExp (%), nPts,
-0.0,0.467,0.0148532852578,0.0,-0.0203522267755,0.044759444874,0.99230335452,0.992634690308,84.0147274967,240,
6.0,0.467,0.0248997943635,24.0,-0.0204133318062,0.0477255503462,0.991233583557,0.99171995418,82.7276202355,239,
12.0,0.467,0.0129450931356,24.0,-0.0102483342504,0.0430279018826,0.990862246454,0.993177681092,83.2681268062,239,
18.0,0.467,-0.0108493697476,30.0,-0.0404011592241,0.061409608342,0.986942460697,0.98601093318,81.4830250546,239,
24.0,0.467,-0.0065255935359,24.0,-0.0320685705615,0.051904724154,0.990127575836,0.989955083711,83.6591172318,239,
30.0,0.467,-0.0428763554918,24.0,-0.0742594981151,0.0847599890643,0.991588977225,0.974121289446,83.6391386862,239,
36.0,0.467,-0.157570946141,12.0,-0.145928465652,0.150346415166,0.990152009328,0.918811018578,85.5144837751,239,
42.0,0.467,nan,nan,nan,nan,nan,nan,nan,0,
48.0,0.467,-0.219255410601,6.0,-0.189328803802,0.196153358661,0.978812404043,0.864421168327,79.5216233183,239,
54.0,0.467,-0.255224352363,6.0,-0.221960157121,0.228458031176,0.976437827936,0.827705216527,78.4001953346,239,
60.0,0.467,-0.215131808744,18.0,-0.185576234198,0.193645942028,0.975788554531,0.870144050054,77.913241227,239,
66.0,0.467,-0.221467708207,6.0,-0.202912948098,0.207973218508,0.983840377713,0.856190790625,81.7944483995,239,
72.0,0.467,-0.20602717263,6.0,-0.181380537283,0.185336089874,0.988638321712,0.88138982391,84.7936458219,239,
78.0,0.467,-0.186436707454,6.0,-0.190074170177,0.194042327117,0.990524817849,0.877309220366,84.4122971091,239,
84.0,0.467,-0.261965579927,12.0,-0.213905147463,0.220565107008,0.976815561983,0.83745709382,78.5230780396,239,
90.0,0.467,-0.236290828775,6.0,-0.200796282051,0.20664520528,0.980846719887,0.853739194598,80.5093283999,239,
96.0,0.467,-0.20617799892,-6.0,-0.155459015982,0.1694263755,0.963209400659,0.890972135916,73.1045715449,239,
102.0,0.467,-0.128068741178,-6.0,-0.0632702213098,0.0992711016097,0.95230975636,0.959201013385,69.4581967876,239,
108.0,0.467,0.00133266387647,6.0,0.0443145088543,0.0753806830123,0.970291938491,0.977222817277,75.6533922846,239,
114.0,0.467,0.00538698725714,0.0,0.079142725811,0.114062689495,0.944991999103,0.946875047975,67.205368256,239,
120.0,0.467,-0.00664927688324,0.0,0.0558937676054,0.0918041963483,0.956950738899,0.965437802578,70.9227206551,239,
126.0,0.467,-0.0937559653786,0.0,-0.0266416057528,0.0795084544973,0.955558086523,0.974508692268,70.0905756949,239,
