LeadTime (HRS), obsMax (m MSL), Peak (m), PLag (min), Bias(m), RMSD (m), RVal, Skil, VExp (%), nPts,
-0.0,0.696,-0.18104162404,-18.0,-0.061904034478,0.216847078132,0.920683647539,0.920144996875,54.7840959745,240,
6.0,0.696,-0.258411953064,-24.0,-0.137755024359,0.259647376063,0.910973803088,0.88588453854,52.0731327489,239,
12.0,0.696,-0.135271076091,-12.0,0.0400139060543,0.17081542333,0.956738516468,0.953624816516,63.8384135131,239,
18.0,0.696,-0.123422256081,-6.0,0.0366461832017,0.167857265299,0.954526927244,0.95598461731,64.3293397866,239,
24.0,0.696,-0.0627574078067,30.0,0.105534477256,0.192339389123,0.959680910926,0.942766275772,64.9842105153,239,
30.0,0.696,-0.0276469388594,18.0,0.118403343395,0.19981812373,0.958019884967,0.938898139031,64.949684168,239,
36.0,0.696,0.0132533906198,36.0,0.147609207976,0.216687262459,0.958942564367,0.929491924468,65.4559620861,239,
42.0,0.696,nan,nan,nan,nan,nan,nan,nan,0,
48.0,0.696,-0.0943755901793,0.0,0.0788500548824,0.176127606432,0.964143659728,0.952133256342,65.8896755523,239,
54.0,0.696,-0.110230764131,6.0,0.065639901343,0.168196058435,0.964947900638,0.956543249261,66.4598510534,239,
60.0,0.696,-0.135625928227,12.0,0.0405558215851,0.157388936658,0.969855350173,0.961533798185,67.0630447979,239,
66.0,0.696,-0.120561966319,12.0,0.0460942470775,0.159035369736,0.970935813455,0.960598266046,67.0338141484,239,
72.0,0.696,-0.148274999349,-12.0,0.0136514089977,0.165175865429,0.962701750842,0.956547406536,64.3477688037,239,
78.0,0.696,-0.0968239543532,6.0,0.0445795642515,0.167275461735,0.962351794953,0.956176610678,65.0809134273,239,
84.0,0.696,-0.0861157542598,12.0,0.0114317231265,0.159877957267,0.959692130172,0.960526557921,65.4614570112,239,
90.0,0.696,-0.178333532255,12.0,0.0136006267233,0.17208399056,0.966754482486,0.951070479045,62.8457694337,239,
96.0,0.696,-0.236947938007,-6.0,-0.0310765754883,0.19002485007,0.954592362503,0.938929002097,59.3975585806,239,
102.0,0.696,-0.0435957419841,0.0,0.173208987537,0.2482837503,0.959775948662,0.903235363596,61.4725291513,239,
108.0,0.696,0.137426173866,-30.0,0.319279840679,0.358823562073,0.963394211527,0.830837285207,64.5337559032,239,
114.0,0.696,0.322310602419,-36.0,0.461897482856,0.482692354893,0.976977731874,0.753724115931,69.6451403832,239,
120.0,0.696,0.257858833423,18.0,0.428670386886,0.451337823604,0.980289804588,0.77053262757,69.4104536623,239,
126.0,0.696,0.273485226252,18.0,0.440049810523,0.458357070602,0.981898697585,0.772665289732,72.2235538928,239,
