LeadTime (HRS), obsMax (m MSL), Peak (m), PLag (min), Bias(m), RMSD (m), RVal, Skil, VExp (%), nPts,
-0.0,0.912,0.0305508705027,6.0,-0.0269799838096,0.103574143458,0.983581755071,0.990913044732,81.9149853598,240,
6.0,0.912,0.02070651848,6.0,-0.0231573596716,0.0908092044497,0.987505278754,0.993042542127,84.1481447308,239,
12.0,0.912,-0.1586737638,12.0,-0.142827259389,0.154501193766,0.995572359593,0.979782103049,89.363998044,239,
18.0,0.912,-0.158574935126,-6.0,-0.13413463758,0.14833825667,0.994624328099,0.981321731268,88.5649136795,239,
24.0,0.912,-0.169573978497,6.0,-0.120625626522,0.137826602496,0.994295915615,0.983696634944,87.9630007181,239,
30.0,0.912,-0.165643868162,0.0,-0.141236076852,0.156659415943,0.993645866058,0.979186986166,87.7630631567,239,
36.0,0.912,-0.154485417713,-6.0,-0.126154575595,0.146528020069,0.991986388166,0.9817146873,86.544108126,239,
42.0,0.912,-0.162097706634,-6.0,-0.128563126851,0.14405941714,0.994364931635,0.982319724091,88.2659940614,239,
48.0,0.912,-0.123133368739,-12.0,-0.119156568662,0.137066398366,0.99394386387,0.983895235387,87.7705674771,239,
54.0,0.912,-0.133319542899,-6.0,-0.121163512357,0.136159250863,0.995174356706,0.984068529388,88.7656288812,240,
