LeadTime (HRS), obsMax (m MSL), Peak (m), PLag (min), Bias(m), RMSD (m), RVal, Skil, VExp (%), nPts,
-0.0,0.662,0.384142126571,-276.0,0.1653503428,0.178381748406,0.944319774768,0.806760886506,60.5147429625,240,
6.0,0.662,0.213382504144,-72.0,0.167873626119,0.175780189453,0.968124222129,0.811994343021,69.0985464482,239,
12.0,0.662,0.24778815595,-72.0,0.218470730327,0.220537495313,0.989631134244,0.734976171014,82.1430894675,239,
18.0,0.662,0.242012963958,-108.0,0.218461247519,0.221259874364,0.988650514271,0.738593165694,79.2037223165,239,
24.0,0.662,0.245592426983,-66.0,0.213849788902,0.217154473975,0.986314002841,0.744968192323,77.6266885477,239,
30.0,0.662,0.233299001442,-108.0,0.214605011728,0.217743749157,0.986057116543,0.74291778867,78.1616888898,239,
36.0,0.662,0.177639430239,-102.0,0.148938779052,0.154941794136,0.984610130278,0.848790740155,74.6801789474,239,
42.0,0.662,0.169437629966,-114.0,0.139093621239,0.144981395716,0.985582686139,0.863650571108,75.7553147637,239,
48.0,0.662,0.181274126107,-108.0,0.146751722782,0.152894600715,0.984920577746,0.85223359659,74.5659883626,239,
54.0,0.662,0.183384773896,-120.0,0.14927318927,0.156250560353,0.981991738836,0.848485594235,72.7605900188,240,
