LeadTime (HRS), obsMax (m MSL), Peak (m), PLag (min), Bias(m), RMSD (m), RVal, Skil, VExp (%), nPts,
-0.0,0.593,0.175602977127,18.0,0.0569749989171,0.0727677966762,0.975629451081,0.967669386187,77.038862313,240,
6.0,0.593,0.107477887257,30.0,0.0596887410368,0.0716730701465,0.980917824088,0.968316565815,79.7952152211,239,
12.0,0.593,0.204978535211,54.0,0.165542483413,0.167832631395,0.990528812664,0.849664501118,85.9294470954,239,
18.0,0.593,0.193952674618,42.0,0.16590505147,0.168232769894,0.990488062508,0.849812804665,85.798283407,239,
24.0,0.593,0.194031649115,-6.0,0.155876702464,0.158388686388,0.990393833512,0.864324558171,85.692310528,239,
30.0,0.593,0.186600909671,0.0,0.154574393093,0.157318524441,0.989844924887,0.866718056397,85.1023418208,239,
36.0,0.593,0.119138242219,6.0,0.0924655154478,0.0974277468503,0.988813694727,0.943547732133,84.3683045376,239,
42.0,0.593,0.113481569723,12.0,0.0854224491331,0.090122408878,0.990718430381,0.951736507902,85.373044947,239,
48.0,0.593,0.117582364101,6.0,0.0881675905143,0.0928665146714,0.990780583413,0.949219520417,85.1477510938,239,
54.0,0.593,0.119869299063,12.0,0.0904186744522,0.0956259468967,0.989797618454,0.946975530935,84.2116789207,240,
