LeadTime (HRS), obsMax (m MSL), Peak (m), PLag (min), Bias(m), RMSD (m), RVal, Skil, VExp (%), nPts,
-0.0,0.266,0.354737482657,1134.0,0.368088349461,0.370303336861,-0.306276678786,0.135817565965,0.0,240,
6.0,0.266,0.345339943111,1134.0,0.357475832845,0.359607269841,-0.245148139278,0.139808534831,0.0,239,
12.0,0.266,0.338216514271,1134.0,0.348822558659,0.351223108982,-0.306222630611,0.141950542562,0.0,239,
18.0,0.266,0.341251594802,1140.0,0.354699958592,0.357050518353,-0.34027587453,0.139989690336,0.0,239,
24.0,0.266,0.343112125454,1170.0,0.356918542966,0.359179332822,-0.304748238786,0.139615409487,0.0,239,
30.0,0.266,0.331194118091,1146.0,0.342322955312,0.344535257047,-0.182073802951,0.145151226459,0.0,240,
36.0,0.266,0.313173801038,1140.0,0.32293498978,0.32555658817,-0.278858678923,0.151104884454,0.0,239,
42.0,0.266,0.317913596499,1146.0,0.327717489312,0.330198077445,-0.224301907922,0.149916997146,0.0,239,
48.0,0.266,0.317951559967,1128.0,0.324775570899,0.327437850711,-0.256993295576,0.150305222196,0.0,239,
54.0,0.266,0.303930432394,1164.0,0.307712957801,0.310682029683,-0.274135725605,0.156524905826,0.0,239,
60.0,0.266,0.345606515681,1206.0,0.346799522017,0.34949807701,-0.285577044035,0.141950965039,0.0,239,
66.0,0.266,0.368006769498,1134.0,0.368262824444,0.370860925074,-0.295532755978,0.135007084349,0.0,239,
72.0,0.266,0.379909871679,1236.0,0.391098899474,0.393264002813,-0.368279096057,0.129091167044,0.0,239,
78.0,0.266,0.392205669923,1236.0,0.403600540652,0.405699886481,-0.359908924684,0.125742801963,0.0,239,
84.0,0.266,0.363876249105,1074.0,0.386698727118,0.388907668787,-0.586456276441,0.130049317721,0.0,239,
90.0,0.266,0.360797587241,1074.0,0.389015474556,0.390949564811,-0.572820448029,0.130116335991,0.0,239,
96.0,0.266,0.361587249142,900.0,0.394608439701,0.396622917387,-0.709557007966,0.128308839188,0.0,239,
102.0,0.266,0.358929441475,1236.0,0.385025814257,0.387232277367,-0.520005327243,0.130154752455,0.0,239,
108.0,0.266,0.351062781282,1236.0,0.361241571632,0.362970510782,-0.0661276807124,0.140078438533,0.0,239,
114.0,0.266,0.342906883444,1236.0,0.350050593021,0.352090416318,-0.173221558352,0.142931074921,0.0,239,
120.0,0.266,nan,nan,nan,nan,nan,nan,nan,0,
126.0,0.266,0.360455395134,1230.0,0.352583326599,0.355137093873,-0.207512088,0.14080928402,0.0,239,
