LeadTime (HRS), obsMax (m MSL), Peak (m), PLag (min), Bias(m), RMSD (m), RVal, Skil, VExp (%), nPts,
-0.0,0.708,0.00945535086805,-12.0,0.0669767724752,0.100901570577,0.966126010313,0.966605438152,73.7436420581,240,
6.0,0.708,-0.038958057986,-12.0,0.0218033082276,0.0765010362418,0.968420698427,0.980270504183,74.4130772913,239,
12.0,0.708,0.0162742352854,-12.0,0.0852550299948,0.109856036322,0.971907111051,0.96062579639,75.8251134109,239,
18.0,0.708,0.0240864589619,-24.0,0.0922952680146,0.11415087671,0.973722455441,0.95784145835,76.5613874753,239,
24.0,0.708,0.0781289601687,18.0,0.148711000039,0.163702211052,0.972530775195,0.917684333502,76.1202315258,239,
30.0,0.708,0.0770585488701,18.0,0.14446683328,0.160300203732,0.9716090649,0.921185750529,75.8315279788,240,
36.0,0.708,0.0459845572738,12.0,0.126718536443,0.144460095375,0.971208958297,0.935424467955,75.863272012,239,
42.0,0.708,0.0312452145167,18.0,0.119463750169,0.137823908932,0.971967204263,0.940629462886,76.0832332331,239,
48.0,0.708,0.0396995245792,24.0,0.134145031091,0.151103294165,0.970956991322,0.930007125994,75.7976793688,239,
54.0,0.708,-0.00181661543248,18.0,0.0907567866325,0.11609064706,0.968192281823,0.957328276508,74.8098629857,239,
60.0,0.708,0.0121575206266,12.0,0.0917493721365,0.116572673933,0.968323481308,0.957562462306,74.9762631535,239,
66.0,0.708,0.0315693025834,18.0,0.108297813277,0.128254832719,0.971441473086,0.948772313146,76.0907188052,239,
72.0,0.708,0.0325317801368,24.0,0.136578015806,0.156405741464,0.96474485604,0.924839417606,73.4775892218,239,
78.0,0.708,0.0640518126569,6.0,0.172812248995,0.189051095547,0.964377983754,0.894480047738,73.3249857669,239,
84.0,0.708,0.030236731011,18.0,0.132910028405,0.15270551348,0.966118649062,0.927519953893,73.8345163607,239,
90.0,0.708,0.076753876974,18.0,0.184060478225,0.200446337143,0.962127679846,0.881744576564,72.378872597,239,
96.0,0.708,0.0641645257773,12.0,0.182910519903,0.199098219267,0.963532877399,0.881884015799,72.6357223301,239,
102.0,0.708,0.106977883234,18.0,0.210385769486,0.225055718015,0.962250957464,0.854915528117,72.1878878549,239,
108.0,0.708,-0.0367154342423,18.0,0.0708261192102,0.104608869539,0.964784448267,0.963976351318,73.2107606269,239,
114.0,0.708,0.00553486653578,12.0,0.108259731534,0.131098811107,0.967003668752,0.945819213948,74.2712587593,239,
120.0,0.708,nan,nan,nan,nan,nan,nan,nan,0,
126.0,0.708,-0.0224448229738,-12.0,0.0677418291849,0.0912060415201,0.977249984302,0.973712841128,78.6902965985,239,
