LeadTime (HRS), obsMax (m MSL), Peak (m), PLag (min), Bias(m), RMSD (m), RVal, Skil, VExp (%), nPts,
-0.0,0.464,-0.00622442707531,0.0,0.0221282395438,0.0671139704856,0.973977427511,0.981118750917,75.664530036,240,
6.0,0.464,0.0486703951346,0.0,0.0872250981998,0.0996871652789,0.988736082144,0.959634862485,81.4400852593,239,
12.0,0.464,0.0738619224318,0.0,0.0907978547409,0.101131783917,0.98792785018,0.960010028335,82.8736111866,239,
18.0,0.464,0.0528429133494,0.0,0.0786757203366,0.0929925460507,0.985022172216,0.965444228149,80.9352806727,239,
24.0,0.464,0.0379500515368,0.0,0.0544651868654,0.0772696138286,0.98252927,0.975248352277,78.9223651085,239,
30.0,0.464,0.104442656309,0.0,0.106790978776,0.120457438401,0.980655589066,0.942832464171,78.5959659386,240,
36.0,0.464,0.0982093702185,0.0,0.101257821923,0.117053613974,0.978617252845,0.945390372288,77.4668406462,239,
42.0,0.464,0.071768948121,0.0,0.0924381383573,0.109411312872,0.981474878397,0.950874056205,77.5400665066,239,
48.0,0.464,0.0769170095145,0.0,0.103584828296,0.113448300448,0.986628220702,0.950436156736,82.2462104266,239,
54.0,0.464,0.190850742719,0.0,0.159730553754,0.167809087498,0.982262606382,0.898503189841,80.2616271983,239,
60.0,0.464,0.171236972421,0.0,0.137852170255,0.148271371664,0.981408167916,0.91671182721,79.0488843573,239,
66.0,0.464,0.200964882167,0.0,0.153279071985,0.15627526884,0.993680092835,0.919545133872,88.3139763148,239,
72.0,0.464,0.255782771943,-6.0,0.12830590376,0.139062751047,0.98179317556,0.93621212713,79.4216339525,239,
78.0,0.464,0.232636775258,0.0,0.159271226703,0.162627433097,0.994475093494,0.916217792143,87.3876197544,239,
84.0,0.464,0.199549609894,0.0,0.135952722862,0.141035862814,0.989679163577,0.931679517437,85.6017367063,239,
90.0,0.464,0.178056661812,-30.0,0.108288986453,0.115755080008,0.991630024182,0.956065556959,84.306255486,239,
96.0,0.464,0.102159718276,-12.0,0.0825852317104,0.0873802393583,0.99399192882,0.972499671701,89.0456113704,239,
102.0,0.464,0.0358032945695,0.0,0.0601421914311,0.0675967882023,0.994445685792,0.982349134001,88.1590392665,239,
108.0,0.464,0.133512414497,0.0,0.0731054349856,0.0838372593602,0.993824324024,0.977001918322,84.2521789284,239,
114.0,0.464,0.030275444733,0.0,-0.00957780094068,0.0250601598475,0.9969325237,0.99777327369,91.1139681672,239,
120.0,0.464,nan,nan,nan,nan,nan,nan,nan,0,
126.0,0.464,0.186506831509,0.0,0.0447338421238,0.0724366466732,0.985819227451,0.982835747811,78.0904717779,239,
