LeadTime (HRS), obsMax (m MSL), Peak (m), PLag (min), Bias(m), RMSD (m), RVal, Skil, VExp (%), nPts,
-0.0,0.502,0.132746708008,0.0,0.0707945402163,0.104333268074,0.989049317642,0.988040800594,83.4091624051,240,
6.0,0.502,0.0979520171636,30.0,0.0308334504758,0.0817745477762,0.990002812637,0.992705339271,83.63227984,239,
12.0,0.502,0.0498180689271,30.0,-0.00547263927274,0.0740499781852,0.990066263016,0.993968444388,84.0410221599,239,
18.0,0.502,0.127596459563,24.0,0.0876673694364,0.115122893097,0.990164012038,0.985617677387,83.8746986804,239,
24.0,0.502,0.0882693684152,30.0,0.0428019484196,0.0837722236514,0.990529990852,0.9922855193,84.4376057749,239,
30.0,0.502,0.0605249996801,-6.0,0.00214767471397,0.0737734478146,0.990654267141,0.9940410275,84.036304519,240,
36.0,0.502,0.0463744199982,0.0,-0.0099093275117,0.076488793603,0.990382069625,0.993648392251,83.6154185568,239,
42.0,0.502,0.155041102344,30.0,0.100255497405,0.126047552204,0.989844985234,0.982869948188,83.4955436658,239,
48.0,0.502,0.141853198996,6.0,0.0864929471759,0.114612817656,0.989244055882,0.985602569121,83.7545417489,239,
54.0,0.502,0.132482186566,12.0,0.0597523009073,0.0979936159566,0.988963595614,0.989504836765,83.2212918131,239,
60.0,0.502,0.0983062575407,12.0,0.0252070225287,0.0844490315062,0.988284593653,0.992209877917,82.5881769853,239,
66.0,0.502,0.195714584773,18.0,0.126578727753,0.150875444969,0.987706021976,0.975551078635,82.2629055672,239,
72.0,0.502,0.184921790039,6.0,0.116382128126,0.144099805302,0.987015498309,0.977720856468,81.6439062165,239,
78.0,0.502,0.138941711372,-6.0,0.0723663441737,0.111414460763,0.987145495537,0.986561518028,81.6994910172,239,
84.0,0.502,0.0938446840981,18.0,0.0278412554479,0.0905955766207,0.986564276902,0.991062995729,81.3757729468,239,
90.0,0.502,0.170353336699,24.0,0.104855488471,0.136925148686,0.986035729981,0.97985831519,80.977351352,239,
96.0,0.502,0.176960403353,24.0,0.114561415317,0.144996634268,0.986193452053,0.977586576975,80.7992357822,239,
102.0,0.502,0.117113607524,24.0,0.0559033577189,0.103684640182,0.986529727156,0.988375853894,81.1356405701,239,
108.0,0.502,0.0998387671859,24.0,0.0396880900762,0.0963504080396,0.985651720672,0.989859038568,81.0333281187,239,
114.0,0.502,0.136974185351,18.0,0.08716512426,0.121564398052,0.986411988602,0.98389763354,81.6945830654,239,
120.0,0.502,nan,nan,nan,nan,nan,nan,nan,0,
126.0,0.502,0.0841559663275,42.0,0.0227737553696,0.0792577573049,0.990767941789,0.993212824277,83.5941280871,239,
