LeadTime (HRS), obsMax (m MSL), Peak (m), PLag (min), Bias(m), RMSD (m), RVal, Skil, VExp (%), nPts,
-0.0,3.875,-0.341678242496,42.0,0.537113008282,1.46724188146,0.876857489048,0.89604144396,49.360643641,240,
6.0,3.875,-0.525759417926,42.0,0.362252062432,1.44620075185,0.872487751119,0.896149839915,48.1795620651,239,
12.0,3.875,-0.225604143128,48.0,0.645768138401,1.5030091544,0.880522234786,0.891989549154,49.7668630373,239,
18.0,3.875,-0.548942986781,42.0,0.351144572144,1.43330595693,0.874658098449,0.898343713516,48.5670542927,239,
24.0,3.875,-0.219263053288,48.0,0.661545993195,1.51395729243,0.879081692124,0.890626302885,49.5980201432,239,
30.0,3.875,-0.592813819964,42.0,0.290781927601,1.40885970901,0.877085563248,0.901873117402,48.9779604447,239,
36.0,3.875,-0.396497465926,12.0,0.616560970382,1.27328671294,0.931893257806,0.925600266355,58.7666569601,239,
36.0,3.875,-0.129438034925,48.0,0.720593070926,1.54504392032,0.877344210311,0.886843548808,49.4151258303,239,
48.0,3.875,0.0340153291184,18.0,0.996589192652,1.47452907448,0.934037944348,0.905142957411,59.776808446,239,
54.0,3.875,-0.391127642386,6.0,0.598531912925,1.25947539089,0.932522545963,0.927308127435,58.9844070058,239,
60.0,3.875,0.0496633081245,12.0,1.02678041994,1.4978011721,0.933720129056,0.902307137086,59.6393778519,239,
66.0,3.875,-0.253979747824,12.0,0.701213448511,1.30812012376,0.931990281619,0.922605554435,59.1276034655,239,
72.0,3.875,0.249827712842,18.0,1.15583775759,1.57774915433,0.934909183157,0.894239703691,60.251550053,239,
78.0,3.875,-0.194216684163,18.0,0.734016880386,1.31693695161,0.933403872325,0.922084181189,59.5307111753,239,
84.0,3.875,0.214109833294,18.0,1.1395831086,1.56932598657,0.934511068636,0.894875230933,60.0658278875,239,
90.0,3.875,-0.122974095967,18.0,0.86953574212,1.40881347539,0.93143911136,0.91151368487,58.9739678466,239,
96.0,3.875,0.38113437297,18.0,1.32692785506,1.71768985876,0.931386501421,0.877599349393,59.629356266,239,
102.0,3.875,-0.0102508626222,18.0,0.977346086348,1.46681500467,0.93315060522,0.905172377375,59.434505294,240,
108.0,3.875,0.164379210679,18.0,1.10862959324,1.56702021573,0.929265979632,0.894306157064,59.004465731,239,
114.0,3.875,-0.145887579779,18.0,0.846397765243,1.41004093386,0.927458014638,0.910926484998,58.2537042036,239,
120.0,3.875,0.31011132065,18.0,1.26304208775,1.68519148023,0.927272832602,0.880366923308,58.703040284,239,
126.0,3.875,0.0306908144819,18.0,0.997161403674,1.48962935479,0.929775396873,0.903096465888,59.0350281148,239,
