LeadTime (HRS), obsMax (m MSL), Peak (m), PLag (min), Bias(m), RMSD (m), RVal, Skil, VExp (%), nPts,
-0.0,0.56,0.148533797153,-30.0,-0.0770011395077,0.139062843262,0.977406476497,0.942970634216,52.1442823451,237,
6.0,0.56,0.175396992993,0.0,-0.0450965374277,0.119591921932,0.97982415489,0.957038191551,54.2818688782,238,
12.0,0.56,0.165960317998,0.0,-0.0568863397773,0.121857212833,0.983696084846,0.955610439627,55.5769770583,238,
18.0,0.56,0.177042631907,0.0,-0.0434546365896,0.112878834178,0.987115997609,0.961686172132,57.0236621117,238,
24.0,0.56,0.165131545174,0.0,-0.0553978957618,0.117051672851,0.98739095056,0.958809666177,57.4758832569,238,
30.0,0.56,0.184348446355,0.0,-0.0329099326054,0.109757658442,0.986786073782,0.963712581963,56.7325915797,238,
36.0,0.56,0.260820458178,0.0,0.0402598349741,0.110375286088,0.987429352338,0.963213233776,57.379006194,238,
42.0,0.56,0.277228814323,0.0,0.0563532518146,0.115277790036,0.987846914484,0.959810960941,58.2516087474,238,
48.0,0.56,0.299222480735,0.0,0.0790207212162,0.128264129799,0.986893416824,0.950688669202,57.9823607012,238,
54.0,0.56,0.32004201468,0.0,0.0994326917408,0.142114188111,0.9867727864,0.940269522086,57.723517853,238,
60.0,0.56,0.404464014072,0.0,0.198762880037,0.220914162037,0.988250642794,0.866800810659,59.6029055341,238,
66.0,0.56,0.440699563275,0.0,0.236181378914,0.254663218503,0.98702192845,0.830391256603,59.9344406726,238,
72.0,0.56,0.453531548684,0.0,0.245346448039,0.263666257418,0.986206947471,0.820931983734,59.3629556347,238,
78.0,0.56,0.479504772273,0.0,0.264292289265,0.281253216328,0.984984028368,0.801090805866,59.4196746516,238,
84.0,0.56,0.552374945326,0.0,0.337659142301,0.349723234675,0.988112291575,0.726458966354,61.4978711602,238,
90.0,0.56,0.54299974544,0.0,0.340725431262,0.351943768464,0.989952653097,0.723625576244,62.7708798822,238,
96.0,0.56,0.569273037585,0.0,0.368609474897,0.378700156505,0.9901731191,0.695767655117,63.2526164342,238,
102.0,0.56,0.58628469793,0.0,0.370429910177,0.381557823659,0.987381938126,0.693626167017,61.3587952741,238,
108.0,0.56,0.59810174075,0.0,0.402551285219,0.4117100455,0.989805103149,0.663701717946,63.4527681756,238,
114.0,0.56,0.596642414314,0.0,0.392998192355,0.402351094258,0.990122967988,0.672648343612,63.3954367737,238,
120.0,0.56,0.630543811084,0.0,0.424355193808,0.433609904017,0.986177992624,0.643658184668,62.0382335712,238,
126.0,0.56,0.596478660669,0.0,0.389810912966,0.400109948695,0.987434802582,0.67523249714,61.6990890455,238,
