LeadTime (HRS), obsMax (m MSL), Peak (m), PLag (min), Bias(m), RMSD (m), RVal, Skil, VExp (%), nPts,
-0.0,0.255,-0.193011678728,-1434.0,-0.137417953056,0.165850950028,0.768194751018,0.693931297311,30.6690817052,240,
6.0,0.255,-0.188041473562,-1428.0,-0.117647023538,0.14807568172,0.776267371985,0.732251738314,31.907823282,239,
12.0,0.255,-0.125296390313,0.0,-0.0399218050796,0.0591465492602,0.947694122449,0.942536548002,66.952451905,239,
18.0,0.255,-0.0808441513631,0.0,-0.00532368469007,0.0374801181538,0.965038254352,0.976462417285,71.9058045935,239,
24.0,0.255,-0.0441948034328,0.0,0.0187850034527,0.0337303959343,0.985023929433,0.981158520832,78.7852224254,239,
30.0,0.255,0.00697554683618,0.0,0.0695411576283,0.0741667522711,0.991196671153,0.91548614695,80.4761435271,239,
36.0,0.255,0.0380918369308,0.0,0.0995801724852,0.103259264806,0.988362707468,0.856321093322,79.6038482579,240,
42.0,0.255,0.0599096321447,0.0,0.132146358045,0.13699863162,0.96886684031,0.783069816034,72.9665777624,239,
48.0,0.255,0.0900135042192,0.0,0.167748972869,0.171635094791,0.970794274728,0.712579719535,72.8331568796,239,
54.0,0.255,0.104705695689,0.0,0.179708917545,0.182913008253,0.97431523965,0.695024630403,74.501497831,239,
60.0,0.255,-0.0235517535244,0.0,0.0457062614038,0.0568348510747,0.974168357211,0.94923260804,74.7300538862,239,
66.0,0.255,-0.0550941912611,0.0,0.0276736874615,0.0456171889182,0.969285190954,0.966185379493,72.8722488325,239,
72.0,0.255,-0.0578152285254,0.0,0.0309290739474,0.0487252232857,0.966766111779,0.961273386932,71.8354468957,239,
78.0,0.255,-0.0422548096722,0.0,0.0636115809007,0.0799301152016,0.938877221002,0.899202221495,63.7953086212,239,
84.0,0.255,-0.0629096694709,0.0,0.0596137737635,0.0796283006767,0.929474326244,0.894835694456,60.5094533463,239,
90.0,0.255,-0.0813937245333,0.0,0.035707455162,0.0603747384203,0.94414417287,0.93662159835,63.58189415,239,
96.0,0.255,-0.0963950165875,0.0,0.044412476366,0.0766071589146,0.889556414305,0.89790076165,53.3066286369,239,
102.0,0.255,-0.128760923569,0.0,0.017319484857,0.0716765362136,0.854895538614,0.907591115178,47.9706406059,239,
108.0,0.255,-0.22715346531,-1428.0,-0.0768291217464,0.111008098328,0.801620471564,0.804938560778,40.0615384029,239,
114.0,0.255,-0.229298121125,-1428.0,-0.0669388116598,0.106920180797,0.781814120651,0.803574911443,37.6318805884,239,
120.0,0.255,-0.237776110968,0.0,-0.0731424568187,0.106732350523,0.81398500392,0.808422166849,41.8533465899,239,
126.0,0.255,nan,nan,nan,nan,nan,nan,nan,0,
