LeadTime (HRS), obsMax (m MSL), Peak (m), PLag (min), Bias(m), RMSD (m), RVal, Skil, VExp (%), nPts,
-0.0,1.258,-0.0751305862961,-6.0,-0.0638744894764,0.0788063725234,0.996739276731,0.995062082428,91.6940514038,240,
6.0,1.258,-0.0761496335263,-6.0,-0.0598488550817,0.0733577071003,0.997146080192,0.995687383023,92.3677821252,239,
12.0,1.258,-0.113223090652,-6.0,-0.0992197558762,0.105682160787,0.998077185924,0.991193032876,93.4529023166,239,
18.0,1.258,-0.132870241351,0.0,-0.108277090685,0.11444664533,0.997966842135,0.98967126039,93.3305674241,239,
24.0,1.258,-0.145171149659,-6.0,-0.116341494679,0.12186473774,0.998139152266,0.988350520373,93.4739204214,239,
30.0,1.258,-0.125128270533,-12.0,-0.115755008665,0.120864358118,0.998289475755,0.988531348746,93.7441449873,239,
36.0,1.258,-0.174040854099,-18.0,-0.137569119466,0.142911242328,0.997874954183,0.98406336858,93.0355489085,239,
42.0,1.258,-0.1838255013,-6.0,-0.135842835487,0.140473174408,0.998010729595,0.984423401969,93.5644133491,239,
48.0,1.258,-0.200834572848,-6.0,-0.15271289046,0.157415777728,0.997820566469,0.980630472138,93.1288098264,239,
54.0,1.258,-0.201715554548,-6.0,-0.148738798511,0.154847897034,0.997164856803,0.981207613672,92.2516601783,239,
