LeadTime (HRS), obsMax (m MSL), Peak (m), PLag (min), Bias(m), RMSD (m), RVal, Skil, VExp (%), nPts,
-0.0,1.487,0.217824139861,-24.0,0.27651573729,0.405481090526,0.929057697043,0.933404202059,62.919906487,240,
6.0,1.487,0.210915305353,-24.0,0.273016764504,0.404230420527,0.928353688956,0.933530030186,62.7725081743,239,
12.0,1.487,0.195499925821,-18.0,0.246840617838,0.386382052425,0.928602834678,0.938158178564,62.878076314,239,
18.0,1.487,0.186755222,-18.0,0.238790930716,0.393536467384,0.920681666878,0.935406530813,60.9356394164,239,
24.0,1.487,0.180512176147,-18.0,0.229268304883,0.386170533203,0.921719840974,0.937528244369,61.1932154124,239,
30.0,1.487,0.198725512158,-18.0,0.226545992016,0.384705857745,0.921720577471,0.93830321187,61.1707598941,239,
36.0,1.487,0.170719426454,-30.0,0.210683490847,0.392407921168,0.910549235163,0.933552681657,58.6572953801,239,
42.0,1.487,0.165285365748,-36.0,0.219267418455,0.400343814713,0.908339409933,0.930996665091,58.1696770951,239,
48.0,1.487,0.148208558937,-42.0,0.204501646527,0.403884224732,0.900458025455,0.928251766419,56.5055525413,239,
54.0,1.487,0.146905173584,-42.0,0.201374960373,0.400287753227,0.901863129673,0.92963982457,56.7975316137,239,
