LeadTime (HRS), obsMax (m MSL), Peak (m), PLag (min), Bias(m), RMSD (m), RVal, Skil, VExp (%), nPts,
-0.0,0.635,0.376537543891,-114.0,0.246855207968,0.264021608992,0.878947259137,0.668818163317,51.2813608767,240,
6.0,0.635,0.394256277586,-114.0,0.251178362701,0.264431309553,0.905081117239,0.674255042072,56.6535331242,239,
12.0,0.635,0.370891698026,-108.0,0.358560826318,0.362655755298,0.95935075467,0.56056705495,71.5034038969,239,
18.0,0.635,0.412857777438,-90.0,0.385674368121,0.38836748903,0.971295595471,0.541156559744,76.0587347987,239,
24.0,0.635,0.370780431008,-42.0,0.354283460509,0.356433615623,0.981575872395,0.568332089114,79.5015879353,239,
30.0,0.635,0.34997997906,-36.0,0.349248984643,0.351202575099,0.987060334911,0.571030820765,80.6026338278,239,
36.0,0.635,0.346338480159,-72.0,0.375093766825,0.378012000183,0.991601040124,0.539361554717,75.4175624951,239,
42.0,0.635,0.352459863152,-78.0,0.373241914334,0.375885016263,0.989660261255,0.542540366726,76.6669447602,239,
48.0,0.635,0.372437064799,-48.0,0.376852886417,0.379893688536,0.98054948741,0.541712283146,74.8460461364,239,
54.0,0.635,0.359857814438,-96.0,0.382680359721,0.384540858784,0.993261188398,0.539206198569,80.1887454203,239,
60.0,0.635,0.281528235297,-102.0,0.343236436121,0.352725980692,0.944305762514,0.544258575559,57.3859778598,239,
66.0,0.635,0.277890136264,-78.0,0.333571736315,0.339899372466,0.978887263915,0.562643152765,65.7691894794,239,
72.0,0.635,0.144864983522,-66.0,0.187772135076,0.194134892415,0.990016023415,0.757544327457,74.1513150283,239,
78.0,0.635,0.140354891064,-90.0,0.192503275351,0.199466156641,0.98146010092,0.754295078928,72.8219671541,240,
