LeadTime (HRS), obsMax (m MSL), Peak (m), PLag (min), Bias(m), RMSD (m), RVal, Skil, VExp (%), nPts,
-0.0,0.598,0.0979240110498,36.0,-0.0433272783731,0.0954872635613,0.957044131414,0.968880574918,66.738010021,240,
6.0,0.598,0.0913486602744,36.0,-0.0391249698204,0.0879306768925,0.963335050149,0.973442972148,69.2294015375,239,
12.0,0.598,0.0832773400595,30.0,-0.0279478387814,0.0729047064334,0.977778933338,0.98210136074,73.6885303524,239,
18.0,0.598,0.0688942194873,-60.0,-0.0218810692522,0.066584160951,0.980808488809,0.984993035911,75.4269684031,239,
24.0,0.598,0.066791199101,-24.0,-0.0203555120424,0.0644901671011,0.983080194173,0.98601922807,76.0884138011,239,
30.0,0.598,0.0487600571941,-18.0,-0.0233951314924,0.0637365712347,0.984611324868,0.986356730415,76.8331252694,239,
36.0,0.598,0.0376858119352,6.0,-0.0314964207221,0.0665032565253,0.984124079176,0.985059467933,77.1128137177,239,
42.0,0.598,0.0373212041529,6.0,-0.0356660893134,0.068939902493,0.984732535075,0.984075511766,76.9466936975,239,
48.0,0.598,0.0317692062862,-12.0,-0.0387986278626,0.0680173590405,0.986261656047,0.984417474289,78.1700642217,239,
54.0,0.598,0.0387980911741,0.0,-0.0410423120966,0.070453385251,0.985934390147,0.983380660648,77.6237068673,239,
60.0,0.598,0.116903975801,0.0,0.0311732953765,0.0687355695954,0.986283384889,0.984494679465,76.0623449164,239,
66.0,0.598,0.0946011172368,6.0,0.0351803901268,0.0656088000421,0.988159673809,0.985648594872,78.3603486196,239,
72.0,0.598,0.108222430284,0.0,0.034888740063,0.0699423254188,0.986227319268,0.98390225045,76.3127373587,239,
78.0,0.598,0.104183786782,12.0,0.0363243047762,0.0681361979453,0.986119793494,0.984470719899,77.4662832989,240,
