LeadTime (HRS), obsMax (m MSL), Peak (m), PLag (min), Bias(m), RMSD (m), RVal, Skil, VExp (%), nPts,
-0.0,1.044,-0.135514221244,-12.0,0.0253046252856,0.146619635168,0.991079121115,0.988413153836,80.4459972468,240,
6.0,1.044,-0.116069692135,0.0,0.0356888300255,0.144313988048,0.992823521995,0.988737581803,81.0470179895,239,
12.0,1.044,-0.087421360987,-12.0,0.0794756331364,0.155982920231,0.994466279522,0.986894119471,81.8079632568,239,
18.0,1.044,-0.16777747441,-12.0,0.0650465471492,0.157610685947,0.996179505572,0.986264882512,80.54136042,239,
24.0,1.044,-0.170380547223,-24.0,0.074745628938,0.169963023593,0.995577624748,0.983839988559,79.3102378776,239,
30.0,1.044,-0.13069037395,-18.0,0.0712673221495,0.155972215137,0.99618499052,0.986661932679,81.1951928129,239,
36.0,1.044,-0.132503625601,-18.0,0.076351379462,0.159829757028,0.99544129574,0.986012849412,80.9680936711,239,
42.0,1.044,-0.101903515935,-12.0,0.0677683358769,0.152090539976,0.995907477684,0.987386821658,81.544931388,239,
48.0,1.044,-0.0692375122536,-18.0,0.0426938079803,0.115579381383,0.995484610844,0.993085261297,85.4421529589,239,
54.0,1.044,-0.0861274633038,-18.0,0.0718313854694,0.154268822472,0.996131110919,0.987003438555,81.495156821,239,
60.0,1.044,-0.0554304241746,-6.0,0.116564213587,0.174393275326,0.996717826792,0.983606694782,82.418313552,239,
66.0,1.044,-0.0213176321653,12.0,0.105326826196,0.159225237015,0.995719970965,0.986630455814,83.8148680561,239,
72.0,1.044,-0.034229830666,0.0,0.110894225487,0.164083741406,0.995437226117,0.985799621909,83.6078977365,239,
78.0,1.044,-0.0378985513943,0.0,0.126876504844,0.187400137687,0.995065122015,0.981045886135,81.3263864417,240,
