LeadTime (HRS), obsMax (m MSL), Peak (m), PLag (min), Bias(m), RMSD (m), RVal, Skil, VExp (%), nPts,
-0.0,0.763,0.0569319431887,-18.0,0.0281309911648,0.0554945699402,0.991917988539,0.991513626335,83.3368249127,240,
6.0,0.763,0.0433209149404,-6.0,0.0359179260704,0.0568592981748,0.990136767347,0.990602890501,84.5594828461,239,
12.0,0.763,0.0556837900023,-6.0,0.0456024527158,0.065368277975,0.991637700313,0.988070283195,83.5940914453,239,
18.0,0.763,0.0821921702436,6.0,0.0532938886238,0.0798449763823,0.987958606052,0.982782130883,79.1727383958,239,
24.0,0.763,0.133161620602,-6.0,0.0708424389051,0.100238288829,0.987520724199,0.974286134024,75.1582525049,239,
30.0,0.763,0.136714496242,-12.0,0.084181098657,0.110547158026,0.989844305762,0.969429874436,74.8998863115,239,
36.0,0.763,0.195154036431,-6.0,0.108044342416,0.131907349359,0.991382299818,0.957954415495,73.4928473103,239,
42.0,0.763,0.160017397015,-6.0,0.0931377847959,0.113003493029,0.993663854125,0.967945069887,77.5832268926,239,
48.0,0.763,0.106270010277,0.0,0.0795700539416,0.0986152548798,0.989086592427,0.97408840581,79.5935568129,239,
54.0,0.763,0.109734225979,0.0,0.0582405529824,0.0849735847533,0.991905879399,0.981259396327,78.3251729213,239,
60.0,0.763,0.141527765488,-12.0,0.0813694027152,0.10115634995,0.996423380943,0.974240397714,78.9481600456,239,
66.0,0.763,0.141382749626,0.0,0.0892748927735,0.10986881642,0.987523188609,0.968445725209,77.5667894288,239,
72.0,0.763,0.133614022039,6.0,0.0864061126989,0.108997433485,0.98646284762,0.969017380394,76.7257540423,239,
78.0,0.763,0.128516172019,6.0,0.0930589524317,0.112565478751,0.985362873813,0.966632610374,77.9388009545,240,
