LeadTime (HRS), obsMax (m MSL), Peak (m), PLag (min), Bias(m), RMSD (m), RVal, Skil, VExp (%), nPts,
-0.0,0.671,0.0411785017121,12.0,0.0137408111577,0.0497200828964,0.990202199211,0.99410315545,84.9249021058,240,
6.0,0.671,0.028103143584,-42.0,0.0156381599343,0.0479149503159,0.991256306514,0.994538107245,85.7368522122,239,
12.0,0.671,0.0322114987233,-18.0,0.0221115472393,0.046889646337,0.992674047494,0.994754780083,86.9784074831,239,
18.0,0.671,0.0289558666325,-18.0,0.0192738359097,0.0437653977747,0.993517714572,0.995436344765,87.625846191,239,
24.0,0.671,0.0189959607842,-36.0,0.0202645387749,0.0433853522991,0.994002451765,0.995529619977,87.9190191912,239,
30.0,0.671,0.0196901375169,-18.0,0.0209282954402,0.042852987959,0.99422677401,0.99562823074,88.2235283988,239,
36.0,0.671,0.0129120071079,-36.0,0.0170240780392,0.0406476453316,0.994265701505,0.996053824911,88.3759890392,239,
42.0,0.671,0.0138729941185,-30.0,0.0158231168316,0.0397033745875,0.994360614233,0.996228168027,88.5324292619,239,
48.0,0.671,0.0121401965319,-30.0,0.0152273936431,0.037958283479,0.99493096694,0.996554285769,89.0501701298,239,
54.0,0.671,0.0119673622952,-48.0,0.0136848014451,0.0365738829245,0.995288326807,0.996806886132,89.3187631103,239,
60.0,0.671,0.0192018526895,-6.0,0.0203686286,0.0391327980555,0.99533889376,0.996337300772,89.4772277913,239,
66.0,0.671,0.018065374063,-30.0,0.0203047175858,0.0378068982497,0.99578080347,0.996578998611,89.9566322889,239,
72.0,0.671,0.0171145770076,-42.0,0.0213369945477,0.0381576950512,0.995829846218,0.996513040382,90.0376235804,239,
78.0,0.671,0.0156469941123,-24.0,0.0180263997514,0.036592974781,0.995828603571,0.996787005396,89.953376589,240,
