LeadTime (HRS), obsMax (m MSL), Peak (m), PLag (min), Bias(m), RMSD (m), RVal, Skil, VExp (%), nPts,
-0.0,0.573,0.0851041376664,198.0,-0.0290846204012,0.1090673681,0.966407017771,0.826236418935,0.0,239,
6.0,0.573,0.0936871389589,240.0,-0.0223747659554,0.108229917664,0.961906860379,0.827557903613,0.0,240,
12.0,0.573,0.0779979751068,234.0,-0.0414221516566,0.108715826644,0.971156036143,0.824203343384,0.0,240,
18.0,0.573,0.0679374812434,216.0,-0.0511464900764,0.109348286284,0.971768522182,0.819391211877,0.0,240,
24.0,0.573,0.0506255412403,210.0,-0.0792456824554,0.126284453971,0.973092678978,0.775074033605,0.0,240,
30.0,0.573,0.0525759355675,204.0,-0.0582247536352,0.111115104388,0.973386486457,0.813249212735,0.0,240,
36.0,0.573,0.0747072887585,216.0,-0.0374518705427,0.101723718398,0.969504812587,0.837628912401,0.0,240,
42.0,0.573,0.0650865603939,174.0,-0.0494910328373,0.109337196616,0.975249818884,0.821151535927,0.0,240,
48.0,0.573,0.0185878262441,162.0,-0.100860217549,0.13848353598,0.978072808616,0.739449257443,0.0,240,
54.0,0.573,0.0435703877008,186.0,-0.0771851829735,0.124284863015,0.973670715292,0.779918803117,0.0,240,
60.0,0.573,0.0643117551035,192.0,-0.0476390077486,0.105093590028,0.967012471652,0.827352821172,0.0,240,
66.0,0.573,0.0534866273613,186.0,-0.0639128539294,0.116419652519,0.971393792218,0.800774547256,0.0,240,
72.0,0.573,0.0129249944536,204.0,-0.10550789187,0.143301055668,0.974563002573,0.727429245984,0.0,240,
78.0,0.573,0.0170495922598,216.0,-0.0948190342662,0.133726987773,0.972709526262,0.750103899572,0.0,240,
84.0,0.573,0.0559095183343,216.0,-0.0689727703746,0.120545196746,0.972889553964,0.791394137406,0.0,240,
90.0,0.573,0.0604356035558,258.0,-0.0608714668125,0.115496275707,0.962682320671,0.80155563445,0.0,240,
96.0,0.573,0.0536315404318,270.0,-0.0771797185545,0.126760618436,0.963656622585,0.773016756305,0.0,240,
102.0,0.573,0.0457586722501,288.0,-0.0686601559539,0.113243642625,0.955076625026,0.797440111826,0.0,240,
108.0,0.573,0.0593431790768,180.0,-0.0360456796265,0.0979385067374,0.958838060273,0.842477392819,0.0,240,
114.0,0.573,0.033001172069,192.0,-0.0662214501869,0.10958297131,0.971113297501,0.810124243569,0.0,240,
120.0,0.573,0.0319988994609,186.0,-0.0677507221031,0.112130830471,0.969237144897,0.804497432228,0.0,240,
126.0,0.573,0.039147783223,222.0,-0.0816082104472,0.122910482502,0.975888476263,0.77903552948,0.0,240,
