LeadTime (HRS), obsMax (m MSL), Peak (m), PLag (min), Bias(m), RMSD (m), RVal, Skil, VExp (%), nPts,
-0.0,0.572,0.175919395384,-810.0,0.0269327233556,0.13383577624,0.960874344891,0.96443004363,58.3814149421,240,
6.0,0.572,0.149186525987,-810.0,0.0444591550705,0.129585398429,0.961360113588,0.965672054696,61.4197992992,239,
12.0,0.572,0.106701064594,-30.0,0.0346594813555,0.122266509391,0.96234274901,0.968958144224,62.8362574113,239,
18.0,0.572,0.133261139051,-30.0,0.0567444022988,0.126991831559,0.962290576874,0.966136533966,63.9906607195,239,
24.0,0.572,0.0955011570087,-72.0,0.0227810041579,0.115793270244,0.963135694313,0.971782437557,64.0156262283,239,
30.0,0.572,0.132160332283,-72.0,0.0625796512407,0.128944109728,0.962853424519,0.965111132981,64.2659995864,239,
36.0,0.572,0.155401843226,-66.0,0.07189248926,0.134404511604,0.962209846588,0.962204740276,64.0059461917,239,
42.0,0.572,nan,nan,nan,nan,nan,nan,nan,0,
48.0,0.572,0.153848279058,-66.0,0.0751923131223,0.14809345802,0.948663788077,0.953995043179,59.5338877921,239,
54.0,0.572,0.212411607917,-60.0,0.134858672637,0.186550263221,0.947496748735,0.929159739067,59.1179463224,239,
60.0,0.572,0.175740210056,-60.0,0.0956878679323,0.161084486261,0.947839996829,0.946302355242,58.8996462471,239,
66.0,0.572,0.233471718418,-60.0,0.147907339783,0.19617975136,0.948772641493,0.92273348421,59.123145378,239,
72.0,0.572,0.16792687079,-60.0,0.0834630541527,0.152128439312,0.949416669173,0.95169736216,59.6593849311,239,
78.0,0.572,0.207277234237,-60.0,0.121283951041,0.174596225406,0.951529003162,0.93766987624,60.1649540524,239,
84.0,0.572,0.0832139056137,-60.0,0.00487852564882,0.122713976466,0.954809596778,0.968221946593,61.10942685,239,
90.0,0.572,0.116908101371,-36.0,0.0386377959187,0.128230310197,0.95512752321,0.965413748908,61.2192402135,239,
96.0,0.572,0.0426705591863,-54.0,-0.0346376614418,0.126653909389,0.956266198767,0.966360641935,61.3604661209,239,
102.0,0.572,0.0608570546371,-30.0,-0.021961143611,0.123337771613,0.957352649158,0.968148605079,61.5059248814,239,
108.0,0.572,-0.0172219806177,-66.0,-0.0950964503612,0.156473948949,0.954745983062,0.949770486602,60.5880298895,239,
114.0,0.572,0.0187255158252,-60.0,-0.0611770873295,0.137950730605,0.955482618868,0.960504067701,60.7837714202,239,
120.0,0.572,-0.0313179069331,-66.0,-0.107543070188,0.162243707939,0.956400764738,0.946085094484,61.4698847161,239,
126.0,0.572,-0.0243803861035,-66.0,-0.117896112906,0.169513576525,0.95548214816,0.941295182873,61.3683893306,239,
