LeadTime (HRS), obsMax (m MSL), Peak (m), PLag (min), Bias(m), RMSD (m), RVal, Skil, VExp (%), nPts,
-0.0,1.469,0.181627687715,-12.0,0.04436127838,0.115397499723,0.996444398144,0.996663651649,88.9827094138,240,
6.0,1.469,0.276168896727,-18.0,0.1533058195,0.180333085215,0.997116987054,0.991868200455,90.1994475273,239,
12.0,1.469,0.119993120791,-18.0,0.0261637893068,0.0831693914579,0.997614107587,0.998229327822,91.8520957004,239,
18.0,1.469,0.231205984555,-18.0,0.129763205803,0.150653089334,0.997950252953,0.99423449377,92.1008421582,239,
24.0,1.469,0.0871804123866,-6.0,0.0028567164662,0.0756159045608,0.997601061074,0.998525445616,92.2014446205,239,
30.0,1.469,0.236974557058,-6.0,0.138989534182,0.157542536689,0.998027211405,0.993684353359,92.3448431062,239,
36.0,1.469,0.10780392873,-6.0,0.0102851119897,0.0749801533508,0.997677870152,0.998549286913,92.3346369211,239,
42.0,1.469,nan,nan,nan,nan,nan,nan,nan,0,
48.0,1.469,0.0855912847071,-12.0,-0.00480347423904,0.101396677401,0.995229577344,0.997347277247,89.5548875634,239,
54.0,1.469,0.230497124081,-6.0,0.123447874179,0.159962193294,0.995618999602,0.993493886918,89.5090091817,239,
60.0,1.469,0.0924067333771,-18.0,-0.0055632474082,0.101369025628,0.995340916246,0.997356126688,89.5617542431,239,
66.0,1.469,0.218874074045,-6.0,0.110857457244,0.14972851012,0.99584392152,0.994309198756,89.6207509848,239,
72.0,1.469,0.0845376673416,-12.0,-0.0177076469025,0.10207982304,0.995448107534,0.997321728098,89.6322960305,239,
78.0,1.469,0.164031809808,-6.0,0.0587846519965,0.114718772029,0.995892880362,0.996639686111,89.8405617079,239,
84.0,1.469,0.0449384038884,-12.0,-0.0493175385924,0.108033174587,0.995759818337,0.996991927125,90.0873788236,239,
90.0,1.469,0.124076495643,-12.0,0.0283044272926,0.0967664897038,0.996240844127,0.997594404889,90.4570989014,239,
96.0,1.469,0.0357257024118,-6.0,-0.05328690684,0.103370735101,0.996384996525,0.997239659402,90.8651416313,239,
102.0,1.469,0.0386587492264,-12.0,-0.0535557720652,0.10494151843,0.996232912378,0.99715511914,90.6930041024,239,
108.0,1.469,-0.0197912575867,-6.0,-0.0986118576314,0.133647573872,0.995992192268,0.995355744982,90.697076572,239,
114.0,1.469,-0.00296264225381,-6.0,-0.0872876380777,0.128140934857,0.995636617245,0.99572572545,90.3251893591,239,
120.0,1.469,-0.0022430524638,-6.0,-0.0920968489999,0.13239190119,0.995504672527,0.995437424676,90.1915491727,239,
126.0,1.469,-0.11373897638,0.0,-0.194210605784,0.216154063999,0.995348955141,0.987836070792,90.2137842877,239,
