LeadTime (HRS), obsMax (m MSL), Peak (m), PLag (min), Bias(m), RMSD (m), RVal, Skil, VExp (%), nPts,
-0.0,4.075,0.184752078867,6.0,1.13152658771,1.62236112664,0.937492965763,0.90768264085,61.1003623851,239,
6.0,4.075,0.327647645564,0.0,1.20625377606,1.66499349358,0.939706120095,0.903194783052,61.5212120886,240,
12.0,4.075,0.0564064077394,0.0,0.95509688813,1.51875920177,0.937905633289,0.915998889704,60.408712083,240,
18.0,4.075,0.198087962129,0.0,1.07102694599,1.58010720309,0.939194921126,0.910859297667,61.0496025545,240,
24.0,4.075,0.0582817489659,0.0,0.956554335956,1.53365502598,0.935284917861,0.914057334999,59.8073499517,240,
30.0,4.075,0.240551204395,0.0,1.12405804353,1.61939963388,0.938480340724,0.906846316702,60.9155105094,240,
36.0,4.075,-0.113712222321,0.0,0.78388956562,1.4354169155,0.935843731351,0.923293343586,59.6839587792,240,
42.0,4.075,0.0123476996941,0.0,0.895740677572,1.48138229831,0.93798837245,0.919717096652,60.4410545326,240,
48.0,4.075,-0.239043187941,0.0,0.659419402828,1.38377334343,0.935003485779,0.927575777737,59.2119449481,240,
54.0,4.075,0.154896312821,0.0,1.03181162561,1.56476987753,0.937769865435,0.911789146408,60.5587664631,240,
60.0,4.075,-0.225664892433,0.0,0.666227824398,1.37357632517,0.937097878341,0.928946570141,59.727010547,240,
66.0,4.075,-0.0397715888143,0.0,0.849731028261,1.45397231287,0.938907013505,0.922110442035,60.443178479,240,
72.0,4.075,-0.405976042117,0.0,0.499331369029,1.32046291131,0.935666640047,0.933028591643,59.0154255962,240,
78.0,4.075,0.0152956509033,0.0,0.894384840759,1.48570276202,0.937583142187,0.91897318168,60.2250258498,240,
84.0,4.075,-0.213334545705,0.0,0.659448385944,1.36331733024,0.938103590917,0.930132022937,59.9943244681,240,
90.0,4.075,-0.0676272389667,0.0,0.811885165911,1.43559975779,0.938361903152,0.923770518127,60.304227309,240,
96.0,4.075,-0.41522485306,0.0,0.47094055686,1.3077344322,0.935968596088,0.934278865112,59.0965010574,240,
102.0,4.075,-0.0781614989554,0.0,0.797166962144,1.43608589807,0.93717858556,0.923372613309,59.9507171701,240,
108.0,4.075,-0.0520570268119,0.0,0.804150706093,1.41056344171,0.941660250159,0.926810463004,61.1450896735,240,
114.0,4.075,-0.0131937473475,0.0,0.850158407595,1.43793923758,0.941353579769,0.924244785409,61.1180622903,240,
120.0,4.075,-0.235622599336,0.0,0.624839818493,1.33447088931,0.940081808022,0.933130190725,60.4659887536,240,
126.0,4.075,-0.0996623455107,0.0,0.766373050626,1.40841149066,0.939035701787,0.926330528218,60.3820911656,240,
