LeadTime (HRS), obsMax (m MSL), Peak (m), PLag (min), Bias(m), RMSD (m), RVal, Skil, VExp (%), nPts,
-0.0,0.292,-0.0859896385859,672.0,-0.0754008728288,0.0840560094428,0.741843203071,0.545460174921,4.77905010749,240,
6.0,0.292,-0.100159431938,534.0,-0.0775295352111,0.0871816736426,0.676018327911,0.516135215779,0.0,239,
12.0,0.292,-0.042604519224,678.0,-0.0162136986211,0.0474889522275,0.620196125183,0.743047987838,0.0,239,
18.0,0.292,-0.0358327514221,582.0,0.0034805368157,0.0410134809829,0.636063602896,0.781689092645,0.0,239,
24.0,0.292,-0.0186348456236,1320.0,0.0239174457135,0.0491941069244,0.496998541051,0.663833250457,0.0,239,
30.0,0.292,0.00216218028143,1308.0,0.0373021246047,0.0593830317641,0.363537250551,0.542375099951,0.0,239,
36.0,0.292,0.0373208182363,1314.0,0.0823263049171,0.092796263723,0.395370007683,0.437376961582,0.0,239,
42.0,0.292,0.0456712809537,1320.0,0.0991604845255,0.107565414389,0.448301740533,0.410398163823,0.0,239,
48.0,0.292,0.0674732506504,618.0,0.106475983334,0.114299747081,0.51787351505,0.408755826987,0.0,239,
54.0,0.292,nan,nan,nan,nan,nan,nan,nan,0,
60.0,0.292,0.0444766111684,1368.0,0.0792734331302,0.092204503901,0.430168958431,0.450239441355,0.0,239,
66.0,0.292,0.0642208711919,1320.0,0.102257279839,0.112140191276,0.397319630403,0.395103438342,0.0,239,
72.0,0.292,0.0944262270518,1344.0,0.116328884444,0.12799877885,0.268665914884,0.347200997996,0.0,239,
78.0,0.292,0.0485212102293,576.0,0.0773168187056,0.0887881099373,0.4470037368,0.463222064657,0.0,239,
84.0,0.292,0.00679180412945,582.0,0.0217841018454,0.0458285267932,0.591261784899,0.709208220568,0.0,239,
90.0,0.292,-0.0254269892424,582.0,-0.00217063532717,0.04634871445,0.449445410128,0.66500646326,0.0,239,
96.0,0.292,-0.0429652753764,630.0,-0.000703220656302,0.033954381813,0.622167761812,0.77821569367,14.1016743351,239,
102.0,0.292,-0.0456887893136,612.0,-0.00599786560079,0.0335086291896,0.646749748061,0.796442124789,16.580495766,239,
108.0,0.292,-0.0496331575809,594.0,-0.0202242220184,0.0439468627307,0.560486018401,0.716151761344,1.27361415214,239,
114.0,0.292,-0.0257004139366,90.0,0.0167636341549,0.0527140427981,0.35463079662,0.614083187248,0.0,239,
120.0,0.292,-0.0466998947678,1344.0,-0.0138076088557,0.0481154515921,0.373411899821,0.619406675116,0.0,239,
126.0,0.292,-0.0261633841672,456.0,-0.023317179322,0.0750675080075,0.309860018591,0.529363572057,0.0,239,
