LeadTime (HRS), obsMax (m MSL), Peak (m), PLag (min), Bias(m), RMSD (m), RVal, Skil, VExp (%), nPts,
-0.0,-0.08,0.854820555029,-1320.0,0.925284289183,0.927273348691,-0.0288186349226,0.0959470151104,0.0,240,
6.0,-0.08,0.840478844439,-600.0,0.925488016313,0.927404936321,0.0364485303682,0.0955565118762,0.0,239,
12.0,-0.08,0.836052245521,-1218.0,0.925546865035,0.927513065807,-0.0277054882347,0.0954427267628,0.0,239,
18.0,-0.08,0.837869223925,-258.0,0.924350041311,0.926268769311,0.0348339115098,0.0954816010938,0.0,239,
24.0,-0.08,0.831601896698,-558.0,0.921783768831,0.923688155339,0.0421485900859,0.0959609700501,0.0,239,
30.0,-0.08,0.839345425132,-480.0,0.922083483065,0.923995469858,0.0658048226159,0.0958755695162,0.0,239,
36.0,-0.08,0.845456336413,-558.0,0.923536968945,0.925597519381,-0.0842422650557,0.0955295115023,0.0,239,
42.0,-0.08,0.839981359916,-264.0,0.929950340486,0.931904114855,-0.0189181057322,0.0950130588392,0.0,239,
48.0,-0.08,0.850443463388,42.0,0.927976389873,0.929937926783,0.00375600997021,0.0951805209647,0.0,239,
54.0,-0.08,nan,nan,nan,nan,nan,nan,nan,0,
60.0,-0.08,0.870856482927,-306.0,0.942550858466,0.94447226754,-0.0176972460894,0.0935008736231,0.0,239,
66.0,-0.08,0.864149394635,-192.0,0.945044932264,0.947082277741,-0.134802206222,0.092872586659,0.0,239,
72.0,-0.08,0.862490294865,0.0,0.94661170597,0.94856322521,-0.0704311097067,0.092934195199,0.0,239,
78.0,-0.08,0.864183011341,-486.0,0.947964505522,0.950051752962,-0.240042814119,0.0924904525955,0.0,239,
84.0,-0.08,0.868114098806,-432.0,0.942245041744,0.944211827999,-0.0544590249861,0.093399868126,0.0,239,
90.0,-0.08,0.860817090489,-924.0,0.942274225217,0.944158843863,0.0270234601399,0.0934666747642,0.0,239,
96.0,-0.08,0.859257883962,-210.0,0.940328741513,0.942288567811,-0.0704153028871,0.0935006398322,0.0,239,
102.0,-0.08,0.85510633849,-486.0,0.934562566157,0.936574697224,-0.0837534047657,0.0940920855015,0.0,239,
108.0,-0.08,0.861173466511,-102.0,0.930978960209,0.932863329036,0.0520723896074,0.0946142256378,0.0,239,
114.0,-0.08,0.851277425232,-486.0,0.932468415747,0.934467506883,-0.0942322805069,0.094191565226,0.0,239,
120.0,-0.08,0.846449780579,-660.0,0.929077386219,0.931064427852,-0.0752202703895,0.0944036981889,0.0,239,
126.0,-0.08,0.836322049956,-84.0,0.92770866582,0.929386297208,0.278835408269,0.0952014569693,3.8693294336,239,
