LeadTime (HRS), obsMax (m MSL), Peak (m), PLag (min), Bias(m), RMSD (m), RVal, Skil, VExp (%), nPts,
-0.0,0.025,0.768471679269,-306.0,0.762084864969,0.767560649982,0.768656841097,0.104320987134,39.7862004881,188,
6.0,0.025,0.761071103702,-330.0,0.750568263887,0.756376782308,0.764210129064,0.106141389498,40.836857279,187,
12.0,0.025,0.696269277888,-276.0,0.72254608051,0.726731010929,0.748371978811,0.108700932864,25.2984659223,187,
18.0,0.025,0.708181695521,-276.0,0.74051100654,0.744457306065,0.752256421657,0.106212635668,23.499228346,187,
24.0,0.025,0.693320401403,-282.0,0.723383451493,0.727626618655,0.775027659295,0.108719932587,28.0945812746,187,
30.0,0.025,0.684907463153,-306.0,0.705337917056,0.710349515052,0.763489691639,0.111462431355,32.2614774312,187,
36.0,0.025,0.717256596626,-258.0,0.743471460256,0.748064966766,0.78630022864,0.10631347104,32.6808731056,187,
42.0,0.025,0.737367187474,-330.0,0.761925403143,0.766689560134,0.787632674572,0.104058980524,34.4852010337,187,
48.0,0.025,0.739597494075,-312.0,0.767406006953,0.771778338462,0.832765624099,0.103547175864,37.3253764983,187,
54.0,0.025,nan,nan,nan,nan,nan,nan,nan,0,
60.0,0.025,0.7937654244,-312.0,0.821332991172,0.825549112066,0.814927707432,0.0970300584553,34.2734153744,187,
66.0,0.025,0.817601079503,-234.0,0.844120865571,0.848345996111,0.832176578393,0.0947571079758,37.3357523442,187,
72.0,0.025,0.817938997479,-318.0,0.846834629842,0.851068991042,0.797089165959,0.0942262264858,31.6210118265,187,
78.0,0.025,0.795561200349,-102.0,0.825895267483,0.830057745892,0.815240934134,0.0964840274425,32.8778880463,187,
84.0,0.025,0.784501251287,-324.0,0.81353174192,0.818042424647,0.793673802108,0.0977529766513,31.883224462,187,
90.0,0.025,0.789778495924,-294.0,0.820934679247,0.825612184447,0.749659893844,0.0967989489548,28.6638100649,187,
96.0,0.025,0.792539979736,-108.0,0.823696807795,0.828120455875,0.789567732549,0.0966108767043,30.7350982044,187,
102.0,0.025,0.784842799483,-198.0,0.806103604773,0.811442610026,0.812438476839,0.0990470477791,42.1487744465,187,
108.0,0.025,0.73740483285,-294.0,0.76614897964,0.771125644685,0.704375045888,0.102947126282,27.0851789905,187,
114.0,0.025,0.726645456578,-240.0,0.750745052094,0.75607628538,0.786335720548,0.105397886026,36.9982533277,187,
120.0,0.025,0.731714208759,-300.0,0.752912736105,0.758038341208,0.812384752519,0.105319587773,40.5662157798,187,
126.0,0.025,0.73153728191,-222.0,0.749236899691,0.754535647346,0.820697118094,0.10600684138,44.1349110437,187,
