LeadTime (HRS), obsMax (m MSL), Peak (m), PLag (min), Bias(m), RMSD (m), RVal, Skil, VExp (%), nPts,
-0.0,0.349,0.279412876381,18.0,0.348278251509,0.366677543228,0.864976766464,0.526905820158,41.5144573255,240,
6.0,0.349,0.25561863302,24.0,0.326043887278,0.344165795303,0.884669746261,0.545318484311,43.8167314538,239,
12.0,0.349,0.175993376305,6.0,0.278862182223,0.29367015589,0.94715761593,0.599991211328,53.0595207759,239,
18.0,0.349,0.137749177929,-156.0,0.263389112529,0.28341021085,0.95142859843,0.599044765001,46.659433358,239,
24.0,0.349,0.132343025262,-168.0,0.239611114748,0.262680479818,0.926548933097,0.618568298936,45.1223547796,239,
30.0,0.349,0.113303743326,-162.0,0.224461399157,0.247711719693,0.920655620152,0.637539467721,46.5848080797,239,
36.0,0.349,0.12551436982,-174.0,0.224226390714,0.242902138307,0.921652510057,0.655097853618,52.3835640996,239,
42.0,0.349,0.260246606746,-156.0,0.277717778596,0.290373811811,0.916851315054,0.620099729233,56.7727433466,239,
48.0,0.349,0.202524394574,-168.0,0.254837383198,0.271322865906,0.90158666106,0.631053128448,52.5201276383,239,
54.0,0.349,0.141937724529,-156.0,0.232062954543,0.250711325715,0.899952170068,0.650649810659,51.6282047004,239,
60.0,0.349,0.121525395627,-474.0,0.226164274871,0.253018171932,0.865087027774,0.628177581791,42.1699188437,239,
66.0,0.349,0.161561841569,-378.0,0.22117279899,0.260447866573,0.715055245163,0.606192605583,29.8850354564,239,
72.0,0.349,0.14093192596,-474.0,0.226524043305,0.258340017008,0.77911476015,0.623263881806,36.6812550614,239,
78.0,0.349,0.115464593336,-504.0,0.197386595226,0.236383268129,0.749454992119,0.642883698092,33.6954766812,239,
84.0,0.349,0.0773818591712,-522.0,0.131401463084,0.197949947208,0.656440313898,0.661793501479,24.5257964349,239,
90.0,0.349,nan,nan,nan,nan,nan,nan,nan,0,
96.0,0.349,0.11012725464,-492.0,0.140182572208,0.195398586858,0.725707805773,0.715510050624,30.5069473106,239,
102.0,0.349,0.21389760946,-174.0,0.241895768307,0.25975985205,0.891713853926,0.643369075666,51.6715028324,239,
108.0,0.349,0.116729911423,-162.0,0.159609796834,0.179120508734,0.918335034291,0.777490587605,58.4975570442,239,
114.0,0.349,0.187529618919,-354.0,0.132141228158,0.205497446644,0.660019566491,0.706029103658,19.655780251,239,
120.0,0.349,0.247361220943,-372.0,0.161589883595,0.215882216673,0.754416883081,0.728590886086,26.9160927971,239,
126.0,0.349,0.245725980975,-534.0,0.0930466523634,0.212856129247,0.59750552467,0.713814608336,2.26561705655,239,
