LeadTime (HRS), obsMax (m MSL), Peak (m), PLag (min), Bias(m), RMSD (m), RVal, Skil, VExp (%), nPts,
-0.0,0.072,0.334456394971,-48.0,0.474262826626,0.477196708584,0.818024664235,0.188443857544,15.21495489,240,
6.0,0.072,0.324678062591,-228.0,0.473537570043,0.476673379155,0.801809317742,0.187972657125,12.5791598329,239,
12.0,0.072,0.325491849221,120.0,0.474537679547,0.477953594361,0.689176664244,0.186525775435,8.64881809093,239,
18.0,0.072,0.325794086984,-42.0,0.475175028332,0.478736484125,0.562290871839,0.18575523617,6.65351349718,239,
24.0,0.072,0.325725401775,174.0,0.476788770974,0.480137329212,0.668923232383,0.186065083776,9.3436393979,239,
30.0,0.072,0.326576829954,204.0,0.475614371444,0.479147672064,0.58962009164,0.185542136053,6.98178110166,239,
36.0,0.072,0.322190591695,-186.0,0.47712860985,0.480693865812,0.630478525278,0.184926096306,6.41246226783,239,
42.0,0.072,0.328380519717,-216.0,0.481269774461,0.484934164575,0.510654986891,0.183238505033,4.70603331595,239,
48.0,0.072,0.328235900321,-408.0,0.479587766096,0.48310116176,0.600515282311,0.184467958532,6.85990621368,239,
54.0,0.072,0.322529658438,-324.0,0.476598899255,0.480482457946,0.351657911214,0.183781752985,2.36185567125,239,
60.0,0.072,0.339616360307,-390.0,0.476684398896,0.48079658026,0.0250286150281,0.182819164405,0.0,239,
66.0,0.072,0.328309813951,-378.0,0.474039210093,0.478301207843,-0.151661026326,0.183195024153,0.0,239,
72.0,0.072,0.325845244379,-348.0,0.470577919212,0.474736034672,0.0273655579921,0.184913853674,0.0,239,
78.0,0.072,0.315036896847,-240.0,0.468315812571,0.472328940158,0.260058850164,0.186251340906,1.60241168916,239,
84.0,0.072,0.31731170578,-348.0,0.465604148103,0.469707174598,0.131927400795,0.186589551483,0.788867182128,239,
90.0,0.072,nan,nan,nan,nan,nan,nan,nan,0,
96.0,0.072,0.313423634588,-318.0,0.467058852125,0.471001686237,0.375795727385,0.187259143236,2.7652149606,239,
102.0,0.072,0.329477557011,-432.0,0.468657905938,0.473098196204,-0.188645637288,0.184907067255,0.0,239,
108.0,0.072,0.337182258066,300.0,0.485026992792,0.488783359263,0.308605393922,0.182100105341,3.30074155527,239,
114.0,0.072,0.328320649131,-402.0,0.479129187681,0.48369635059,-0.668101103301,0.180773701027,0.0,239,
120.0,0.072,0.495303738976,-594.0,0.604380959182,0.608364660641,-0.34981941416,0.14981130551,0.0,239,
126.0,0.072,0.45199194467,-792.0,0.59142182,0.595827801056,-0.684373355667,0.151230834966,0.0,239,
