LeadTime (HRS), obsMax (m MSL), Peak (m), PLag (min), Bias(m), RMSD (m), RVal, Skil, VExp (%), nPts,
-0.0,0.548,0.497219006373,0.0,0.053297223739,0.244525643432,0.987598745907,0.937122888155,36.3319000484,240,
6.0,0.548,0.498159504755,0.0,0.0467859482037,0.246134051729,0.988374129381,0.936528240855,35.3701595188,239,
12.0,0.548,0.593655809139,-6.0,0.131685653198,0.278167466349,0.987306961565,0.920635774574,34.4672348847,239,
18.0,0.548,0.544762630759,0.0,0.095334301693,0.26157051255,0.986870833989,0.928900621319,34.8534328609,239,
24.0,0.548,0.566218360034,0.0,0.111477688716,0.26780316766,0.987103615572,0.925776746428,34.8749810718,239,
30.0,0.548,0.590838235945,-6.0,0.135461988013,0.280841953162,0.986330678691,0.919188420049,34.202399133,239,
36.0,0.548,0.59773733353,-6.0,0.138706344651,0.284058222956,0.98560779434,0.917589028256,33.7002131797,239,
42.0,0.548,0.577737415485,-6.0,0.111585615887,0.270323476261,0.987450598358,0.924862172573,34.1474226556,239,
48.0,0.548,0.560012133676,0.0,0.101120947318,0.263567312732,0.98753512184,0.927986874456,34.9018857834,239,
54.0,0.548,0.603267896955,0.0,0.137564485551,0.281076036228,0.987588399258,0.919178166176,34.4433764861,239,
60.0,0.548,0.537852895252,0.0,0.0853605627312,0.253659871477,0.987658479343,0.932466801752,36.1138640821,239,
66.0,0.548,0.521999646235,-12.0,0.0616203548616,0.247732170681,0.988968466231,0.935682610136,35.8249341055,239,
72.0,0.548,0.500617387829,-6.0,0.0469729792893,0.242251519874,0.987629663498,0.937890854972,36.4380347818,239,
78.0,0.548,0.586389927106,0.0,0.130153997286,0.273807651171,0.987114019901,0.922378538372,35.5710693217,239,
84.0,0.548,0.560436350154,6.0,0.107518954215,0.263717049613,0.987010788119,0.927538523789,35.5956163117,239,
90.0,0.548,nan,nan,nan,nan,nan,nan,nan,0,
96.0,0.548,0.504132590061,-6.0,0.0545304504954,0.241289780961,0.990875363214,0.938543847105,37.1132323709,239,
102.0,0.548,0.601507539706,-6.0,0.138860467265,0.279299648306,0.989404041057,0.920058853727,35.1634899767,239,
108.0,0.548,0.568643825014,-6.0,0.110682837005,0.266348067102,0.989675144787,0.926771940509,35.1830686956,239,
114.0,0.548,0.618595725379,-6.0,0.148924043678,0.286746333392,0.991092231751,0.916784206908,34.4393986599,239,
120.0,0.548,0.721609394005,-12.0,0.237263407938,0.345421588919,0.990959940291,0.884852709236,32.8337985845,239,
126.0,0.548,0.731278647099,-12.0,0.250437532509,0.353453247112,0.98968184419,0.879548565175,33.2678493865,239,
