LeadTime (HRS), obsMax (m MSL), Peak (m), PLag (min), Bias(m), RMSD (m), RVal, Skil, VExp (%), nPts,
-0.0,1.373,-0.184172021398,-66.0,-0.189238547399,0.369032333473,0.917690373621,0.941870695515,60.2697754766,240,
6.0,1.373,-0.14462214676,-60.0,-0.16614517243,0.359306630778,0.917107215319,0.944963268178,60.1313644709,239,
12.0,1.373,0.078839391155,-66.0,0.0372832807536,0.336310415241,0.90848021758,0.950390379431,58.1727068083,239,
18.0,1.373,-0.0460008512866,-66.0,-0.0799216610394,0.339321221297,0.910930331906,0.949844641227,58.7311698394,239,
24.0,1.373,0.0190017502453,-78.0,-0.0227852933069,0.328322718539,0.91225509527,0.952983556256,59.0119489511,239,
30.0,1.373,0.0545723604422,-84.0,0.0153061588491,0.334106759407,0.908730193394,0.950999990659,58.2329564166,239,
36.0,1.373,0.208314483752,-78.0,0.159263765271,0.369802501098,0.908824671545,0.940750479215,58.2337260676,239,
42.0,1.373,0.0933102395996,-78.0,0.0337631904241,0.339388041161,0.906777254649,0.950017141459,57.7388351674,239,
48.0,1.373,0.199492475682,-78.0,0.143919102241,0.360821440235,0.910619194051,0.943964921929,58.5932729914,239,
54.0,1.373,0.190233518821,-72.0,0.129972002714,0.358475696519,0.908863519877,0.944619995718,58.1919089737,239,
60.0,1.373,0.226535500747,-72.0,0.161187064708,0.369925900346,0.909567809764,0.941406639024,58.3322767254,239,
66.0,1.373,0.0462794698673,-60.0,-0.0244774011881,0.337198210522,0.907638136192,0.950993716103,57.9135112444,239,
72.0,1.373,0.153846234923,-66.0,0.0927792960474,0.344703834164,0.910044838811,0.948682491644,58.4548259947,239,
78.0,1.373,0.188452533791,-54.0,0.132586624953,0.357610485442,0.910023878707,0.945070711244,58.4372427826,239,
84.0,1.373,0.203131939646,-66.0,0.154845427422,0.364717585019,0.910901167424,0.942671148977,58.6761079744,239,
90.0,1.373,nan,nan,nan,nan,nan,nan,nan,0,
96.0,1.373,0.14918569537,-66.0,0.0945477641897,0.358943358826,0.9018832779,0.943980491479,56.684879476,239,
102.0,1.373,0.202700107527,-78.0,0.142875214785,0.376795717548,0.900512170056,0.938558841869,56.3859535552,239,
108.0,1.373,0.142048206613,-72.0,0.0939681932585,0.357204380877,0.902713933845,0.944326923192,56.8905812892,239,
114.0,1.373,0.00627340062642,-60.0,-0.0402928325548,0.34559681498,0.903702014326,0.948419981266,57.063580724,239,
120.0,1.373,0.0783136110609,-72.0,0.0280821128395,0.344759727494,0.903266118515,0.948026653451,57.0167718818,239,
126.0,1.373,0.0800843515475,-60.0,0.0419490919423,0.346115353859,0.903082206655,0.947076592019,57.0230617533,239,
