LeadTime (HRS), obsMax (m MSL), Peak (m), PLag (min), Bias(m), RMSD (m), RVal, Skil, VExp (%), nPts,
-0.0,0.91,0.430804941562,54.0,0.389693981982,0.399657324275,0.984477725981,0.862398620202,82.4442035259,240,
6.0,0.91,0.271265997812,6.0,0.291412771482,0.296932949584,0.993805655821,0.919140651252,88.7417044525,239,
12.0,0.91,0.288253081911,-12.0,0.276981354028,0.282367590443,0.994296947627,0.926221273578,89.156638965,239,
18.0,0.91,0.26366831637,-12.0,0.27477249372,0.280270764455,0.994141696978,0.927507684206,89.0866953968,239,
24.0,0.91,0.378009669208,-12.0,0.395619480692,0.399217268898,0.994527942442,0.864266936919,89.4358011582,239,
30.0,0.91,0.271407974512,-6.0,0.314808790171,0.318921403794,0.99507032608,0.908168286505,89.9146504431,239,
36.0,0.91,0.244699161464,42.0,0.293382453942,0.297473242958,0.99542216911,0.919166932498,90.2876560272,239,
42.0,0.91,0.254246201697,48.0,0.283535790631,0.288004119825,0.995129961657,0.923859425302,90.0166645836,239,
48.0,0.91,0.374834460139,42.0,0.399641930577,0.402687613789,0.99535139115,0.862366733816,90.2344084045,239,
54.0,0.91,0.290985870469,48.0,0.330136524245,0.333660826767,0.995575673135,0.900602800759,90.4449239363,239,
60.0,0.91,0.269078255367,48.0,0.307041567948,0.310406778222,0.996079785849,0.912788745453,90.9949481108,239,
66.0,0.91,0.213024171492,48.0,0.240158403191,0.244538787018,0.9960139977,0.943480050618,90.8783336974,240,
72.0,0.91,0.344248994247,48.0,0.395286941954,0.397907142702,0.9961073543,0.864929091639,90.9933089265,239,
78.0,0.91,0.296661840284,48.0,0.342629211699,0.345653781915,0.996130937277,0.894002871694,90.9858743958,239,
84.0,0.91,0.261713270076,48.0,0.309387218082,0.312994653406,0.99586430166,0.910958043522,90.6387036444,239,
90.0,0.91,0.246311902404,54.0,0.298173897701,0.301656330086,0.996141940832,0.916840272124,90.9704985802,239,
96.0,0.91,0.322089939949,42.0,0.375939064788,0.378676853605,0.996217870811,0.875511522108,91.0201061274,239,
102.0,0.91,0.278902302321,30.0,0.336641419808,0.339967542309,0.995812888832,0.896959790896,90.6276986648,239,
108.0,0.91,0.241379723749,0.0,0.29032549568,0.294329073701,0.995583343792,0.92067361535,90.4416688513,239,
114.0,0.91,0.228213102018,12.0,0.282138418,0.286257865606,0.99562117317,0.924437168092,90.4400998349,239,
120.0,0.91,0.283849792186,-6.0,0.331523233179,0.335290844212,0.995309394002,0.899323226841,90.0975271535,239,
126.0,0.91,0.269041895675,-6.0,0.312046661302,0.316102472466,0.995196583371,0.90956193022,90.0280866509,239,
