LeadTime (HRS), obsMax (m MSL), Peak (m), PLag (min), Bias(m), RMSD (m), RVal, Skil, VExp (%), nPts,
-0.0,1.699,-0.114922302201,6.0,0.0772120955229,0.162731848802,0.992023826644,0.993403878066,86.1506751875,239,
6.0,1.699,-0.183872120053,6.0,-0.00722415116331,0.13972712768,0.993569490673,0.995078173358,86.5739780274,238,
12.0,1.699,-0.0920001926693,12.0,0.0862700630619,0.158366134098,0.995053623495,0.993642887193,87.1535701413,238,
18.0,1.699,-0.16049997484,18.0,0.046474291813,0.144128666332,0.995016068669,0.994702202635,86.8348292082,238,
24.0,1.699,-0.0696087665762,-6.0,0.156069387722,0.207449786912,0.995176922875,0.989057411534,86.7364289485,238,
30.0,1.699,-0.267934354701,0.0,-0.0299204342493,0.143945248907,0.995094077002,0.994680521865,86.4671791333,238,
36.0,1.699,-0.0362329688809,18.0,0.200992198727,0.242705106362,0.995626099716,0.985027722896,86.7640672632,238,
42.0,1.699,-0.0988984627069,0.0,0.129997785665,0.188382995697,0.995826816061,0.990908795925,86.7896686979,238,
48.0,1.699,0.121811667163,6.0,0.349970178062,0.374090095869,0.996149674217,0.965155363295,86.9943232278,238,
54.0,1.699,-0.112664486681,-6.0,0.137225866955,0.194340845641,0.996237353202,0.990273438581,86.6523360986,238,
60.0,1.699,0.0366102271555,6.0,0.27409716958,0.303242004464,0.996684850006,0.976786664837,87.2945536524,238,
66.0,1.699,-0.10350947527,18.0,0.123280463651,0.180518472245,0.996676814203,0.991632297236,87.2190592273,238,
72.0,1.699,nan,nan,nan,nan,nan,nan,nan,0,
78.0,1.699,-0.130708402046,6.0,0.0724737881316,0.178337805488,0.992359316843,0.991755383394,84.270013683,238,
84.0,1.699,-0.0202325864012,12.0,0.24252353191,0.298826851042,0.993881404275,0.976509439568,83.0756982419,238,
90.0,1.699,-0.14535252807,18.0,0.0832887795641,0.18562250818,0.99192887447,0.99106434946,83.983675246,238,
96.0,1.699,0.0717595863715,6.0,0.327646126357,0.370329978791,0.993554322466,0.964593145757,83.240978214,238,
102.0,1.699,-0.19264799752,12.0,0.0512555962172,0.171141148732,0.993331183316,0.992333769449,84.2457482248,238,
108.0,1.699,-0.211227449073,18.0,0.0307726482741,0.160828009849,0.993489913828,0.993274399277,84.7785223448,238,
114.0,1.699,-0.278633886918,24.0,-0.0465371657016,0.159319932779,0.993258850884,0.993475459467,85.3454739677,238,
120.0,1.699,-0.107660833679,12.0,0.0806271419569,0.165383135725,0.994883031167,0.992942132731,86.0327330064,238,
126.0,1.699,-0.201487191581,6.0,0.0196089333617,0.149867330293,0.994898721507,0.994164873601,85.6749762978,238,
