LeadTime (HRS), obsMax (m MSL), Peak (m), PLag (min), Bias(m), RMSD (m), RVal, Skil, VExp (%), nPts,
54.0,0.282,-0.179300663782,-90.0,-0.13415393796,0.139398276784,0.957993303172,0.707827349213,67.0164043317,240,
60.0,0.282,-0.208711693855,624.0,-0.152814715054,0.159929951532,0.923214734382,0.659296353602,58.9207851374,240,
66.0,0.282,-0.254117326334,-108.0,-0.190083223878,0.197855594671,0.891495385871,0.58060034904,52.1820576578,240,
72.0,0.282,-0.226141771564,630.0,-0.173430336479,0.18429953087,0.844714404601,0.598346858747,45.6988799398,240,
78.0,0.282,-0.201396889429,-96.0,-0.153545610233,0.159649558681,0.938916828045,0.658762929861,61.924513181,240,
84.0,0.282,-0.0450165829941,624.0,0.00251512801163,0.0604703969327,0.853222646105,0.907026791598,47.3862389143,240,
90.0,0.282,-0.0454806396787,630.0,0.00015549632423,0.0558580089203,0.877569871503,0.922404900719,51.3574563452,240,
96.0,0.282,-0.0347448467003,630.0,-0.00276998895431,0.0709561334603,0.787630393084,0.874281196007,38.2564959455,240,
102.0,0.282,0.00240740940366,636.0,0.0370540781412,0.0922792104039,0.686882012405,0.786207646583,26.4036880398,240,
108.0,0.282,0.0150121915664,636.0,0.0561236169788,0.0894457094533,0.795309568619,0.812044823642,39.3496127816,240,
114.0,0.282,0.0769799726448,624.0,0.116989047346,0.131261021215,0.8562822649,0.710640473129,48.1654636098,240,
120.0,0.282,0.216179893209,606.0,0.22427393365,0.237896767227,0.760472642617,0.517554241333,30.9016877602,240,
126.0,0.282,0.111771194863,642.0,0.115202041852,0.15200341792,0.599060520882,0.637541725152,13.6450569803,240,
132.0,0.282,-0.0290963952993,636.0,0.0187283133582,0.0667817568668,0.830600759826,0.887920588309,44.1782563594,240,
138.0,0.282,-0.0335386857806,624.0,0.000935088534787,0.0539589222087,0.883743595192,0.931323925369,53.0181025297,240,
144.0,0.282,0.0615929977414,612.0,0.0890996917782,0.115625286669,0.773466971871,0.751992843791,35.8272733683,240,
150.0,0.282,0.0976379251865,618.0,0.12733143508,0.144030215539,0.811695781282,0.685138144579,41.3795534094,240,
