LeadTime (HRS), obsMax (m MSL), Peak (m), PLag (min), Bias(m), RMSD (m), RVal, Skil, VExp (%), nPts,
54.0,1.969,-0.25664429408,6.0,-0.169643653768,0.20743185388,0.997471303508,0.993223399256,90.7981505238,240,
60.0,1.969,-0.0217844273142,6.0,0.0678541403617,0.154383752348,0.996406064442,0.996198605617,89.3100839987,240,
66.0,1.969,-0.171587907609,6.0,-0.0694240693995,0.164161914781,0.995615173984,0.995692035559,88.5325197413,240,
72.0,1.969,0.000724143819315,6.0,0.12305877776,0.197839853662,0.995010752143,0.993752650326,88.0583965197,240,
78.0,1.969,-0.216581177918,6.0,-0.0963409135561,0.180610061372,0.995417032077,0.994774921994,88.22343565,240,
84.0,1.969,-0.0231521500687,6.0,0.0858259467185,0.177623059501,0.995026407955,0.994952167073,88.0120298574,240,
90.0,1.969,-0.153502542963,6.0,-0.0403680249828,0.160752550747,0.995056228105,0.995859335377,88.0051051766,240,
96.0,1.969,0.0625392256087,6.0,0.173678674046,0.227535556032,0.995629477521,0.991777128054,88.6683898017,240,
102.0,1.969,-0.149659376185,6.0,-0.0478306857216,0.165173900307,0.99488503819,0.995623690754,87.8127329658,240,
108.0,1.969,-0.0221999676983,6.0,0.0948017423441,0.179011997081,0.99540317179,0.994874075803,88.2944191745,240,
114.0,1.969,-0.13757676568,6.0,-0.0377486184351,0.135808361545,0.996712434558,0.997075305201,89.9434439808,240,
120.0,1.969,0.062400554567,6.0,0.162611146369,0.208222570667,0.996374458605,0.993195438053,89.9744251553,240,
126.0,1.969,-0.119047305364,6.0,-0.0286743672156,0.133521806803,0.996544691572,0.997180530326,89.9473149402,240,
132.0,1.969,-0.0847023037308,6.0,0.0527285176972,0.150145297982,0.996257326892,0.996402033688,89.162908408,240,
138.0,1.969,-0.166719080006,6.0,-0.0414885316226,0.153978473383,0.995781092496,0.996201615057,88.5692050413,240,
144.0,1.969,-0.017784908479,6.0,0.0985476149793,0.168661385868,0.996298506532,0.995485006506,89.4486005794,240,
150.0,1.969,-0.146968879898,6.0,-0.0354951433527,0.143177853988,0.996275793267,0.99673473762,89.3073510079,240,
