LeadTime (HRS), obsMax (m MSL), Peak (m), PLag (min), Bias(m), RMSD (m), RVal, Skil, VExp (%), nPts,
-0.0,0.319,0.0943010921311,-708.0,0.084476169822,0.100862007344,0.940115704238,0.905176807659,65.875554955,240,
6.0,0.319,0.0812528072823,-666.0,0.0852019734837,0.100559043892,0.943794658472,0.905881631941,66.930079538,239,
18.0,0.319,nan,nan,nan,nan,nan,nan,nan,0,
24.0,0.319,0.0855014179571,-660.0,0.086332764693,0.0998125692261,0.951133707488,0.907851091826,69.1206142259,239,
30.0,0.319,0.0823550934344,-660.0,0.0865808357046,0.100167580919,0.950567670741,0.907404154296,68.9481872584,239,
42.0,0.319,0.0853832157413,-672.0,0.0983585240891,0.110699433188,0.9497146828,0.889617760963,68.6882236255,239,
48.0,0.319,0.0874968491363,-678.0,0.096285908947,0.108999222964,0.949118434812,0.892202610763,68.5073712338,239,
54.0,0.319,0.0786051524762,-672.0,0.0934321962386,0.106550040853,0.948849827602,0.896302374532,68.4261362214,239,
66.0,0.319,0.0731539396471,-666.0,0.0853697593654,0.0996172793686,0.948605757409,0.907729846592,68.3523791823,239,
72.0,0.319,0.0712501480949,-672.0,0.0866906940532,0.100396584762,0.950075333669,0.906212340541,68.7840511815,239,
78.0,0.319,0.0681276726601,-654.0,0.0820413755405,0.0971413436505,0.947205341853,0.911504849255,67.9345857284,239,
90.0,0.319,0.0608686543219,-666.0,0.0748901040945,0.0908652937952,0.948453320043,0.920788678036,68.2782140134,239,
96.0,0.319,0.0557582548823,-672.0,0.0718887828736,0.0882191216814,0.94910833404,0.925090021042,68.478653349,239,
102.0,0.319,0.0547440877738,-672.0,0.067879200662,0.0852154631959,0.948288235047,0.929669618202,68.2416052188,239,
114.0,0.319,0.0323421986074,-666.0,0.0448950308922,0.0684962301547,0.947448049678,0.952247452119,67.9698848042,239,
120.0,0.319,0.0311139511279,-666.0,0.0449831368688,0.0682030566381,0.948363336572,0.952934090183,68.2584042043,239,
126.0,0.319,0.0278841945806,-660.0,0.039728807463,0.0652290786291,0.947335920728,0.956796483132,67.9681804565,239,
138.0,0.319,0.0583424407257,-660.0,0.0683306376931,0.0864440154991,0.944742567051,0.927798281233,67.2168021444,239,
144.0,0.319,0.0510938700065,-660.0,0.0632502279649,0.0820196032292,0.946355778853,0.935068440979,67.6693603651,239,
150.0,0.319,0.0409605057281,-660.0,0.0561111880746,0.0764887370576,0.946802820822,0.942591787258,67.8153134012,239,
