LeadTime (HRS), obsMax (m MSL), Peak (m), PLag (min), Bias(m), RMSD (m), RVal, Skil, VExp (%), nPts,
-0.0,1.319,-0.00690917556916,-66.0,0.250097914249,0.325544749264,0.931738831407,0.973762072127,74.7234626074,210,
6.0,1.319,-0.184154879735,-66.0,0.0977449815261,0.275930082388,0.928356347998,0.980978753773,74.6168973621,209,
12.0,1.319,-0.155794308116,-78.0,0.0977358107342,0.276049459668,0.928721825111,0.980955362748,74.6072815181,209,
18.0,1.319,0.0677543715407,-66.0,0.351217565576,0.38422456568,0.930953478479,0.964020225075,75.0429722371,209,
24.0,1.319,nan,nan,nan,nan,nan,nan,nan,0,
30.0,1.319,-0.0995305068304,-90.0,0.151889232335,0.305341976834,0.919049691722,0.97646631901,72.4782826839,209,
36.0,1.319,-0.209297377032,-96.0,0.0605916926733,0.301413675969,0.918233779948,0.97691920481,72.3183943476,209,
42.0,1.319,0.0700939806727,-66.0,0.345288761495,0.393070143528,0.922671528542,0.961868670286,72.9726393107,209,
48.0,1.319,-0.0181490235709,-72.0,0.275940296013,0.349986972131,0.92275193341,0.969482677266,72.9908920517,209,
54.0,1.319,-0.0948792478768,-84.0,0.158371077811,0.305014042802,0.918942468465,0.976422704782,72.6312917824,209,
60.0,1.319,-0.264914967016,-96.0,0.0175969270494,0.306850937696,0.918776992799,0.976143507704,72.4535634707,209,
66.0,1.319,0.0233633717397,-90.0,0.308516322617,0.370967456541,0.92288120919,0.965750815759,72.8289060441,209,
72.0,1.319,-0.014526891763,-84.0,0.270086401695,0.34844334645,0.92155860857,0.969596305235,72.7760280966,209,
78.0,1.319,-0.118951747532,-90.0,0.150424491617,0.304669092855,0.920203095899,0.976428237099,72.5262577077,209,
84.0,1.319,-0.272236297178,-90.0,0.00636356306006,0.311409279106,0.919481182835,0.975280740417,72.2461648122,209,
90.0,1.319,-0.00981249993956,-84.0,0.27418557051,0.351859723577,0.924019756061,0.969005444386,72.8530247563,209,
96.0,1.319,-0.0219701694794,-66.0,0.287303262496,0.359624244449,0.922729868332,0.967517053253,72.686566494,209,
102.0,1.319,-0.12465392537,-90.0,0.151355751522,0.30220349097,0.920938669178,0.976832395696,72.7858117625,209,
108.0,1.319,-0.180520760942,-84.0,0.0783247368976,0.297346664757,0.92014356888,0.977422297616,72.5845375292,209,
114.0,1.319,-0.10121804036,-84.0,0.164548515651,0.296131750797,0.922766938573,0.977933440742,73.6397668278,210,
120.0,1.319,-0.041611971087,-90.0,0.23077774353,0.325129892471,0.92282204299,0.973497334827,73.2376806495,209,
126.0,1.319,-0.185450541911,-96.0,0.0977750700215,0.288731221508,0.923062255208,0.97893301453,73.413961125,209,
