LeadTime (HRS), obsMax (m MSL), Peak (m), PLag (min), Bias(m), RMSD (m), RVal, Skil, VExp (%), nPts,
-0.0,0.937,-0.162777326393,-1422.0,0.204733974444,0.368556821221,0.982596949196,0.829399370875,47.3433449764,239,
6.0,0.937,-0.121061810449,6.0,0.225357231826,0.360598499725,0.986120970947,0.84536287229,51.40430316,238,
12.0,0.937,nan,nan,nan,nan,nan,nan,nan,0,
18.0,0.937,-0.132563717617,0.0,0.224967107855,0.356558685555,0.990226486291,0.849664549338,52.1926168639,238,
24.0,0.937,-0.122856349498,0.0,0.14151677427,0.270171671976,0.989515390801,0.918600503457,60.2169334947,238,
30.0,0.937,-0.112642580193,0.0,0.246793897404,0.376339760022,0.983558693919,0.83376320054,50.9075360977,238,
36.0,0.937,-0.160662251791,0.0,0.218795918047,0.364275602478,0.987823287104,0.837695146429,49.6841231496,238,
42.0,0.937,-0.142368548517,0.0,0.198206701348,0.327709836425,0.991366728036,0.87489048803,54.8863071778,238,
48.0,0.937,-0.140201908734,0.0,0.207500189646,0.347697595027,0.98776545894,0.854714325647,51.790760989,238,
54.0,0.937,-0.131663929774,0.0,0.161552315415,0.300441248282,0.985248383104,0.895375852861,56.2286933715,238,
60.0,0.937,-0.103205855066,0.0,0.224718681578,0.34759556419,0.988653969436,0.860353542821,54.144964185,238,
66.0,0.937,-0.0968357070377,0.0,0.207624502202,0.332215183674,0.988512319277,0.872889417539,55.1609815022,238,
72.0,0.937,-0.0795026960337,0.0,0.234473708915,0.355009807182,0.985456194043,0.855712583966,53.9034451049,238,
78.0,0.937,-0.0965850145868,0.0,0.22607504263,0.349002518588,0.988181661567,0.859644133085,54.0335219019,238,
84.0,0.937,0.0226774037128,0.0,0.313766037637,0.410620029292,0.98155277668,0.821243416148,54.1555590043,238,
90.0,0.937,0.0112710485774,0.0,0.294450008626,0.38631371445,0.985177266973,0.842342897047,56.6979732925,238,
96.0,0.937,0.100642498883,0.0,0.367075151789,0.451789816044,0.971643780654,0.801416511166,54.3880723206,238,
102.0,0.937,0.0112961321266,6.0,0.299170561454,0.395632251101,0.984730199322,0.834274711615,55.3677603804,239,
108.0,0.937,0.197501641101,6.0,0.422362071488,0.488105063747,0.971406896916,0.791465707706,57.5507127916,238,
114.0,0.937,0.145718865867,6.0,0.387125671598,0.455192889695,0.9800796418,0.807671296476,58.4513508447,238,
120.0,0.937,0.200225968582,6.0,0.445976239609,0.504671228438,0.980978175593,0.780758709628,58.9071530719,238,
126.0,0.937,-0.0010619485491,6.0,0.275878888529,0.365651677722,0.970063342833,0.864427118184,58.4528924905,238,
