LeadTime (HRS), obsMax (m MSL), Peak (m), PLag (min), Bias(m), RMSD (m), RVal, Skil, VExp (%), nPts,
-0.0,1.017,0.173808239227,6.0,0.0904412069487,0.142034243437,0.990626203914,0.991853224023,85.9160682207,240,
6.0,1.017,0.00205652799328,0.0,-0.0619557348763,0.118701456539,0.991571816082,0.994171697317,86.938023622,239,
12.0,1.017,0.175998038559,-720.0,0.0863751562045,0.12655846222,0.993108788093,0.993436791944,88.066724844,239,
18.0,1.017,0.0789088141191,0.0,0.0193487815087,0.096743294427,0.992714019513,0.996145029393,87.7715593671,239,
24.0,1.017,0.114850111799,12.0,0.064441292055,0.115022911935,0.992614450854,0.994552620022,87.7086385403,239,
30.0,1.017,0.0167965348021,6.0,-0.0406696755806,0.103972192028,0.992422999397,0.99550869047,87.6555369827,239,
36.0,1.017,nan,nan,nan,nan,nan,nan,nan,0,
42.0,1.017,0.127220831015,6.0,0.0631338673547,0.103522091041,0.994512152292,0.995595568444,89.4399604341,239,
48.0,1.017,0.127541289605,6.0,0.0681445281714,0.10016566005,0.995560289027,0.995859349874,90.5506640709,239,
54.0,1.017,0.060942953701,-6.0,-0.00530279046416,0.0766529465194,0.995182604012,0.997570173227,90.157285458,239,
60.0,1.017,0.152480195743,-12.0,0.0888763105651,0.117444238132,0.9951566246,0.99432188785,90.1181477473,239,
66.0,1.017,0.18703854483,6.0,0.130190392995,0.154542168742,0.994356395044,0.99024376171,89.2820523414,239,
72.0,1.017,0.202633684395,-12.0,0.109530458706,0.134185805003,0.995210757588,0.992673319253,90.0224122631,239,
78.0,1.017,0.155650975437,6.0,0.0664843505471,0.104846604659,0.994657679068,0.99548808986,89.5648733793,239,
84.0,1.017,0.166093118211,6.0,0.106478598106,0.133478671853,0.994761045817,0.992721051483,89.6395843909,239,
90.0,1.017,0.264586328574,12.0,0.189084832232,0.207087935903,0.994362307744,0.982768989517,89.1296444979,239,
96.0,1.017,0.232437298378,-6.0,0.127636487022,0.15746041317,0.993349214582,0.989990298806,88.1312112087,239,
102.0,1.017,0.149491243283,-12.0,0.0950690973937,0.126521425307,0.994265387873,0.993407753083,89.254423147,239,
108.0,1.017,0.120852838464,6.0,0.0581347754891,0.0996313380337,0.994643447249,0.995913640582,89.5854461235,239,
114.0,1.017,0.20170841415,6.0,0.158172878779,0.177889218496,0.994683458446,0.987174738067,89.5226691251,239,
120.0,1.017,0.146425897446,0.0,0.0931655218208,0.121177984341,0.995108541893,0.993978647681,90.0262482174,239,
126.0,1.017,0.145467298349,-6.0,0.0843131485775,0.117714017321,0.994569726661,0.994360080797,89.4573835404,240,
