LeadTime (HRS), obsMax (m MSL), Peak (m), PLag (min), Bias(m), RMSD (m), RVal, Skil, VExp (%), nPts,
-0.0,0.108,1.04714818199,-54.0,1.4218551564,1.44055533225,0.915907091931,0.227305901678,3.86048721386,240,
6.0,0.108,1.04659194257,-60.0,1.40805859056,1.42715140713,0.871399883958,0.229331341295,3.50937818342,239,
12.0,0.108,1.04427756724,-60.0,1.41169982116,1.43056403774,0.915369667654,0.22915428507,3.96952598509,239,
18.0,0.108,1.0507713714,-60.0,1.41382068789,1.43245671774,0.938442472435,0.22911482499,4.48473156788,239,
24.0,0.108,1.04751131829,-60.0,1.40165870195,1.41990787313,0.936139940075,0.231356393099,5.89250515498,239,
30.0,0.108,1.05731431695,-48.0,1.41583869512,1.43352388435,0.978428854144,0.22991814271,6.9028892532,239,
36.0,0.108,1.06355271519,0.0,1.41751437067,1.4347413778,0.985908500965,0.230369973997,8.07013170203,239,
42.0,0.108,1.07866198002,-60.0,1.43791498171,1.45497000813,0.99091751585,0.227654091074,7.88098799795,239,
48.0,0.108,1.07281024293,-18.0,1.42411610481,1.44111985929,0.984272764788,0.229699686605,8.46017056663,239,
54.0,0.108,nan,nan,nan,nan,nan,nan,nan,0,
60.0,0.108,1.05554008914,-60.0,1.409884805,1.42786698329,0.974879227795,0.231613452196,6.72904007688,239,
66.0,0.108,1.05897930196,-30.0,1.42880105504,1.44723210052,0.952905489994,0.228335674424,4.93732665552,239,
72.0,0.108,1.04499880298,108.0,1.41457371931,1.43323030922,0.983195893278,0.230049864251,4.82798234616,239,
78.0,0.108,1.04393625932,18.0,1.40451590464,1.42334095848,0.938383747978,0.231321186963,4.73466065063,239,
84.0,0.108,1.04391011246,24.0,1.4203135258,1.43997504916,0.780875870158,0.228250397498,2.08446499026,239,
90.0,0.108,1.05238123789,30.0,1.42725580293,1.44672961664,0.791231617384,0.227567857807,2.31994856757,239,
96.0,0.108,1.05323925366,-12.0,1.42614317739,1.4454115201,0.86511216396,0.227920288847,2.87773069043,239,
102.0,0.108,1.07004478197,-6.0,1.43534819196,1.4535061113,0.980500199993,0.227994221879,5.43423185738,239,
108.0,0.108,1.06118721594,-24.0,1.41426803334,1.43083484334,0.905542629251,0.232136202995,10.3590342312,239,
114.0,0.108,1.05955128489,-54.0,1.43200987232,1.45013690199,0.902821141602,0.228178837259,5.62445700203,239,
120.0,0.108,1.06294859622,12.0,1.42191042094,1.43869272527,0.845005565894,0.230921903596,9.53247777159,239,
126.0,0.108,1.07314150456,-24.0,1.42438218163,1.44077860505,0.959823783055,0.231215857203,10.5073938569,239,
