LeadTime (HRS), obsMax (m MSL), Peak (m), PLag (min), Bias(m), RMSD (m), RVal, Skil, VExp (%), nPts,
-0.0,0.642,0.204517776906,30.0,0.396643232116,0.412138887974,0.987048843527,0.742323056085,69.3554768293,240,
6.0,0.642,0.222339077164,24.0,0.395480627222,0.409877181293,0.987093871466,0.746377931874,70.5701044709,239,
12.0,0.642,0.112111970906,36.0,0.323831005575,0.348566950506,0.981673470196,0.779087987626,64.7513529461,239,
18.0,0.642,0.0770747209292,66.0,0.335667913992,0.367122457055,0.978602440271,0.755156294184,59.3631909009,239,
24.0,0.642,0.136696434199,-36.0,0.373123228793,0.395721890248,0.984056650728,0.744502693723,63.9731910875,239,
30.0,0.642,0.143384675873,72.0,0.372907459447,0.39458873916,0.974718720895,0.748347885219,64.7429817951,239,
36.0,0.642,0.196337749402,174.0,0.396992672704,0.432891357185,0.915931396919,0.705414355913,52.8248838886,239,
42.0,0.642,0.0948969148157,162.0,0.389420681729,0.424619174278,0.965348289204,0.704825675537,53.7352868616,239,
48.0,0.642,0.231185716051,102.0,0.44979418485,0.471199189111,0.972986963803,0.692618496032,61.6247763703,239,
54.0,0.642,nan,nan,nan,nan,nan,nan,nan,0,
60.0,0.642,0.18161302115,126.0,0.407741059959,0.433983325762,0.960172195815,0.713359434179,59.5776366473,239,
66.0,0.642,0.150035704087,138.0,0.394453668968,0.422327887009,0.968022153162,0.718442688953,58.9616029081,239,
72.0,0.642,0.136023542123,66.0,0.422415612285,0.455108990157,0.98501270686,0.686443776344,53.932395513,239,
78.0,0.642,0.217778119185,48.0,0.434300621391,0.453154636822,0.989112946281,0.708767297872,64.8187517461,239,
84.0,0.642,0.179548193348,66.0,0.394452354206,0.414052821214,0.993129189266,0.734900164651,65.7618182062,239,
90.0,0.642,0.155597380329,-78.0,0.374533700976,0.398876744039,0.995055953111,0.739355326122,62.6811259587,239,
96.0,0.642,0.213889194028,-84.0,0.400849215471,0.420064815277,0.991498813428,0.731873323785,65.8404694359,239,
102.0,0.642,0.182693507356,-96.0,0.406376924325,0.427062176795,0.98786377501,0.724216262526,64.2888833207,239,
108.0,0.642,0.17695522366,168.0,0.418490378,0.450418956544,0.947521115327,0.693184127257,54.698445445,239,
114.0,0.642,0.148813221711,90.0,0.421901986646,0.448299570669,0.982919141077,0.700208235351,58.7780909831,239,
120.0,0.642,0.0327697706309,102.0,0.376177007308,0.420734849423,0.986654684314,0.695126095203,48.7488869984,239,
126.0,0.642,0.158457534165,126.0,0.43767034651,0.465859313781,0.979063387702,0.684572907997,56.5942893053,239,
