LeadTime (HRS), obsMax (m MSL), Peak (m), PLag (min), Bias(m), RMSD (m), RVal, Skil, VExp (%), nPts,
-0.0,0.405,0.564592844041,198.0,0.630104874484,0.63342760622,0.977856222523,0.235261750507,37.0158806705,240,
6.0,0.405,0.572849793476,264.0,0.626525720684,0.629536014196,0.957231872701,0.236636418205,40.0751364454,239,
12.0,0.405,0.564423405536,276.0,0.613889048263,0.616916757605,0.951344464038,0.24082731465,40.5093110622,239,
18.0,0.405,0.562606824018,276.0,0.6212492993,0.624240730832,0.968886044834,0.238147859374,40.5150910522,239,
24.0,0.405,0.531347751403,204.0,0.588346172363,0.591274875549,0.983181096581,0.249668357256,42.7195954932,239,
30.0,0.405,0.540190430646,234.0,0.596976906888,0.600056463691,0.968098408242,0.246400263472,40.8309797208,239,
36.0,0.405,0.534451605184,258.0,0.586652773688,0.589494504715,0.966844532423,0.250406419759,43.6596580727,239,
42.0,0.405,0.552941890166,264.0,0.605841886221,0.608705412457,0.966507565169,0.244016407923,42.5281814677,239,
48.0,0.405,0.523303352678,288.0,0.574549761445,0.577786536659,0.95741061579,0.253562179823,40.4827260901,239,
54.0,0.405,nan,nan,nan,nan,nan,nan,nan,0,
60.0,0.405,0.547288620966,270.0,0.596504018712,0.599811056696,0.950021951077,0.244607439687,38.5002081874,239,
66.0,0.405,0.511201281951,384.0,0.581467400098,0.586253227859,0.900265533264,0.244702008357,26.9064130632,239,
72.0,0.405,0.496954439766,456.0,0.569101880113,0.575028346246,0.905235661885,0.246063199408,19.4868349796,239,
78.0,0.405,0.473437132138,270.0,0.553668514208,0.559445084902,0.95309598529,0.252237472748,21.5963905103,239,
84.0,0.405,0.477854912012,270.0,0.542671869243,0.547004593064,0.985163463642,0.260753652302,32.8168202907,239,
90.0,0.405,0.469431918921,276.0,0.538547227279,0.542775968687,0.988347778279,0.262451486932,33.8827791776,239,
96.0,0.405,0.459192819941,264.0,0.531638366446,0.53673134709,0.971557319331,0.262302678835,27.8762892362,239,
102.0,0.405,0.459232158188,624.0,0.542895092088,0.548683983263,0.901366518792,0.25522455513,22.2757464275,239,
108.0,0.405,0.468514081506,84.0,0.543236820055,0.549291981752,0.956173195248,0.256207637953,20.4737349649,239,
114.0,0.405,0.46086840917,42.0,0.541364156125,0.54751933329,0.930700110244,0.257078336015,19.9535176542,239,
120.0,0.405,0.437029185168,180.0,0.534685238031,0.543199392726,0.799467864119,0.252416985275,6.3326627604,239,
126.0,0.405,0.452071389619,588.0,0.538706110894,0.544863683302,0.962088978893,0.25641831648,20.1335326726,239,
