LeadTime (HRS), obsMax (m MSL), Peak (m), PLag (min), Bias(m), RMSD (m), RVal, Skil, VExp (%), nPts,
-0.0,0.374,0.342188372735,180.0,0.471410382826,0.476618398166,0.97270629001,0.296654018562,32.9757690003,239,
6.0,0.374,0.337542594932,6.0,0.462879697773,0.468304684876,0.980421383446,0.300197067402,32.2043001631,239,
12.0,0.374,0.323453530428,-6.0,0.450380466581,0.455883112071,0.988184565719,0.306390828814,32.6406354094,239,
18.0,0.374,0.314687354365,156.0,0.442588812784,0.448046117898,0.986612955263,0.310761152327,33.499649976,239,
24.0,0.374,0.298418083877,42.0,0.42284178886,0.428280877341,0.990079479479,0.321835935647,35.1000904644,239,
30.0,0.374,0.298201386298,42.0,0.432991922914,0.438943672854,0.988466962388,0.313356640196,31.2853255491,239,
36.0,0.374,0.322952984244,0.0,0.451908369118,0.457278446676,0.992024757765,0.305392839999,33.3497481043,239,
42.0,0.374,0.341815417035,210.0,0.466116963007,0.470746891543,0.985071229684,0.3011088314,37.1782056241,239,
48.0,0.374,0.328924068951,210.0,0.4533948574,0.458445323904,0.98999649289,0.306314654013,35.2693360121,239,
54.0,0.374,nan,nan,nan,nan,nan,nan,nan,0,
60.0,0.374,0.353373534482,192.0,0.476573530029,0.481798378436,0.98579570716,0.293982471425,32.5712053562,239,
66.0,0.374,0.345223225528,318.0,0.477251697505,0.482272880184,0.982230323796,0.293984507752,33.8587232209,239,
72.0,0.374,0.338452832662,342.0,0.475387933163,0.4811131767,0.968387331709,0.291643209535,29.4850449812,239,
78.0,0.374,0.330562193097,390.0,0.467677660597,0.473653018404,0.965914509633,0.294442566765,28.5348061474,239,
84.0,0.374,0.350510010675,228.0,0.48911828107,0.49502434181,0.952390090154,0.284289462652,27.3526985472,239,
90.0,0.374,0.340920845945,270.0,0.481847654865,0.488416670497,0.965942737355,0.285874982029,23.9259231521,239,
96.0,0.374,0.347891515231,282.0,0.489025955628,0.495642314719,0.944977036471,0.282234543612,23.0876613347,239,
102.0,0.374,0.355116693597,360.0,0.489722591829,0.495245860191,0.942853760936,0.285622234973,29.7169266337,239,
108.0,0.374,0.325479847053,420.0,0.463646167879,0.469561295046,0.939434705441,0.295932076354,29.2033584732,239,
114.0,0.374,0.33443584091,426.0,0.475695500304,0.481886041949,0.936636685401,0.289043267019,26.6341895536,239,
120.0,0.374,0.34975149119,414.0,0.476416043691,0.480778090987,0.931960125645,0.295232513339,38.427510839,239,
126.0,0.374,0.35110641238,384.0,0.480528572935,0.485442300437,0.947397775588,0.291897313944,34.3508569524,239,
