LeadTime (HRS), obsMax (m MSL), Peak (m), PLag (min), Bias(m), RMSD (m), RVal, Skil, VExp (%), nPts,
-0.0,0.508,-0.165789244377,-48.0,-0.228435637508,0.231441393308,0.883979610906,0.107537660565,0.0,239,
6.0,0.508,-0.184518511964,-24.0,-0.239154517091,0.241272760575,0.900299299648,0.10169510227,0.0,240,
12.0,0.508,-0.206281949123,-6.0,-0.249599321438,0.251524907428,0.862758984832,0.0969208953251,0.0,240,
18.0,0.508,-0.227056894971,-48.0,-0.259455655814,0.260865995377,0.865043448924,0.0926278268317,0.0,240,
24.0,0.508,-0.203725854002,-66.0,-0.24821859831,0.250004096614,0.872438502197,0.0977459969889,0.0,240,
30.0,0.508,-0.198143353696,-48.0,-0.244860551021,0.246747730621,0.875287699575,0.0991395845846,0.0,240,
36.0,0.508,-0.23784134696,18.0,-0.268561612739,0.26971900193,0.864240457092,0.0890480215875,0.0,240,
42.0,0.508,-0.255694421167,-36.0,-0.282262277049,0.283299093911,0.863042556247,0.0845329044537,0.0,240,
48.0,0.508,-0.225066984495,-18.0,-0.264421033493,0.266033075543,0.87175246581,0.091339214898,0.0,240,
54.0,0.508,-0.229908243688,-12.0,-0.264144269751,0.265585910628,0.832168522962,0.0906310958763,0.0,240,
60.0,0.508,-0.231175702946,-6.0,-0.261940894217,0.263379864723,0.863074133173,0.0919936457554,0.0,240,
66.0,0.508,-0.240328791661,-30.0,-0.270871551711,0.272045968951,0.879689443209,0.0883821627591,0.0,240,
72.0,0.508,-0.229035871694,-924.0,-0.25996249677,0.261427331044,0.851389555807,0.0925246632646,0.0,240,
78.0,0.508,-0.200467342841,-30.0,-0.243545016495,0.245293419294,0.855026596715,0.0990027015457,0.0,240,
84.0,0.508,-0.195216551068,-930.0,-0.228692232503,0.230707168319,0.825906313686,0.105850835227,0.0,240,
90.0,0.508,-0.196874651004,-936.0,-0.239630387407,0.241608155815,0.719967009745,0.0996859953917,0.0,240,
96.0,0.508,-0.19907306838,-966.0,-0.238034204543,0.239908793528,0.729185536939,0.100438893015,0.0,240,
102.0,0.508,-0.185038818347,-876.0,-0.218529824576,0.220931290822,0.756855931021,0.110486880259,0.0,240,
108.0,0.508,-0.164002906913,-894.0,-0.21087160579,0.213546426127,0.727753263921,0.114360319857,0.0,240,
114.0,0.508,-0.187998633959,-924.0,-0.227041539646,0.229029940877,0.700733840785,0.104976507092,0.0,240,
120.0,0.508,-0.168897869776,-888.0,-0.210083708782,0.212720402781,0.798617756309,0.115930170116,0.0,240,
126.0,0.508,-0.149830902978,-882.0,-0.18884012662,0.192376321116,0.755537251786,0.129390817445,0.0,240,
