LeadTime (HRS), obsMax (m MSL), Peak (m), PLag (min), Bias(m), RMSD (m), RVal, Skil, VExp (%), nPts,
-0.0,1.423,1.21479942472,18.0,1.01220847385,1.02068017563,0.996673023997,0.843977664455,88.4013916578,239,
6.0,1.423,1.14530642218,6.0,0.93529166353,0.943486334076,0.997250678076,0.862949459791,89.0342994765,240,
12.0,1.423,1.25913729452,24.0,1.06673581053,1.07554477822,0.99623641265,0.830427777106,87.8595835611,240,
18.0,1.423,1.14909569688,12.0,0.956032592821,0.964096543395,0.997126661733,0.857730818202,89.0030551605,240,
24.0,1.423,1.17785949759,12.0,0.973369060806,0.981328410459,0.997023590406,0.853303149778,88.9767040705,240,
30.0,1.423,1.09388508487,12.0,0.887852685961,0.89610642343,0.997131076741,0.873827354925,89.2761514371,240,
36.0,1.423,1.30636936635,18.0,1.08209361946,1.0896849275,0.996759396275,0.826223456436,88.6525317584,240,
42.0,1.423,1.23493543954,12.0,1.00063373741,1.00887732101,0.997279919319,0.847341339746,88.6254002732,240,
48.0,1.423,1.24158614255,12.0,1.01531857634,1.02315375804,0.997247790135,0.843443135705,88.8311143109,240,
54.0,1.423,1.14637118184,6.0,0.939695216677,0.947675951289,0.997563309804,0.862151797906,89.1536655486,240,
60.0,1.423,1.40063725744,6.0,1.17321466115,1.17954256752,0.997904012853,0.804421104657,89.2167051693,240,
66.0,1.423,1.38971015774,0.0,1.14773792181,1.15431424863,0.998173823083,0.81146100956,89.1261791427,240,
72.0,1.423,1.40418343971,0.0,1.13556330763,1.14310440399,0.998234881539,0.815534974835,88.4151439034,240,
78.0,1.423,1.39827966153,6.0,1.13254173342,1.14073623234,0.998357575722,0.817091042331,87.937970907,240,
84.0,1.423,1.47052629327,6.0,1.2152851852,1.22204190119,0.997828154756,0.794553174712,88.6588357846,240,
90.0,1.423,1.46520416388,6.0,1.22336747335,1.22951834152,0.998367735615,0.792898747484,89.144751388,240,
96.0,1.423,1.37919336928,6.0,1.18466114876,1.19204227186,0.998761153284,0.804374480903,88.2947250589,240,
102.0,1.423,1.31186393296,6.0,1.14372469573,1.15148951013,0.99724185666,0.81212045693,88.2019549402,240,
108.0,1.423,1.37779034285,0.0,1.18406463295,1.19003037354,0.997479638629,0.800324245551,89.4824610552,240,
114.0,1.423,1.62496760327,0.0,1.35415281523,1.36117237515,0.99803455469,0.761917193656,87.7989061942,240,
120.0,1.423,1.52383937883,0.0,1.15594465713,1.17221286759,0.995703567731,0.813730307645,82.8007713118,240,
126.0,1.423,1.66126740407,0.0,1.2379196414,1.25731539394,0.993696130604,0.794056407343,80.5579548972,240,
