LeadTime (HRS), obsMax (m MSL), Peak (m), PLag (min), Bias(m), RMSD (m), RVal, Skil, VExp (%), nPts,
-0.0,0.601,0.238233969923,-12.0,-0.051225883569,0.140090352795,0.987541454175,0.952355927359,49.9340163208,240,
6.0,0.601,0.244965517711,6.0,-0.0113453369054,0.126341827568,0.988340069145,0.960555873295,51.7350303975,239,
12.0,0.601,0.180413803954,30.0,-0.0629639425347,0.142242205561,0.990508412911,0.951099473555,51.0767541848,239,
18.0,0.601,0.201232552165,24.0,-0.043497053331,0.135361766361,0.99151808397,0.955700564616,50.8331305391,239,
24.0,0.601,0.150562371668,-36.0,-0.105292278655,0.168582051598,0.990399215732,0.933428458477,49.5006895099,239,
30.0,0.601,0.19147156509,-12.0,-0.0590922771143,0.141931925924,0.990893833352,0.951545192464,50.5021523789,239,
36.0,0.601,0.197674760273,-6.0,-0.0565091271426,0.140977218654,0.991872522726,0.952306635569,50.4597843074,239,
42.0,0.601,0.222304318146,-12.0,-0.032500656167,0.129437871735,0.991452010682,0.959016892813,51.9422560433,239,
48.0,0.601,nan,nan,nan,nan,nan,nan,nan,0,
54.0,0.601,0.234198836628,-12.0,-0.0192304842046,0.12792765848,0.988065035486,0.959664324628,51.5097806949,239,
60.0,0.601,0.289417451103,-12.0,0.0305487435101,0.130785849488,0.987285270132,0.957889077674,51.2436842591,239,
66.0,0.601,0.290574362881,-12.0,0.0603993854923,0.133188216971,0.989578272187,0.955707609264,54.4881995461,239,
72.0,0.601,0.258161326055,-6.0,0.0192356346559,0.125268315841,0.990346039894,0.96124474724,52.5416533774,239,
78.0,0.601,0.289558894952,-12.0,0.0511720920642,0.13305076968,0.990846251034,0.956451426561,52.9120217179,239,
84.0,0.601,0.368328811971,-18.0,0.119322658541,0.168229974979,0.991914579814,0.93166848547,54.5327734274,239,
90.0,0.601,0.396269426534,-12.0,0.147867563517,0.19022809822,0.99103682836,0.914344628685,54.1168328486,239,
96.0,0.601,0.377391553521,-6.0,0.1246633789,0.174097525769,0.992045187555,0.927751284965,53.4061843605,239,
102.0,0.601,0.384658862006,-6.0,0.146472502492,0.189462127275,0.990153074937,0.91486138652,53.9253455048,239,
108.0,0.601,0.44421064682,-6.0,0.186610688139,0.225231501667,0.987016930506,0.884736114316,51.6463794216,239,
114.0,0.601,0.404169355833,0.0,0.16052181867,0.20106745879,0.987843182206,0.904792217904,53.5770510797,239,
120.0,0.601,0.412416609071,-6.0,0.156826062242,0.198332035609,0.98865978834,0.907396486292,53.4500697616,239,
126.0,0.601,0.383327842664,-24.0,0.123733887171,0.177533059407,0.985363759441,0.924736790246,51.1891453524,239,
