LeadTime (HRS), obsMax (m MSL), Peak (m), PLag (min), Bias(m), RMSD (m), RVal, Skil, VExp (%), nPts,
-0.0,1.168,-0.0966470228535,-24.0,0.334592956744,0.544491829666,0.956216684146,0.812253383734,46.4928670021,240,
6.0,1.168,0.0249344843514,-24.0,0.40880532971,0.578770629265,0.960954294685,0.804667173353,49.0706894465,239,
12.0,1.168,-0.0382618221998,-18.0,0.356888696861,0.554616609136,0.959361117327,0.809712236755,47.2264874399,239,
18.0,1.168,0.0310779121404,-6.0,0.425569497311,0.605495333839,0.958625797261,0.781738347325,46.4582992363,239,
24.0,1.168,-0.103878991826,0.0,0.321879256407,0.545101651324,0.957643849271,0.806653621042,45.3140124868,239,
30.0,1.168,0.0356092473555,-6.0,0.384712263992,0.541064029982,0.969530732453,0.830796324843,52.7059143224,239,
36.0,1.168,-0.0243955727984,-12.0,0.366964794335,0.560194327184,0.96066193303,0.805756288659,47.3841852166,239,
42.0,1.168,0.0852439350987,-6.0,0.445369207997,0.602447535268,0.962458522505,0.79408691802,49.5683460718,239,
48.0,1.168,nan,nan,nan,nan,nan,nan,nan,0,
54.0,1.168,0.10682728667,-6.0,0.447626305001,0.59877940264,0.957722910293,0.801894779831,50.5930123438,239,
60.0,1.168,0.0242931493339,-6.0,0.40383215513,0.599067355927,0.951966711495,0.78059862885,45.0285020504,239,
66.0,1.168,0.0782051588752,-12.0,0.397930451125,0.555317920398,0.964499512892,0.822969999013,51.8808538899,239,
72.0,1.168,-0.0574939167677,-12.0,0.328115208346,0.544773036031,0.953094308815,0.81091614314,45.9748085616,239,
78.0,1.168,0.0379736588022,-6.0,0.388558591231,0.568599590164,0.956190909166,0.808018336123,48.4287848245,239,
84.0,1.168,-0.0460949216468,-12.0,0.357177653611,0.570749365909,0.954709623268,0.791831642529,44.6957413346,239,
90.0,1.168,0.0325679090557,0.0,0.373419066957,0.551469020734,0.958802659871,0.819482764823,49.5866769332,239,
96.0,1.168,-0.0637624636488,-6.0,0.287244996092,0.499538975742,0.960705610514,0.843126382111,49.2277521848,239,
102.0,1.168,-0.00431005798995,-12.0,0.358859726037,0.552101275569,0.956106379692,0.813688545524,47.8769347007,239,
108.0,1.168,-0.0292336911582,-6.0,0.331201844601,0.52602055062,0.961587747534,0.82959990086,49.2317864601,239,
114.0,1.168,0.0477417434973,-12.0,0.347139583287,0.521494230743,0.962018664636,0.839064895563,51.6535121871,239,
120.0,1.168,-0.0328905734218,-12.0,0.308917370418,0.512867847321,0.958440133939,0.836584793724,49.140589156,239,
126.0,1.168,-0.120499619046,-12.0,0.227731289148,0.467371472509,0.960258862585,0.859777512264,49.2969448859,239,
