LeadTime (HRS), obsMax (m MSL), Peak (m), PLag (min), Bias(m), RMSD (m), RVal, Skil, VExp (%), nPts,
-0.0,0.243,-0.138055540192,6.0,-0.0848591454615,0.0911803630675,0.980726424651,0.86540592881,73.9763745993,240,
6.0,0.243,-0.124380956311,60.0,-0.0677050534109,0.0747440094868,0.983497342978,0.90561974818,75.3396185612,239,
18.0,0.243,-0.172734366603,90.0,-0.141338121886,0.143120747951,0.990929998495,0.754649314612,82.4629827081,239,
24.0,0.243,-0.195199783682,84.0,-0.18499875318,0.186128007451,0.989330894034,0.672428830689,84.0568963263,239,
30.0,0.243,-0.214789511349,84.0,-0.209539581261,0.210409385799,0.991103194731,0.628951401628,85.1158185,239,
42.0,0.243,-0.207646844656,54.0,-0.21384700356,0.214574675753,0.990955458682,0.624941539425,86.1976034165,239,
48.0,0.243,-0.222764119758,54.0,-0.230479295997,0.231385624453,0.98715347099,0.599784057305,84.0062173686,239,
54.0,0.243,-0.211446407901,48.0,-0.214694660876,0.215682337604,0.988120124225,0.619009223637,83.8830510937,239,
66.0,0.243,-0.0564131527148,42.0,-0.0725123562026,0.075646208273,0.985713599187,0.918973133954,83.155678601,239,
72.0,0.243,-0.0326771089856,48.0,-0.0432883230751,0.0482378122266,0.986579843187,0.963832262698,83.3619033332,239,
78.0,0.243,-0.0247065922922,48.0,-0.0186615591329,0.0361825392394,0.973073562589,0.977686339894,75.7676774367,239,
90.0,0.243,-0.0140429736031,54.0,-0.0102439854399,0.0228321105298,0.988499062485,0.991488522459,84.0489770761,239,
96.0,0.243,0.00921283707429,48.0,0.0597574677644,0.0995055302161,0.783832656049,0.805448566077,37.803446808,239,
102.0,0.243,-0.0176484599421,48.0,0.0207129093587,0.0535965100197,0.929733357422,0.945444992261,61.3577408035,239,
