LeadTime (HRS), obsMax (m MSL), Peak (m), PLag (min), Bias(m), RMSD (m), RVal, Skil, VExp (%), nPts,
-0.0,0.72,0.284162229158,138.0,0.181083337149,0.196276774461,0.926065761665,0.782315942088,62.1137558428,240,
6.0,0.72,0.2122728442,96.0,0.159959832392,0.171771693677,0.951260974425,0.826655277758,68.6835910813,239,
18.0,0.72,0.112660497771,198.0,0.118721503557,0.12910742095,0.970343194597,0.893990745409,74.618467475,239,
24.0,0.72,0.107812300307,186.0,0.111536330131,0.121226355984,0.975722104146,0.904706467824,76.2404308505,239,
30.0,0.72,0.040344287713,186.0,0.058837167093,0.0765128171866,0.976669138911,0.958309540698,75.5298734354,239,
42.0,0.72,0.0303621893203,120.0,0.0494540571069,0.0658885935889,0.980944095473,0.969779935644,78.2605136573,239,
48.0,0.72,0.0386094669113,108.0,0.0522239830813,0.0650760668249,0.986201679094,0.97070519046,80.6129622267,239,
54.0,0.72,-0.00585918540624,138.0,0.0188383607281,0.044158700443,0.987043558524,0.986028291076,80.057918182,239,
66.0,0.72,0.00782248116736,198.0,0.025266548534,0.0484823174743,0.981508886478,0.983769745327,79.3393112856,239,
72.0,0.72,0.0112201386423,114.0,0.0259475300949,0.0456313258895,0.985161527708,0.985738314232,81.2577215165,239,
78.0,0.72,-0.0266044818914,126.0,-0.0138521695774,0.0431340897228,0.982258861122,0.987108125426,79.6032752328,239,
90.0,0.72,-0.0859435232937,108.0,-0.0692495460949,0.078992934511,0.984544731302,0.958818094649,81.0234644056,239,
96.0,0.72,-0.095457079491,78.0,-0.0860045981847,0.0939034221326,0.983642073599,0.944102071911,81.1772937727,239,
102.0,0.72,-0.10717752783,84.0,-0.0975648332936,0.103789766762,0.987270332432,0.931639529925,82.3223830304,239,
