LeadTime (HRS), obsMax (m MSL), Peak (m), PLag (min), Bias(m), RMSD (m), RVal, Skil, VExp (%), nPts,
-0.0,0.945,-0.0825875962288,0.0,-0.012779251748,0.156177383976,0.961875144228,0.973348047265,70.2401564452,240,
6.0,0.945,-0.0309037653797,0.0,0.0456947304378,0.161157021289,0.962497755783,0.971224757111,70.2667247326,239,
18.0,0.945,-0.0867302964048,0.0,0.00408422862238,0.17028326987,0.955269959038,0.966711266764,67.2478291612,239,
24.0,0.945,-0.108648037831,0.0,-0.0405013276367,0.18493279423,0.946047834526,0.960994277006,65.283670514,239,
30.0,0.945,-0.0839465644627,0.0,-0.0168770387359,0.159184955138,0.959837352469,0.971834259058,69.5462763153,239,
42.0,0.945,-0.214850010343,0.0,-0.104286262483,0.221907713852,0.938684202508,0.942976930509,62.4502719307,239,
48.0,0.945,-0.230480775606,0.0,-0.118117542312,0.238861937458,0.930033109779,0.933193889695,60.2002194807,239,
54.0,0.945,-0.244979189883,0.0,-0.121096117053,0.235634093808,0.93572889518,0.935017035141,61.2501291195,239,
66.0,0.945,-0.0751207226337,0.0,0.00772124269307,0.142902549797,0.970058265788,0.977623916173,72.6453809713,239,
72.0,0.945,-0.068741613771,0.0,0.0521906144477,0.160890893224,0.962262721002,0.972024436341,70.8248048116,239,
78.0,0.945,-0.084331139146,0.0,0.0555600363471,0.155896293239,0.966055765697,0.973879582144,72.0768214563,239,
90.0,0.945,-0.0297259143918,0.0,0.0851163314169,0.164610690852,0.969110553177,0.971022059848,72.9898816442,239,
96.0,0.945,0.232101172211,0.0,0.174555463319,0.220912323033,0.965772697173,0.953938243189,74.0439787218,239,
102.0,0.945,0.0525804023952,0.0,0.108079895708,0.171206275394,0.971082324399,0.969612340671,74.5460188349,239,
