LeadTime (HRS), obsMax (m MSL), Peak (m), PLag (min), Bias(m), RMSD (m), RVal, Skil, VExp (%), nPts,
-0.0,0.673,0.394559605339,12.0,0.0132985945867,0.148550030122,0.962528664112,0.977754523173,68.8466967788,240,
6.0,0.673,0.489951127908,12.0,0.132967565887,0.192825210285,0.965755513861,0.962944182898,70.6311409848,239,
18.0,0.673,0.186678794168,12.0,0.00567803045573,0.106716206743,0.98136205799,0.988445218241,77.588480136,239,
24.0,0.673,0.110847499791,12.0,-0.0149209714037,0.0914989177892,0.986915095927,0.991449318198,81.0145980059,239,
30.0,0.673,0.186249986138,-60.0,0.101431366,0.128537304566,0.990178857129,0.983215471904,83.3956033095,239,
42.0,0.673,0.0657607665777,18.0,-0.0119269602766,0.0695156849047,0.992998518908,0.994998102415,85.5567333923,239,
48.0,0.673,0.0417976895439,24.0,-0.0437222855344,0.0831429771356,0.992608082818,0.992879006602,85.085652994,239,
54.0,0.673,0.118251327711,24.0,0.0805787631978,0.104461539617,0.993473004972,0.98877319849,85.9800542226,239,
66.0,0.673,0.0214016242037,24.0,-0.0184788053089,0.0647307784117,0.994621021539,0.99566036024,86.9165412603,239,
72.0,0.673,-0.0227547017184,24.0,-0.07263735088,0.0971417255171,0.993508198075,0.990214781996,86.3970012734,239,
78.0,0.673,0.0749168295539,24.0,0.0241885120739,0.0696481094666,0.993392355692,0.994950191678,86.2256936921,239,
90.0,0.673,-0.0169590617556,12.0,-0.0291892855004,0.0709669908217,0.993023185386,0.994717538157,86.3578714292,239,
96.0,0.673,-0.0788231095105,6.0,-0.0821215920208,0.103454030834,0.993297746529,0.988816523524,86.7305940689,239,
102.0,0.673,0.0317167124936,-24.0,0.00641527191077,0.0671036627845,0.992582505015,0.995281510739,85.9128487924,239,
