LeadTime (HRS), obsMax (m MSL), Peak (m), PLag (min), Bias(m), RMSD (m), RVal, Skil, VExp (%), nPts,
-0.0,0.415,0.278078400016,-6.0,0.311093327754,0.318695862671,0.948051309625,0.667958422486,68.055729295,240,
6.0,0.415,0.271141099918,0.0,0.319761728965,0.326609289779,0.952765392978,0.65900877068,69.2833815487,239,
12.0,0.415,nan,nan,nan,nan,nan,nan,nan,0,
18.0,0.415,0.271010734263,-36.0,0.323371215872,0.331174121938,0.944816778181,0.652194712268,66.9562745886,239,
24.0,0.415,0.23959944144,-12.0,0.298132464953,0.306403836547,0.946095075787,0.676222921479,67.304279913,239,
30.0,0.415,0.27674109745,-30.0,0.328839310258,0.336137484689,0.947867217745,0.648044461973,67.7892147031,239,
36.0,0.415,0.288387957326,-12.0,0.341540407834,0.348592676306,0.947538434789,0.63692847485,67.7431621916,239,
42.0,0.415,0.288331257547,-24.0,0.347598548807,0.354297021566,0.949571789274,0.631789396141,68.2959242585,239,
48.0,0.415,0.250684910571,-24.0,0.308389892557,0.315852508738,0.949923283291,0.668269399058,68.4417339409,239,
54.0,0.415,0.296891819658,-12.0,0.353406939071,0.359996805297,0.949174685797,0.627722725898,68.2972497224,239,
60.0,0.415,0.304779629627,-24.0,0.363040256627,0.369472594526,0.949169706647,0.619070632504,68.2617484722,239,
66.0,0.415,0.31474071375,-12.0,0.37363370789,0.379751956264,0.950279384929,0.610425553021,68.6084199401,239,
72.0,0.415,0.270268423142,-30.0,0.322310931118,0.329061224267,0.952749608239,0.656458945383,69.3403735037,239,
78.0,0.415,0.312018326768,-30.0,0.366662110532,0.372715184308,0.951899490949,0.616775240988,69.0677161496,239,
84.0,0.415,0.321061386359,-24.0,0.371029236029,0.377061208776,0.951569867617,0.61303939264,68.9402691912,239,
90.0,0.415,0.321068449328,-18.0,0.383044706473,0.389088771169,0.950454213023,0.60125490553,68.4134864677,239,
96.0,0.415,0.27009371962,-24.0,0.326394058715,0.333403617153,0.950257223735,0.651399395601,68.5557189477,239,
102.0,0.415,0.305918211981,-18.0,0.365656100615,0.37176086661,0.951903599655,0.617243507218,68.9810103498,240,
108.0,0.415,0.31423781326,-18.0,0.369783960263,0.375738256923,0.953137737442,0.613893429241,69.2383203088,239,
114.0,0.415,0.335769856144,-18.0,0.388696382334,0.394358854154,0.952819351902,0.599315620192,69.2557613841,239,
120.0,0.415,0.273806368443,-24.0,0.331425530292,0.33776338435,0.955496719413,0.648117476715,69.9316219151,239,
126.0,0.415,0.301418199485,-30.0,0.357844629675,0.363948603707,0.953393967499,0.624600609148,69.3537557854,239,
