LeadTime (HRS), obsMax (m MSL), Peak (m), PLag (min), Bias(m), RMSD (m), RVal, Skil, VExp (%), nPts,
-0.0,1.701,0.760352245392,-1404.0,0.716624519089,0.729789317745,0.994843605831,0.928893417141,89.6566535337,240,
6.0,1.701,0.929622117827,-12.0,0.925670811909,0.935076363392,0.995257828885,0.888698342562,90.060054723,239,
12.0,1.701,nan,nan,nan,nan,nan,nan,nan,0,
18.0,1.701,0.793611248712,-18.0,0.79435120634,0.799619797117,0.997973990827,0.915327386474,93.106406868,239,
24.0,1.701,0.627668989424,-12.0,0.637325693674,0.643233317346,0.998186496992,0.943358307794,93.4571884062,239,
30.0,1.701,0.741965842174,-12.0,0.76152644978,0.766006670075,0.998379929245,0.921858960238,93.7769511886,239,
36.0,1.701,0.640874898871,18.0,0.663720434382,0.668490488929,0.998453794406,0.939372573528,94.0033821508,239,
42.0,1.701,0.638356372077,18.0,0.641644856786,0.646118873477,0.998602754327,0.943177381015,94.2901447349,239,
48.0,1.701,0.52467885191,-6.0,0.540808492932,0.545949115262,0.998628781957,0.958731787078,94.3774620023,239,
54.0,1.701,0.631384356628,18.0,0.633837672477,0.638169776605,0.998663544585,0.944507911089,94.4159091415,239,
60.0,1.701,0.770241606688,18.0,0.775332941676,0.778795789555,0.998717046179,0.919754899133,94.4815335476,239,
66.0,1.701,0.699652247823,12.0,0.698306327437,0.70181865873,0.998809190903,0.933832914982,94.7247949595,239,
72.0,1.701,0.653600447783,18.0,0.666273500762,0.670181985548,0.998686423061,0.939359167414,94.5632461927,239,
78.0,1.701,0.726206912169,18.0,0.739197837441,0.742723111076,0.998729116136,0.926509901956,94.5629022574,239,
84.0,1.701,0.873906680192,18.0,0.86216019537,0.865794441167,0.998493502942,0.902800237664,94.0388297951,239,
90.0,1.701,0.767579854539,18.0,0.745051662305,0.748752068086,0.998738736406,0.925136285819,94.4071953464,239,
96.0,1.701,0.728872160666,0.0,0.71214616501,0.715243506207,0.998958513438,0.931466697037,94.9982266914,239,
102.0,1.701,0.706741929852,-6.0,0.706199682313,0.710154718786,0.998638919276,0.932635240368,94.3843508325,240,
108.0,1.701,0.770228198834,24.0,0.791774144419,0.794617240242,0.998984786229,0.916960211185,94.9539784977,239,
114.0,1.701,0.672292703455,18.0,0.66349733337,0.667417454906,0.998789365024,0.939695992537,94.572834468,239,
120.0,1.701,0.636915817542,18.0,0.678139408031,0.682884695093,0.9985316126,0.936806540857,93.9617327613,239,
126.0,1.701,0.673107537718,12.0,0.649884852217,0.653656659779,0.998840940733,0.942082702847,94.7315195444,239,
