LeadTime (HRS), obsMax (m MSL), Peak (m), PLag (min), Bias(m), RMSD (m), RVal, Skil, VExp (%), nPts,
-0.0,0.479,0.209402211996,-36.0,0.153688018124,0.169883605111,0.944541817503,0.853613761077,67.0055791989,240,
6.0,0.479,0.203043708888,-36.0,0.152568126554,0.166001515657,0.955401183319,0.859699667488,70.1318813259,239,
12.0,0.479,0.267348096109,126.0,0.199109828206,0.208357964551,0.959967801264,0.805301030336,71.9723534241,239,
18.0,0.479,0.271574478554,54.0,0.195011062166,0.201916447195,0.971427779238,0.823605688336,76.0964488021,239,
24.0,0.479,0.263444725958,54.0,0.194858332833,0.201059228328,0.974095222351,0.822155645415,77.3774026379,239,
30.0,0.479,0.203122712493,48.0,0.145965819207,0.15242668838,0.979707277544,0.888195299591,79.9528653346,239,
