LeadTime (HRS), obsMax (m MSL), Peak (m), PLag (min), Bias(m), RMSD (m), RVal, Skil, VExp (%), nPts,
-0.0,0.503,0.044503485638,48.0,0.0336818148207,0.0639472583135,0.950760879658,0.959855791594,63.8057080971,240,
6.0,0.503,0.0455402168759,-54.0,0.0365559235518,0.0620987034944,0.958261153939,0.962074495655,66.532474541,239,
12.0,0.503,0.0942252554838,-54.0,0.0900444554248,0.10172205105,0.963448550814,0.906164386767,68.4503978978,239,
18.0,0.503,0.0946307900076,-6.0,0.0893752715741,0.100925190141,0.962978726822,0.906690111628,68.7435123405,239,
24.0,0.503,0.0864253714494,6.0,0.0878838007518,0.100686769597,0.958258685306,0.906780544929,67.241568923,239,
30.0,0.503,0.0813385431632,6.0,0.086553287978,0.0990578565511,0.956325201095,0.907385997901,67.8806185903,239,
