LeadTime (HRS), obsMax (m MSL), Peak (m), PLag (min), Bias(m), RMSD (m), RVal, Skil, VExp (%), nPts,
-0.0,1.83,1.00267125689,24.0,0.893660392123,0.901465664288,0.99659655711,0.888347867866,90.4119815775,240,
6.0,1.83,0.996510853432,60.0,0.89203539111,0.900398781626,0.996197222754,0.888705484558,90.100527398,239,
12.0,1.83,0.965548690324,48.0,0.86187217104,0.8689704831,0.997130610979,0.895547934209,91.0379863484,239,
18.0,1.83,0.966458255956,42.0,0.862170411217,0.868632873301,0.997615938898,0.895906589116,91.4488973113,239,
24.0,1.83,0.975352514695,42.0,0.871443533554,0.879103482343,0.997004207459,0.893788574181,90.6373436051,239,
30.0,1.83,0.990171982679,48.0,0.877208223161,0.885572832214,0.996658577218,0.892483767786,90.1820396579,239,
