LeadTime (HRS), obsMax (m MSL), Peak (m), PLag (min), Bias(m), RMSD (m), RVal, Skil, VExp (%), nPts,
-0.0,0.357,0.324549513626,1128.0,0.341143565119,0.341561309761,0.620225993448,0.0976984626989,20.8966800908,240,
6.0,0.357,0.330515982112,1122.0,0.340801994359,0.341220272289,0.659625511232,0.0983749456518,20.9363585733,239,
12.0,0.357,0.356164961292,1308.0,0.360155956034,0.36072084692,0.539674292376,0.0925665718431,5.53784036251,239,
18.0,0.357,0.351907243539,1200.0,0.364405786296,0.364875227481,0.561537715923,0.0912371938278,13.3869944958,239,
24.0,0.357,0.354685542124,1056.0,0.364599899782,0.365136194639,0.524934491111,0.0909996547073,7.39599044164,239,
30.0,0.357,0.363654179485,1032.0,0.37336717274,0.373919881108,0.501069353879,0.0889897078139,4.86576941933,239,
