LeadTime (HRS), obsMax (m MSL), Peak (m), PLag (min), Bias(m), RMSD (m), RVal, Skil, VExp (%), nPts,
-0.0,0.383,0.208615842201,-168.0,0.114933600767,0.137709906606,0.854830774011,0.780061453036,40.3440546047,240,
6.0,0.383,0.191988843599,-12.0,0.113784816254,0.132894125341,0.876882399387,0.792145789338,45.9495712115,239,
12.0,0.383,0.18675809706,-120.0,0.131779360069,0.148046746464,0.869381199534,0.745243364191,46.8854362236,239,
18.0,0.383,0.191700224021,-30.0,0.131557638825,0.145166656586,0.898307774923,0.76181719072,51.6888196388,239,
24.0,0.383,0.214164608556,96.0,0.136763839974,0.149926898625,0.904665554575,0.758026070485,51.6389353807,239,
30.0,0.383,0.210898010179,-36.0,0.133734132953,0.14493962429,0.907784487586,0.755880408113,56.0079600051,239,
