LeadTime (HRS), obsMax (m MSL), Peak (m), PLag (min), Bias(m), RMSD (m), RVal, Skil, VExp (%), nPts,
-0.0,1.475,0.194293387787,-18.0,0.266085104438,0.489839455661,0.886022494516,0.910008042582,53.5855051585,240,
6.0,1.475,0.197943705671,-18.0,0.276382650435,0.499976438674,0.883124936887,0.904922441635,52.9713683087,239,
12.0,1.475,0.299961353035,-12.0,0.364462807788,0.533044249885,0.898531310472,0.899245612449,56.0938887379,239,
18.0,1.475,0.269736443283,-12.0,0.352241279675,0.51702287445,0.904202380881,0.905841016188,57.2799854989,239,
24.0,1.475,0.294943037404,-12.0,0.366454335319,0.53470501445,0.898281518672,0.898812261526,56.0478256802,239,
30.0,1.475,0.287640810974,-12.0,0.366604406016,0.530981950814,0.901276135892,0.899911818173,56.6428705429,239,
