LeadTime (HRS), obsMax (m MSL), Peak (m), PLag (min), Bias(m), RMSD (m), RVal, Skil, VExp (%), nPts,
-0.0,2.32,0.207744796403,6.0,-0.122373227877,0.248053649035,0.994657259074,0.995036064672,87.3343409437,239,
6.0,2.32,0.404049516163,6.0,0.0888144088475,0.241454677683,0.994416695817,0.995305107712,86.8009390065,240,
12.0,2.32,0.537813568585,6.0,0.183441567335,0.293690113002,0.995068841677,0.993154869255,86.5172005888,240,
18.0,2.32,0.479885023746,6.0,0.136875267282,0.261571461643,0.995301907343,0.994549542771,86.8965322376,240,
24.0,2.32,0.335951215137,6.0,-0.0206512280261,0.224422310411,0.996011576153,0.996017044218,86.863066581,240,
30.0,2.32,0.371369595698,0.0,0.056747591749,0.223547389456,0.995556816803,0.996004289516,87.2889937399,240,
36.0,2.32,0.694873229528,0.0,0.370704709324,0.425048096927,0.996569964535,0.985795946813,87.7753353244,240,
42.0,2.32,0.603580883949,0.0,0.248631015098,0.330077421368,0.996317025312,0.991415062232,87.2373640308,240,
48.0,2.32,0.580116605152,0.0,0.217344659946,0.306719050641,0.996797271835,0.992614461138,87.2774811567,240,
54.0,2.32,0.461021436315,0.0,0.128009952763,0.243581312403,0.996333795415,0.995272502332,87.8176135629,240,
60.0,2.32,0.769785923695,0.0,0.443304620057,0.488315803592,0.996633726243,0.981312386891,87.9620030567,240,
66.0,2.32,0.589966526335,0.0,0.233742262215,0.316083549948,0.996554796491,0.992118671208,87.491768758,240,
72.0,2.32,0.611548586796,0.0,0.23761849262,0.32221164974,0.996241910189,0.991811594013,87.2070628031,240,
78.0,2.32,0.406844123439,0.0,0.033110949919,0.21505557179,0.996343626043,0.996325884755,87.5084675581,240,
84.0,2.32,0.827984409045,0.0,0.466166062344,0.514091969771,0.995636369439,0.97926619823,87.2582262556,240,
90.0,2.32,0.695520124671,6.0,0.286032470653,0.361584302541,0.996035571981,0.98971302692,86.9966259424,240,
96.0,2.32,0.724558543131,0.0,0.38186800766,0.438598589982,0.995500907259,0.984780116799,87.3172455189,240,
102.0,2.32,0.540003553979,0.0,0.179542442542,0.283636264003,0.995584347446,0.993602477591,87.0919309165,240,
108.0,2.32,0.789393295763,0.0,0.442707683662,0.491498132193,0.995514228007,0.980933849312,87.4494372152,240,
114.0,2.32,0.636849681631,0.0,0.286863578274,0.360474986909,0.995735754546,0.989717006102,87.1674543848,240,
120.0,2.32,0.658498559898,0.0,0.325713315261,0.386936610617,0.995602358637,0.988061531382,87.7207742138,240,
126.0,2.32,0.5734312736,0.0,0.202721280026,0.303093541199,0.995573468255,0.992732714834,86.754232083,240,
