LeadTime (HRS), obsMax (m MSL), Peak (m), PLag (min), Bias(m), RMSD (m), RVal, Skil, VExp (%), nPts,
-0.0,1.094,0.424816278991,-762.0,0.420411564037,0.432937246514,0.989055890486,0.902847522058,84.7192911165,240,
6.0,1.094,0.348317112879,0.0,0.366412151331,0.386057296522,0.984407006867,0.919967411605,81.9831471907,239,
12.0,1.094,0.340336649312,0.0,0.356553164023,0.379719095576,0.982741147729,0.920709418491,80.6468805615,239,
18.0,1.094,0.340661686306,0.0,0.350025035081,0.374269681004,0.981388257276,0.923804468034,80.3631214135,239,
24.0,1.094,0.341242888032,-756.0,0.357829984735,0.379404973877,0.984089266992,0.920936981882,81.3110403343,239,
30.0,1.094,0.33945881159,0.0,0.353441161461,0.37276761592,0.98578382748,0.924215621742,82.4444793413,239,
36.0,1.094,nan,nan,nan,nan,nan,nan,nan,0,
42.0,1.094,0.391822657726,-12.0,0.396097785701,0.416178350783,0.982185071481,0.908505960709,81.0051481179,239,
48.0,1.094,0.364826173274,-6.0,0.378094788538,0.39945770452,0.98235135254,0.913821341887,80.831363384,239,
54.0,1.094,0.418022258967,-762.0,0.408476147846,0.426626011866,0.983576091218,0.904380543229,81.6893993717,239,
60.0,1.094,0.311163268379,-768.0,0.327215295597,0.356408561381,0.978638432942,0.929392901442,78.9890327963,239,
66.0,1.094,0.405848853396,-762.0,0.398914782277,0.416873091873,0.984328719431,0.907889842101,81.9981371284,239,
72.0,1.094,0.315318385838,-768.0,0.337517823032,0.363958336974,0.980527120249,0.926379310258,79.7447548721,239,
78.0,1.094,0.397522700453,-762.0,0.406164871617,0.422609873962,0.985629641072,0.905442447369,82.6367378048,239,
84.0,1.094,0.27848591038,-762.0,0.290965076093,0.326678765788,0.976479164306,0.939340061313,77.9106713177,239,
90.0,1.094,0.343029692596,-762.0,0.336753703556,0.362953538494,0.980436093799,0.927269451982,79.862592376,239,
96.0,1.094,0.240242971141,-774.0,0.227946528408,0.285831316675,0.968305362689,0.951499344534,74.3512614811,239,
102.0,1.094,0.313974281488,-768.0,0.319067203113,0.34579408783,0.982374831299,0.932072132969,80.1739684218,239,
108.0,1.094,0.290204860059,-762.0,0.306139869984,0.341748968302,0.975498541116,0.933737210639,77.4094483382,239,
114.0,1.094,0.363819878895,-762.0,0.367609874668,0.387263352717,0.984221383591,0.919047837939,81.8843959618,239,
120.0,1.094,0.307800332382,-762.0,0.297022827667,0.336678122116,0.973126711901,0.935302832658,76.4229824039,239,
126.0,1.094,0.391520932907,-768.0,0.358394624726,0.382981318728,0.981088521082,0.919694737416,79.9843034864,240,
