LeadTime (HRS), obsMax (m MSL), Peak (m), PLag (min), Bias(m), RMSD (m), RVal, Skil, VExp (%), nPts,
-0.0,1.394,-0.201723186359,18.0,0.339621520528,0.532378225735,0.986920994247,0.867361129573,54.7879865898,240,
6.0,1.394,-0.11218481375,12.0,0.39188543336,0.561515955422,0.985463566976,0.856435792678,55.5099077918,239,
12.0,1.394,-0.108471611779,18.0,0.421528109939,0.588304933598,0.989618270444,0.842334523142,54.5989335596,239,
18.0,1.394,-0.0672664963673,18.0,0.441288082143,0.602587170074,0.988958764475,0.836547521628,54.6044091521,239,
24.0,1.394,-0.051963604289,12.0,0.446513407484,0.605902092278,0.987772845303,0.835642960336,54.6898210141,239,
30.0,1.394,-0.0425726885004,12.0,0.439109088221,0.584980281212,0.989025120077,0.85031841369,57.2410420485,239,
36.0,1.394,nan,nan,nan,nan,nan,nan,nan,0,
42.0,1.394,0.0117577747761,0.0,0.481556708107,0.62088829549,0.991185570791,0.832757325848,56.5332215128,239,
48.0,1.394,0.0592029408478,6.0,0.511774624287,0.644845753306,0.990272452017,0.823068902215,56.4897543513,239,
54.0,1.394,-0.0237362295508,6.0,0.469905858408,0.615835365196,0.991966140575,0.833018225452,55.8542483518,239,
60.0,1.394,0.0653466719066,6.0,0.513866172194,0.645399105079,0.989843608534,0.82350724229,56.6925252724,239,
66.0,1.394,-0.000795402768504,18.0,0.473727753393,0.619007188753,0.991082874113,0.831770161895,55.8110500553,239,
72.0,1.394,0.0957718275886,6.0,0.542219109184,0.665073021515,0.990304322654,0.817007468137,57.2875114639,239,
78.0,1.394,0.00495594145768,18.0,0.484482548761,0.629403989011,0.991261126475,0.826452090927,55.4404298216,239,
84.0,1.394,0.153333310452,6.0,0.601305115614,0.713000504405,0.991488400516,0.798371554246,57.5067450262,239,
90.0,1.394,0.120016164926,6.0,0.578959541937,0.694955431379,0.991455932065,0.805072223435,57.3670175425,239,
96.0,1.394,0.22001078074,12.0,0.667640211806,0.761376220988,0.992216399781,0.784834457478,59.4093472062,239,
102.0,1.394,0.132460532871,6.0,0.58791187248,0.699363403123,0.991296938803,0.805040448782,57.9919108158,239,
108.0,1.394,0.234221584196,6.0,0.660927163943,0.756190790175,0.990643278836,0.786714625847,59.2506440215,239,
114.0,1.394,0.182495943322,6.0,0.626261641184,0.72992584827,0.991206377853,0.794304161821,58.4157879609,239,
120.0,1.394,0.259738131947,6.0,0.701498244281,0.786854077378,0.991718407769,0.778247786863,60.4702860138,239,
126.0,1.394,0.144198682123,6.0,0.600998857378,0.708525960682,0.991573633505,0.803527383376,58.520570027,240,
