LeadTime (HRS), obsMax (m MSL), Peak (m), PLag (min), Bias(m), RMSD (m), RVal, Skil, VExp (%), nPts,
-0.0,0.962,0.12738405992,-12.0,0.132989491945,0.158560268843,0.988252300771,0.980254260889,84.5160116159,240,
6.0,0.962,0.161368336484,18.0,0.166855254797,0.187577579646,0.98847858482,0.972715293382,84.6579986321,239,
12.0,0.962,0.0692612834991,-6.0,0.0785486824802,0.115439359462,0.988846245677,0.989499439084,84.8559652787,239,
18.0,0.962,0.107153986799,12.0,0.120520505532,0.147560949315,0.988852150466,0.983054328834,84.7582056455,239,
24.0,0.962,0.0997663644906,12.0,0.112687594549,0.142167715324,0.988435281442,0.984242407822,84.4830172659,239,
30.0,0.962,0.141577586315,-6.0,0.162042396022,0.183740596973,0.988419195503,0.973960878733,84.493653567,239,
36.0,0.962,nan,nan,nan,nan,nan,nan,nan,0,
42.0,0.962,0.141132103816,0.0,0.165014649084,0.177175068138,0.9936178133,0.975818146215,88.4582136676,239,
48.0,0.962,0.118537646935,0.0,0.138368879265,0.15383326558,0.993124931617,0.981689977911,87.9725564573,239,
54.0,0.962,0.165307081024,0.0,0.184311849912,0.195792003733,0.993538718197,0.970881709085,88.1807403892,239,
60.0,0.962,0.103488151093,0.0,0.124925261292,0.141684306956,0.99333032243,0.984488369495,88.0400933451,239,
66.0,0.962,0.180260534598,0.0,0.201621777835,0.212339790244,0.993381881282,0.965899074634,88.0820263306,239,
72.0,0.962,0.151151052435,0.0,0.171752282042,0.183990875251,0.993442209453,0.97409318847,88.1940943092,239,
78.0,0.962,0.166668462755,0.0,0.194264095903,0.205556024069,0.993133540267,0.967825680546,87.9778634058,239,
84.0,0.962,0.101199730973,-6.0,0.133462491539,0.14945584742,0.993028013099,0.982638838633,87.9644585605,239,
90.0,0.962,0.177876900815,0.0,0.209452907251,0.220057227195,0.992980799789,0.963192222367,87.9248258995,239,
96.0,0.962,0.156410536748,-18.0,0.18655360689,0.198501914125,0.993032509708,0.969957147809,87.8638719466,239,
102.0,0.962,0.150271541902,-12.0,0.171668873718,0.184619837482,0.993036944775,0.973916464496,87.846052463,239,
108.0,0.962,0.0989661561333,-6.0,0.11591271643,0.134291016014,0.99317943226,0.986061992523,87.8670938719,239,
114.0,0.962,0.169795675305,-6.0,0.187002359565,0.198937889934,0.993100652878,0.969906450395,87.8564356138,239,
120.0,0.962,0.170477890581,-12.0,0.190305417318,0.202032963482,0.993012563128,0.968894790991,87.863338051,239,
126.0,0.962,0.11057184346,-12.0,0.136452546422,0.152992152054,0.992660284174,0.981804318593,87.5975031513,240,
