LeadTime (HRS), obsMax (m MSL), Peak (m), PLag (min), Bias(m), RMSD (m), RVal, Skil, VExp (%), nPts,
-0.0,0.36,0.161077957593,-954.0,0.153462880738,0.167316456984,0.838945383112,0.642403417532,45.5681288355,240,
6.0,0.36,0.160996864704,-960.0,0.194648154435,0.204877304962,0.853393367004,0.587689287651,47.8708397066,239,
12.0,0.36,0.152248181933,-960.0,0.20862593405,0.219397991011,0.837137348863,0.569249689795,44.6303143371,239,
18.0,0.36,-0.00632093130492,-960.0,0.0495346984142,0.103736448075,0.706906259526,0.80140959794,25.5772048394,240,
24.0,0.36,0.073284154279,-954.0,0.140812559967,0.160527830549,0.795835957198,0.670894117026,36.96512168,239,
30.0,0.36,0.0891915810588,-954.0,0.182090468789,0.197953203579,0.815797847015,0.610193954033,36.5024952618,239,
36.0,0.36,0.171259629335,324.0,0.274077873628,0.28706589822,0.79980814615,0.48752313976,30.1832707745,239,
42.0,0.36,0.166237024883,-954.0,0.252207916594,0.26511762339,0.793165330523,0.505138938919,33.1669896053,239,
48.0,0.36,0.177439570078,426.0,0.26438458367,0.2784044339,0.787832334134,0.496063136639,28.6591815345,239,
54.0,0.36,0.222231278265,42.0,0.317063447061,0.325970287668,0.835312379926,0.455573587648,38.1087016434,239,
60.0,0.36,0.206125961326,-954.0,0.301388952067,0.311089688087,0.812134268211,0.45880638084,36.962542041,239,
66.0,0.36,0.178173170325,-954.0,0.266436952943,0.271189574061,0.912622346413,0.504502360344,58.6612047446,239,
72.0,0.36,0.142647241834,-954.0,0.221301434876,0.229867136708,0.862239515227,0.543596492709,49.1604415016,239,
78.0,0.36,0.142127160945,78.0,0.252750257519,0.260223166403,0.871315595183,0.522981842795,49.3658934822,239,
84.0,0.36,0.084252680228,30.0,0.196510838935,0.203002365544,0.910332126142,0.609270162678,58.3524110653,239,
90.0,0.36,0.10219315947,30.0,0.188706672747,0.19593039246,0.906609866164,0.625280085576,56.8920982926,239,
96.0,0.36,0.102585590343,-954.0,0.181043654553,0.1880705592,0.909137446925,0.627016382297,58.3501646144,239,
102.0,0.36,0.113331888475,-954.0,0.194500621943,0.204814772095,0.862314156685,0.600425769338,47.5161572311,239,
108.0,0.36,nan,nan,nan,nan,nan,nan,nan,0,
114.0,0.36,0.11109660294,108.0,0.179597167253,0.196956783505,0.827046963719,0.636071793698,34.0716238049,239,
120.0,0.36,0.189101973644,180.0,0.253200399234,0.268592791164,0.792399107553,0.517611125423,26.9212727778,239,
126.0,0.36,0.239216610797,132.0,0.288396681465,0.304463013662,0.787024903739,0.481989656836,20.4164974172,239,
