LeadTime (HRS), obsMax (m MSL), Peak (m), PLag (min), Bias(m), RMSD (m), RVal, Skil, VExp (%), nPts,
-0.0,1.759,0.350664759526,18.0,0.112520117422,0.173572123508,0.998420329495,0.996306974983,90.3880458424,239,
6.0,1.759,0.157616516159,0.0,-0.0845568569583,0.155162348824,0.998623638741,0.99704563312,90.5311182721,240,
12.0,1.759,0.354294311814,0.0,0.146104871062,0.194442727368,0.999348362956,0.995405778708,90.6618544327,240,
18.0,1.759,0.258771366181,0.0,0.0454633786681,0.140498998077,0.999349212269,0.997603934522,90.3242690317,240,
24.0,1.759,0.336274474456,-6.0,0.125893781489,0.184053560986,0.999250246141,0.995894326533,90.228001995,240,
30.0,1.759,0.150369189536,0.0,-0.0604513917477,0.149052560922,0.999142598502,0.997303888509,90.0838320804,240,
36.0,1.759,0.352162528171,0.0,0.175213640854,0.216564920803,0.999275962207,0.994297945363,90.7361215599,240,
42.0,1.759,0.27513983287,0.0,0.0915245137546,0.157147361579,0.999304340941,0.996991341151,90.7024417701,240,
48.0,1.759,0.332407914792,0.0,0.141281577982,0.189334089388,0.999329081121,0.995634725647,90.8262310915,240,
54.0,1.759,0.167962746528,0.0,-0.0235765759069,0.133348247816,0.999165115302,0.997833535334,90.447457036,240,
60.0,1.759,0.384667515388,0.0,0.1909025963,0.228832244359,0.999214729742,0.993627745427,90.8165693239,240,
66.0,1.759,0.345855877084,0.0,0.165237729574,0.209454030625,0.999223852269,0.994666343358,90.631796608,240,
72.0,1.759,0.382417943698,6.0,0.192420597161,0.231219844734,0.999329089159,0.99351418204,90.6687807606,240,
78.0,1.759,0.268997115358,6.0,0.0820948070011,0.155347373369,0.999334560699,0.997069596003,90.4011679352,240,
84.0,1.759,0.519004533014,6.0,0.329839416581,0.354639251934,0.999384433971,0.984913786644,90.5172916569,240,
90.0,1.759,0.54754009807,6.0,0.382497957635,0.399981442743,0.99951167245,0.980742750011,91.4870811005,240,
96.0,1.759,0.569476714264,6.0,0.396374772772,0.414507288021,0.999583304952,0.979431386327,91.1745693329,240,
102.0,1.759,0.527874725641,6.0,0.337391118539,0.361030259949,0.99943929474,0.984364671353,90.6480398608,240,
108.0,1.759,0.677424752656,0.0,0.502094185187,0.516262886991,0.999407053342,0.968379117115,91.2573496957,240,
114.0,1.759,0.801354967152,0.0,0.60077440866,0.613723781579,0.999432795346,0.956100267481,90.8725210415,240,
120.0,1.759,0.710296569366,0.0,0.52055712187,0.534049914407,0.999564399538,0.966288570559,91.3179098867,240,
126.0,1.759,0.721966528238,6.0,0.534831299092,0.547953653653,0.999660720376,0.96461821558,91.3242900227,240,
