LeadTime (HRS), obsMax (m MSL), Peak (m), PLag (min), Bias(m), RMSD (m), RVal, Skil, VExp (%), nPts,
-0.0,0.68,0.294069988467,-36.0,0.142184668421,0.174621658758,0.98207275321,0.973641979934,81.1368995843,240,
6.0,0.68,0.227669191709,-12.0,0.13367131265,0.162910259346,0.984907040838,0.976882833493,82.6869201078,239,
12.0,0.68,0.214763277954,-30.0,0.12028322855,0.151615874536,0.985229934158,0.979779568165,82.8397419886,239,
18.0,0.68,0.302998995915,-30.0,0.230064618702,0.242018258306,0.990286361267,0.950619720298,86.0337248738,239,
24.0,0.68,0.178317072103,-30.0,0.129137981274,0.146205046798,0.991867207117,0.98149250792,87.2550581005,239,
30.0,0.68,0.193937277863,0.0,0.151740237311,0.163184292083,0.993766460763,0.977180595133,88.8387047083,239,
36.0,0.68,0.179323616395,0.0,0.144268484873,0.15588963157,0.994050351443,0.978961950812,89.0195300599,239,
42.0,0.68,0.301026136511,0.0,0.27264421449,0.278740068711,0.994380662602,0.93571485997,89.2213128303,239,
48.0,0.68,nan,nan,nan,nan,nan,nan,nan,0,
54.0,0.68,0.243222716254,-12.0,0.21977304409,0.228710082852,0.993715407526,0.954763199144,88.2144327244,239,
60.0,0.68,0.18721173926,-12.0,0.176585426888,0.187814604363,0.994073537658,0.968638801469,88.0918638353,239,
66.0,0.68,0.346200016155,-6.0,0.330510114854,0.338534410077,0.993111937896,0.903373367895,86.36008776,239,
72.0,0.68,0.248178369148,0.0,0.206263593547,0.215093324151,0.994528027669,0.959501450652,88.6452021411,239,
78.0,0.68,0.309518795152,-6.0,0.25278945429,0.259320910305,0.994434329906,0.943568085061,89.2336770633,239,
84.0,0.68,0.189137712656,-6.0,0.155971028456,0.163213273001,0.996097416095,0.977010610436,91.0496922074,239,
90.0,0.68,0.332005003624,-6.0,0.277921534122,0.283289829331,0.995076110007,0.933396321787,89.7820907911,239,
96.0,0.68,0.212755121752,-6.0,0.163088333575,0.170282456446,0.995842080118,0.975482095806,90.8833913127,239,
102.0,0.68,0.243011306236,-6.0,0.21108877236,0.215958933229,0.996445623142,0.960731654287,91.5103367063,239,
108.0,0.68,0.143330876269,-6.0,0.109924650743,0.118464029583,0.996621580437,0.987893618569,91.7788789235,239,
114.0,0.68,0.260579233147,-12.0,0.229039560795,0.233597654495,0.996415472688,0.954317901063,91.4514486804,239,
120.0,0.68,0.152547313364,-6.0,0.104071609928,0.114822692032,0.995967427482,0.988517511516,90.9692476282,239,
126.0,0.68,0.164844583471,0.0,0.145061422093,0.151204756782,0.996846264053,0.980464199879,92.0581122852,239,
