LeadTime (HRS), obsMax (m MSL), Peak (m), PLag (min), Bias(m), RMSD (m), RVal, Skil, VExp (%), nPts,
-0.0,0.464,0.230327388173,-1182.0,0.222660303851,0.245443191596,0.782434102078,0.581442199583,21.3908048621,240,
6.0,0.464,0.260495029714,60.0,0.259171029042,0.277713047739,0.789422305979,0.526656435085,24.1793473244,239,
12.0,0.464,0.187481513804,72.0,0.207424797482,0.22421276536,0.814458094943,0.599142526279,35.3114479769,239,
18.0,0.464,0.166584682097,48.0,0.186821526888,0.206493508591,0.801621475504,0.628701382418,33.1559000837,239,
24.0,0.464,0.13161668049,-462.0,0.18492968965,0.198081803816,0.845743394496,0.621890810207,46.0647820866,239,
30.0,0.464,0.132617230587,-474.0,0.197099331839,0.210197834553,0.841748292512,0.607098001659,44.4945956246,239,
36.0,0.464,0.23296489067,-492.0,0.316921085492,0.325632636142,0.825862822085,0.452551684841,43.1446674459,239,
42.0,0.464,0.259782392105,-474.0,0.351003814942,0.36089175526,0.773288793918,0.415333702716,36.2427153128,239,
48.0,0.464,nan,nan,nan,nan,nan,nan,nan,0,
54.0,0.464,0.333871710531,108.0,0.402663442673,0.411482837277,0.787869818705,0.386872780992,35.7939315055,239,
60.0,0.464,0.317859595766,120.0,0.333592464468,0.349868131101,0.689772276275,0.42016231013,20.0843930331,239,
66.0,0.464,0.306853982728,-1188.0,0.337746794708,0.347059578999,0.803008900014,0.430940293593,39.4897234521,239,
72.0,0.464,0.219527409226,-1188.0,0.272890437508,0.284903137026,0.79876918775,0.489613868702,37.9756060237,239,
78.0,0.464,0.150409513859,-1188.0,0.210883885345,0.221371427328,0.864545755583,0.59315366819,48.9832844796,239,
84.0,0.464,0.126485153901,-1188.0,0.198610801134,0.213459827011,0.808492186199,0.584071351089,40.7292693525,239,
90.0,0.464,0.165790170824,-468.0,0.214694022677,0.227874353044,0.832248721181,0.581838537935,42.12929063,239,
96.0,0.464,0.10885020683,-1188.0,0.154155546385,0.173116346047,0.81287990299,0.677083935902,40.3118459706,239,
102.0,0.464,0.149556099646,-1188.0,0.152479023926,0.186518446454,0.677050446738,0.628181099604,18.6055506017,239,
108.0,0.464,0.201540203942,-1188.0,0.191043728683,0.211897414751,0.746848649256,0.581522335039,30.5427327952,239,
114.0,0.464,0.143237356166,-468.0,0.18348930929,0.201543497512,0.803673003027,0.627972511944,36.8252808929,239,
120.0,0.464,0.197153987494,114.0,0.220214151408,0.244643463927,0.795741863188,0.593494960471,19.2539908286,239,
126.0,0.464,0.203198701239,-426.0,0.240744217719,0.258203934666,0.820085827912,0.562927438933,29.2784488109,239,
