LeadTime (HRS), obsMax (m MSL), Peak (m), PLag (min), Bias(m), RMSD (m), RVal, Skil, VExp (%), nPts,
-0.0,0.234,0.166642172577,30.0,0.141430982586,0.144077366031,0.978658506633,0.766412068777,77.7207274397,240,
6.0,0.234,0.134807793354,36.0,0.125368992452,0.128658779355,0.974885772776,0.798101476482,76.6173390136,239,
12.0,0.234,0.121793165024,30.0,0.102544442299,0.105507917029,0.983913689227,0.855726119377,79.9157144814,239,
18.0,0.234,0.12114504489,36.0,0.105182450733,0.108293790638,0.981836077223,0.848374357842,79.1542294416,239,
24.0,0.234,0.10478998148,42.0,0.0856878463479,0.0896965110547,0.981330481151,0.890271484666,78.5530892683,239,
30.0,0.234,0.107354992334,36.0,0.0858510976942,0.0905225240213,0.977925933986,0.888489544109,76.782737137,239,
36.0,0.234,nan,nan,nan,nan,nan,nan,nan,0,
42.0,0.234,0.0836216484908,24.0,0.0585026965014,0.0652439055858,0.977762662051,0.938691169579,76.7000701246,239,
48.0,0.234,0.0482082459472,30.0,0.0300793228915,0.0419438182935,0.975288478186,0.973049873154,76.418048631,239,
54.0,0.234,0.0680364605535,30.0,0.0451240356958,0.0530417900015,0.978517088369,0.958160890402,77.5094411784,239,
60.0,0.234,0.0371173206598,24.0,0.0150980944334,0.0332995424969,0.974913293592,0.98291089077,76.056693612,239,
66.0,0.234,0.0393566741131,30.0,0.0214113688571,0.0378108278377,0.971656756677,0.977894886694,74.859373815,239,
72.0,0.234,0.0271778411886,30.0,0.00932368349699,0.0319748002555,0.972020008413,0.983945996338,75.3264899325,239,
78.0,0.234,0.0341280552429,30.0,0.0130249495046,0.0329071706422,0.973813552318,0.983268822317,75.6213433956,239,
84.0,0.234,0.0690924431645,30.0,0.0471108739169,0.0546183335774,0.978754189106,0.955705999782,77.7059788804,239,
90.0,0.234,0.0814546745139,30.0,0.064382277849,0.0695921395362,0.980553850483,0.930150261658,78.6870724148,239,
96.0,0.234,0.0847355584639,30.0,0.0641604203874,0.0697783693028,0.979048235966,0.92984323458,77.8710324491,239,
102.0,0.234,0.0848989258864,30.0,0.0709559252022,0.0767051739604,0.976001776561,0.916202807376,76.4951398015,239,
108.0,0.234,0.167239435097,36.0,0.151272552597,0.153739779371,0.979093557377,0.74798879375,77.869954445,239,
114.0,0.234,0.176731267361,42.0,0.161419652419,0.164052216242,0.976407893486,0.727218393582,76.386233904,239,
120.0,0.234,0.193854079561,42.0,0.185109769312,0.187209465936,0.977068681987,0.682997159951,77.4443635594,239,
126.0,0.234,0.171348187659,36.0,0.142600580722,0.144688150458,0.987194598491,0.77353541704,80.2048665084,240,
