LeadTime (HRS), obsMax (m MSL), Peak (m), PLag (min), Bias(m), RMSD (m), RVal, Skil, VExp (%), nPts,
-0.0,0.372,0.355615688904,-12.0,0.282219220164,0.296902561074,0.905606098555,0.653835255072,50.0769851962,240,
6.0,0.372,0.37181863806,-1320.0,0.287541869101,0.29984255128,0.918412691902,0.647478934103,53.7505879983,239,
12.0,0.372,0.294266559575,0.0,0.263562151969,0.27051082043,0.955464978311,0.686288006641,66.8539713865,239,
18.0,0.372,0.299553709174,-1350.0,0.286352077398,0.290169333062,0.974513695704,0.661626561021,74.4751176164,239,
24.0,0.372,0.304153369341,-6.0,0.280634922529,0.283408998711,0.982262172262,0.669991632618,78.4773343698,239,
30.0,0.372,0.325381919374,0.0,0.28352263946,0.285610548779,0.986787018043,0.666955603413,81.2438724512,239,
36.0,0.372,nan,nan,nan,nan,nan,nan,nan,0,
42.0,0.372,0.301333197752,-18.0,0.286976002121,0.288661694366,0.988722211378,0.661148839011,83.0120877775,239,
48.0,0.372,0.280900682056,-12.0,0.279166864425,0.28095436119,0.989429397919,0.674765916254,82.7440093035,239,
54.0,0.372,0.297191357828,-6.0,0.269366612913,0.27099401668,0.991005950839,0.68701520236,83.8279245618,239,
60.0,0.372,0.284044683817,-6.0,0.272126131651,0.273838347726,0.990190021066,0.68356547375,83.3260793769,239,
66.0,0.372,0.291880349326,-12.0,0.283850128059,0.285400435561,0.990393697732,0.666216975992,83.7991832544,239,
72.0,0.372,0.30036268016,0.0,0.277826753612,0.279577157585,0.990298716979,0.676886663605,82.96546034,239,
78.0,0.372,0.303318808335,-6.0,0.260085375789,0.261668610741,0.991377736875,0.699678392689,84.3259285157,239,
84.0,0.372,0.297366454765,-24.0,0.289606407068,0.291131474541,0.990168401458,0.658831720377,83.7702863342,239,
90.0,0.372,0.323009776834,-24.0,0.308300571927,0.309638090565,0.990893137333,0.634854477868,84.3217041265,239,
96.0,0.372,0.325746231661,-12.0,0.308657233164,0.309987277431,0.990682385624,0.633468595255,84.3566457518,239,
102.0,0.372,0.289409966754,6.0,0.28164529636,0.283048225236,0.990739141964,0.668649830477,84.6502792047,239,
108.0,0.372,0.303570119994,6.0,0.307388531827,0.308701332717,0.989945516452,0.631553286131,84.4905029728,239,
114.0,0.372,0.336347774451,-12.0,0.326660681942,0.328043156434,0.991156543244,0.615704356036,83.593072552,239,
120.0,0.372,0.334340667258,6.0,0.33057314232,0.331687208984,0.992575539493,0.609345199619,85.1868910321,239,
126.0,0.372,0.278614883878,0.0,0.29147321901,0.292840836299,0.991747803155,0.65870022833,84.6465928913,240,
