LeadTime (HRS), obsMax (m MSL), Peak (m), PLag (min), Bias(m), RMSD (m), RVal, Skil, VExp (%), nPts,
-0.0,0.6,0.142021317273,12.0,0.0811759610536,0.0994111619693,0.976028391516,0.957554497285,74.7115790431,240,
6.0,0.6,0.13962514704,12.0,0.114442587786,0.126000778212,0.977732363785,0.93254162585,76.7978698933,239,
12.0,0.6,0.0725485997626,18.0,0.0471523866716,0.067106339281,0.983148202177,0.980036274447,78.9846952449,239,
18.0,0.6,0.071139639557,6.0,0.0554838084352,0.0729362125786,0.983180681266,0.976447009227,79.1637032242,239,
24.0,0.6,0.0375992427736,12.0,0.0249083325896,0.0527269204431,0.984096879701,0.987564596181,79.5462208613,239,
30.0,0.6,0.0575677194475,0.0,0.0463123231335,0.0668783278232,0.98175439884,0.979948936719,78.7647792725,239,
36.0,0.6,nan,nan,nan,nan,nan,nan,nan,0,
42.0,0.6,0.0264926007618,0.0,0.050726828181,0.0768911048392,0.969038245049,0.972437361465,74.8077022492,239,
48.0,0.6,0.0158407239724,6.0,0.0408684275725,0.0761596608291,0.961531605533,0.972676645439,71.9820707502,239,
54.0,0.6,0.0457045495661,6.0,0.0545845969229,0.078211293323,0.971592287643,0.971922645979,75.5796784068,239,
60.0,0.6,0.0811586709892,6.0,0.0770738339,0.0953436582559,0.97209542447,0.959295650198,75.5310457358,239,
66.0,0.6,0.133006784042,-6.0,0.083878250167,0.0990945493765,0.977929973218,0.957651826757,76.9958946708,239,
72.0,0.6,0.100735593826,6.0,0.0812121739915,0.0933317481345,0.982726872219,0.961927725038,79.9481888168,239,
78.0,0.6,0.134232716816,-6.0,0.0932309114516,0.104004376087,0.98480023722,0.954343478269,79.9031697058,239,
84.0,0.6,0.0573103357817,6.0,-0.00875903952249,0.0722796520862,0.960138279144,0.97708561065,68.7204057934,239,
90.0,0.6,0.0390089996633,6.0,-0.00878218083889,0.0651015379466,0.966172143252,0.981060381489,71.8770562099,239,
96.0,0.6,0.0683269257562,0.0,-0.0283181465945,0.0654743390589,0.976241148498,0.981666947942,74.2630436579,239,
102.0,0.6,0.141733687793,-12.0,0.0157378911575,0.0693028109329,0.976350428425,0.980518821975,70.5753565449,239,
108.0,0.6,0.0637549486478,6.0,0.0466861376205,0.0675333566488,0.982339033549,0.980086855741,78.7258732568,239,
114.0,0.6,-0.00412740062719,6.0,0.0364626767771,0.0786089876773,0.953695637275,0.970106189258,69.6386175887,239,
120.0,0.6,-0.00500138091851,0.0,-0.0141658400052,0.0553428837879,0.976692579836,0.986253786676,76.6759050537,239,
126.0,0.6,-0.144590144436,18.0,-0.0299887175904,0.13260341711,0.836058613433,0.906906831002,43.589336231,240,
