LeadTime (HRS), obsMax (m MSL), Peak (m), PLag (min), Bias(m), RMSD (m), RVal, Skil, VExp (%), nPts,
-0.0,1.283,0.510418187357,-774.0,0.483537253534,0.578876950956,0.910275521947,0.864181390993,58.1402585977,240,
6.0,1.283,0.376788741778,-774.0,0.391240285808,0.519928440237,0.894406068141,0.88283792693,54.9211795602,239,
12.0,1.283,0.473958800131,-780.0,0.490482972428,0.581484363727,0.912958832492,0.862342602199,58.8832625357,239,
18.0,1.283,0.394444651787,-780.0,0.430276101164,0.537326320289,0.906976095664,0.877688147675,57.6312054144,239,
24.0,1.283,0.463329463855,-774.0,0.503280307177,0.577042417888,0.928969824309,0.865520256071,62.8381540746,239,
30.0,1.283,0.383503296862,-30.0,0.426942653142,0.526649544949,0.914762837974,0.882643954506,59.4073140939,239,
36.0,1.283,nan,nan,nan,nan,nan,nan,nan,0,
42.0,1.283,0.324779966821,-786.0,0.3523627032,0.509763978304,0.876404898034,0.88248467582,51.5693209302,239,
48.0,1.283,0.389189965733,-786.0,0.395189085204,0.516232710646,0.90029196756,0.883013603713,56.3321752243,239,
54.0,1.283,0.339364643729,-780.0,0.348351810746,0.488554064346,0.893275630522,0.891515959063,54.9653597361,239,
60.0,1.283,0.408926758961,-780.0,0.405587546772,0.533790108158,0.891044323021,0.875626168688,54.3753699329,239,
66.0,1.283,0.422967060449,-780.0,0.391060490995,0.516894849398,0.897560766049,0.884568415543,55.5611557288,239,
72.0,1.283,0.449960678562,-768.0,0.440314206759,0.54585219881,0.906782252672,0.874490563846,57.5858851639,239,
78.0,1.283,0.494996650932,-774.0,0.468910349885,0.556562407202,0.92028202235,0.873480179416,60.583867147,239,
84.0,1.283,0.46757892705,-768.0,0.405347388737,0.524540750087,0.90099611182,0.882489662691,56.23042999,239,
90.0,1.283,0.435057690232,-774.0,0.405760453507,0.5400475151,0.886707549644,0.875781555134,53.1456991089,239,
96.0,1.283,0.305407422998,-792.0,0.34189483588,0.515165337286,0.864002818664,0.878303665481,49.3360710925,239,
102.0,1.283,0.454959981953,-768.0,0.439766139742,0.542856158317,0.909816021084,0.877081517082,58.1560659556,239,
108.0,1.283,0.318911236754,-786.0,0.338970986166,0.47954987238,0.895722175067,0.896235491933,55.4029823456,239,
114.0,1.283,0.335577444093,-786.0,0.341766662931,0.491756974092,0.88654254931,0.890872931245,53.5140773262,239,
120.0,1.283,0.275618709178,-786.0,0.260586147435,0.456053882701,0.871517816239,0.900875423719,50.7938977603,239,
126.0,1.283,0.3762472787,-786.0,0.362289801616,0.50679064218,0.886095274759,0.884974525702,53.4420241261,240,
