LeadTime (HRS), obsMax (m MSL), Peak (m), PLag (min), Bias(m), RMSD (m), RVal, Skil, VExp (%), nPts,
-0.0,2.98,0.577262598468,-12.0,0.295961593587,0.344606696508,0.998271746977,0.992392955871,90.7294244595,239,
6.0,2.98,0.528084609814,-18.0,0.273103502439,0.322485423213,0.998297492564,0.993289256705,90.9762595872,240,
12.0,2.98,0.598439880955,-12.0,0.371046008,0.406956855054,0.998338352956,0.989333773689,91.2050632707,240,
18.0,2.98,0.392590352115,-6.0,0.161862682169,0.23496519636,0.998256459415,0.996420961713,91.0381732935,240,
24.0,2.98,0.464070146043,-12.0,0.238132472393,0.296391485004,0.99822072348,0.994336661384,90.7147319689,240,
30.0,2.98,0.15864796625,-6.0,-0.0289689823031,0.160279045864,0.998374966222,0.998320532921,91.7054279373,240,
36.0,2.98,0.573376261408,-12.0,0.341880112673,0.381326016405,0.998380010377,0.990638698633,91.1128747368,240,
42.0,2.98,0.29196445015,-6.0,0.0567404390744,0.17829087845,0.998467435899,0.997941167543,91.1065466496,240,
48.0,2.98,0.617771937328,-6.0,0.347485832429,0.387561433583,0.998546408798,0.990373830734,90.9691848389,240,
54.0,2.98,0.183556421143,-6.0,-0.0620632426634,0.181655015367,0.998477662492,0.997865555578,91.0169465935,240,
60.0,2.98,0.687408782322,-6.0,0.427641480574,0.4601859645,0.998527892503,0.986466110507,91.0559900258,240,
66.0,2.98,0.347607244545,0.0,0.108628228064,0.196078138763,0.998517474805,0.997503804246,91.41085871,240,
72.0,2.98,0.898724488636,-6.0,0.608572705961,0.634244133672,0.998251314764,0.974646781725,90.6015145569,240,
78.0,2.98,0.360734921319,0.0,0.105446897803,0.197699252603,0.998338987418,0.997461745742,91.2007824271,240,
84.0,2.98,0.799775566774,0.0,0.581592524178,0.604947558026,0.998131888966,0.976656699053,91.2408743857,240,
90.0,2.98,0.39477395586,0.0,0.227373365121,0.281144571239,0.998072570333,0.994851189851,91.2992372972,240,
96.0,2.98,1.00841187404,0.0,0.815413025643,0.831470692817,0.998062290638,0.956697159856,91.4433850054,240,
102.0,2.98,0.601230461142,-6.0,0.390852530639,0.421955579813,0.998244499224,0.988461662523,91.6338664116,240,
108.0,2.98,0.932206900178,0.0,0.783024133715,0.798779083212,0.997945667534,0.9596702633,91.6935772174,240,
114.0,2.98,0.685834631799,0.0,0.509780632977,0.535788786803,0.997931888064,0.981508261717,91.3231818364,240,
120.0,2.98,1.27451301516,0.0,1.09433855841,1.10729700948,0.997721066299,0.925822557959,91.1125215575,240,
126.0,2.98,0.942477362089,0.0,0.781298551328,0.799898635102,0.997595838588,0.95971490112,90.9764014902,240,
