LeadTime (HRS), obsMax (m MSL), Peak (m), PLag (min), Bias(m), RMSD (m), RVal, Skil, VExp (%), nPts,
-0.0,0.529,0.345665957702,-30.0,0.310011865982,0.318267628714,0.98767072843,0.876216667287,82.3649600969,240,
6.0,0.529,0.420482744277,-24.0,0.415087714648,0.420233881329,0.990110136262,0.806114645435,83.9666504867,239,
12.0,0.529,0.438659574291,-24.0,0.443312258566,0.446548981794,0.993490682757,0.786500026796,86.8759037019,239,
18.0,0.529,0.404635832045,-18.0,0.404010759162,0.406612225546,0.995133989742,0.813611387316,88.7701476326,239,
24.0,0.529,0.353143215067,42.0,0.376617621026,0.379399888319,0.994836224781,0.832130517694,88.7844433609,239,
30.0,0.529,nan,nan,nan,nan,nan,nan,nan,0,
36.0,0.529,0.368906942857,-12.0,0.398504159855,0.400981993744,0.994707868683,0.815171646002,89.110274094,239,
42.0,0.529,0.323346468312,-18.0,0.346672164331,0.349281780146,0.994873787258,0.850722874994,89.5731309494,239,
48.0,0.529,0.291664651797,-6.0,0.308629922602,0.310614247757,0.996610050314,0.877674217984,91.4234472419,239,
54.0,0.529,0.352624840491,-6.0,0.358948721855,0.360596242969,0.996860440382,0.843475114429,91.5759711627,239,
60.0,0.529,0.367353389013,-6.0,0.305687080228,0.308426260972,0.99759275479,0.883774872018,89.9651706276,239,
66.0,0.529,0.262217339381,-12.0,0.248670157365,0.250465452231,0.998025729468,0.917418525421,92.6759288783,239,
72.0,0.529,0.226417339292,-6.0,0.20100559312,0.203133198615,0.998237441403,0.944059515792,92.8255898314,239,
78.0,0.529,0.245035751195,-6.0,0.200288661623,0.203117169284,0.99817825221,0.944855089804,91.7353370563,239,
84.0,0.529,0.317063557002,6.0,0.284343134011,0.286384315964,0.998132899942,0.896735973449,91.6491511761,239,
90.0,0.529,0.276720062603,42.0,0.243536316783,0.245886443443,0.998745648861,0.922117285588,91.702197442,239,
96.0,0.529,0.20389821291,-54.0,0.210922725376,0.213971679388,0.997648548047,0.939109736911,91.1937436383,239,
102.0,0.529,0.293384949411,0.0,0.270830303208,0.272271745751,0.998162788398,0.903668212999,93.15434876,239,
108.0,0.529,0.334402595037,-54.0,0.352457657246,0.353616233084,0.997687075096,0.847225253483,93.0021812302,239,
114.0,0.529,0.292312040469,18.0,0.31672079829,0.318045275483,0.997522891141,0.871218655636,92.9057828649,239,
120.0,0.529,0.3089501249,12.0,0.344061904831,0.346043116806,0.99607843597,0.847669759092,90.941419218,240,
126.0,0.529,0.385840742281,6.0,0.402848090002,0.40403048366,0.997227076359,0.810735367746,92.4466324499,239,
