LeadTime (HRS), obsMax (m MSL), Peak (m), PLag (min), Bias(m), RMSD (m), RVal, Skil, VExp (%), nPts,
-0.0,0.578,0.000120966127461,6.0,0.0435363211665,0.168963746226,0.909284630994,0.908584204698,52.0092422929,240,
6.0,0.578,-0.061049114462,0.0,-0.0174263752497,0.167057727317,0.902402411691,0.910846423515,51.2620280565,239,
12.0,0.578,-0.0371897773264,54.0,0.095978668795,0.179190726011,0.934508593325,0.901689448934,55.6115609144,239,
18.0,0.578,-0.0371186747686,42.0,0.0901891728544,0.175285513471,0.935955624963,0.905843777467,55.9096364347,239,
24.0,0.578,0.00539815135415,42.0,0.130424948132,0.201573175667,0.932239411949,0.878710385589,54.915574817,239,
30.0,0.578,nan,nan,nan,nan,nan,nan,nan,0,
36.0,0.578,0.185627825715,18.0,0.252076225652,0.297108843567,0.923402354119,0.780958221292,53.9231905683,239,
42.0,0.578,0.207099179651,30.0,0.251767806117,0.294947346077,0.929503035863,0.784163056328,54.9827458458,239,
48.0,0.578,0.274650845541,24.0,0.308991417513,0.344845298789,0.929295934316,0.739704318952,55.1396992139,239,
54.0,0.578,0.197472937396,30.0,0.25703523728,0.297199328724,0.940240410057,0.782336312515,56.2855298967,239,
60.0,0.578,0.119228109345,30.0,0.179296440404,0.237101419238,0.933075038569,0.840074416389,54.5434670497,239,
66.0,0.578,0.0594122370546,30.0,0.130507931243,0.210801711163,0.915746317982,0.863917087228,51.4963220898,239,
72.0,0.578,0.053704575755,24.0,0.146827658025,0.214839723202,0.930866075529,0.863069713705,54.0477170195,239,
78.0,0.578,-0.0233954675984,24.0,0.0670877251543,0.172530270343,0.931039057699,0.90406877737,53.4277632673,239,
84.0,0.578,-0.0961735330691,36.0,-0.00726304230556,0.17014133415,0.911268733554,0.902881939611,50.194969717,239,
90.0,0.578,-0.165284146079,48.0,-0.0393402423809,0.162789763846,0.933082447094,0.913639628084,53.7172089553,239,
96.0,0.578,-0.137526985637,42.0,0.0127575355746,0.151188475153,0.942470019122,0.92655198832,55.8605974143,239,
102.0,0.578,-0.20425060103,30.0,-0.0856913783547,0.18008435305,0.934160104076,0.896356727528,53.5926319987,239,
108.0,0.578,0.0459325710507,54.0,0.156690645835,0.210894613436,0.950964726389,0.873146246084,58.6425243372,239,
114.0,0.578,0.0648420702765,66.0,0.153249620312,0.214354843612,0.939637491005,0.866083558167,56.0874156771,239,
120.0,0.578,0.187751377012,54.0,0.27041527839,0.313026397582,0.929665652218,0.763548065113,53.7058836561,240,
126.0,0.578,0.18440056377,48.0,0.260459125936,0.311397892002,0.907367850281,0.756322440333,49.9338014452,239,
