LeadTime (HRS), obsMax (m MSL), Peak (m), PLag (min), Bias(m), RMSD (m), RVal, Skil, VExp (%), nPts,
-0.0,0.29,0.0659042045122,108.0,0.216270053509,0.256636996929,0.800599642832,0.533927188669,23.8835755607,213,
6.0,0.29,0.0650748916154,66.0,0.220821409165,0.262462401181,0.778147666854,0.521866923184,21.8503816398,212,
12.0,0.29,0.0234031170129,48.0,0.188427081804,0.236811629296,0.700698852032,0.537038959822,17.2264778676,212,
18.0,0.29,0.0300465439163,54.0,0.185433230981,0.232728469957,0.715257089517,0.546233159839,18.800979074,212,
24.0,0.29,0.0316719557177,84.0,0.191624604218,0.238600546533,0.697646757405,0.539647483263,18.2224175674,212,
30.0,0.29,nan,nan,nan,nan,nan,nan,nan,0,
36.0,0.29,-0.0391379407229,24.0,0.159557065208,0.220336103159,0.646715445476,0.514283180486,9.37242296047,212,
42.0,0.29,-0.0366653352675,90.0,0.160487180715,0.220643663354,0.661047880517,0.514502473877,9.91581868168,212,
48.0,0.29,-0.0378473522529,96.0,0.156660104179,0.217294470485,0.670429318345,0.519694635503,10.7197109046,212,
54.0,0.29,-0.0378663436901,48.0,0.156067901681,0.216326200656,0.673818372597,0.523563920834,11.2289255619,212,
60.0,0.29,0.00194014139091,-6.0,0.177483769168,0.229004350111,0.715680874556,0.538254244487,16.2207233542,212,
66.0,0.29,0.00508962103057,96.0,0.175677354205,0.226554206511,0.730913536002,0.543584667874,16.9990988231,212,
72.0,0.29,0.00794445875295,72.0,0.174550959075,0.224671557097,0.758006479264,0.548914097115,18.5955795322,212,
78.0,0.29,0.0351575564536,36.0,0.19049337754,0.236861077441,0.755925771287,0.543901044102,19.931838578,212,
84.0,0.29,0.0388817799754,24.0,0.187626495592,0.230365617524,0.827535970479,0.563445272857,25.6663014734,212,
90.0,0.29,0.0649913409623,-60.0,0.201266820581,0.240477484999,0.817489134195,0.564056573558,28.7483052789,212,
96.0,0.29,0.0829165689061,18.0,0.214607404661,0.251333144376,0.821500051723,0.559299184595,31.2125135703,212,
102.0,0.29,0.0913141667099,114.0,0.228863920401,0.266973819363,0.744996222789,0.535377194791,25.4141167776,212,
108.0,0.29,0.0362948066602,138.0,0.198515990915,0.246468021148,0.626191396956,0.531792201292,16.8662616802,212,
114.0,0.29,-0.00641539454843,234.0,0.181215277381,0.23476350626,0.618707968373,0.517678456784,11.5846012573,212,
120.0,0.29,-0.0400975000623,114.0,0.162094985059,0.220942633225,0.694108560398,0.516463613322,10.2962944983,213,
126.0,0.29,-0.0392009288072,192.0,0.162529804158,0.222171222501,0.670558896988,0.509238802198,8.90188143128,212,
