LeadTime (HRS), obsMax (m MSL), Peak (m), PLag (min), Bias(m), RMSD (m), RVal, Skil, VExp (%), nPts,
-0.0,0.481,-0.35940698292,-6.0,-0.334148354381,0.34019380667,0.975788431821,0.689524559644,73.9464230147,240,
6.0,0.481,-0.338638622783,0.0,-0.313592312902,0.319146953404,0.97852294413,0.713697215647,75.7268284739,239,
12.0,0.481,-0.373548447442,0.0,-0.397524228881,0.401899582548,0.975408288582,0.64033828813,75.7851783323,239,
18.0,0.481,-0.386868550885,0.0,-0.437040257499,0.440804482863,0.976059546212,0.610988316805,76.4639912226,239,
24.0,0.481,-0.426014014226,-18.0,-0.451592864234,0.456011517233,0.969605427468,0.598494993849,74.0713805398,239,
30.0,0.481,nan,nan,nan,nan,nan,nan,nan,0,
36.0,0.481,-0.191251111149,0.0,-0.220434862897,0.22761393428,0.97547466389,0.819353149899,76.6679774735,239,
42.0,0.481,-0.17475399638,0.0,-0.221675327504,0.227739712775,0.978637786312,0.82197646309,78.5230410643,239,
48.0,0.481,-0.137275257754,0.0,-0.163241973264,0.171862834212,0.976276443433,0.88623554827,77.8883453585,239,
54.0,0.481,-0.0479720309534,0.0,-0.0781136041169,0.0948728449155,0.975986408932,0.960287703655,77.8492311181,239,
60.0,0.481,-0.0302456374725,0.0,-0.0428538299225,0.0723021889702,0.972935173244,0.975719917032,76.0431637564,239,
66.0,0.481,-0.0771996083101,0.0,-0.0780408380239,0.0952745875049,0.979556293673,0.957625354899,77.5164911301,239,
72.0,0.481,-0.124979319587,0.0,-0.106210821917,0.121151747213,0.984327985007,0.929714384442,76.0225041503,239,
78.0,0.481,-0.0850233951904,0.0,-0.0841577239515,0.0981908497341,0.984795911308,0.954804461317,79.1894294271,239,
84.0,0.481,-0.283139654469,0.0,-0.188211765313,0.200084936804,0.977197369016,0.834879958641,72.0667920417,239,
90.0,0.481,-0.248664112653,0.0,-0.190102093916,0.19706494073,0.987227471965,0.847267384941,78.6401499412,239,
96.0,0.481,-0.219186233216,0.0,-0.190986961203,0.195628097931,0.987711903299,0.856879061452,82.5736208862,239,
102.0,0.481,-0.217893173394,0.0,-0.245608861256,0.249483501259,0.986381381782,0.798180468654,81.9816762611,239,
108.0,0.481,-0.224119662495,0.0,-0.1626513803,0.173179096318,0.985974763546,0.870587249033,75.5385201552,239,
114.0,0.481,-0.233147673126,0.0,-0.179635581024,0.189208827272,0.985421558104,0.852661712929,75.5540561212,239,
120.0,0.481,-0.228028778816,0.0,-0.173879974779,0.185710962259,0.979422533838,0.855669228947,73.2570259164,240,
126.0,0.481,-0.24572697449,0.0,-0.183604220411,0.19243777609,0.991325111313,0.848099202492,76.4021680735,239,
