LeadTime (HRS), obsMax (m MSL), Peak (m), PLag (min), Bias(m), RMSD (m), RVal, Skil, VExp (%), nPts,
-0.0,0.413,-0.0465976800552,312.0,-0.129046012272,0.154515668115,0.921314722447,0.47848750523,0.0,239,
6.0,0.413,-0.0373767632559,324.0,-0.127071029369,0.15376194032,0.91158628073,0.480721382568,0.0,240,
12.0,0.413,-0.0267753165768,318.0,-0.111383596507,0.144273903072,0.90190781193,0.505633862448,0.0,240,
18.0,0.413,-0.00845764615624,348.0,-0.10773831444,0.142171057245,0.882075258307,0.510796030944,0.0,240,
24.0,0.413,-0.0331380745564,318.0,-0.120920929971,0.148963422784,0.908382009977,0.492290260518,0.0,240,
30.0,0.413,-0.0435920021598,318.0,-0.136957527708,0.160367326549,0.921950158265,0.468447277823,0.0,240,
36.0,0.413,-0.0128963699957,306.0,-0.110322570761,0.147850105542,0.905913355474,0.50593357104,0.0,240,
42.0,0.413,-0.00353803878714,300.0,-0.109879149582,0.150691737031,0.872978349342,0.494922203692,0.0,240,
48.0,0.413,-0.00660346235455,282.0,-0.0998143051775,0.13718413068,0.917126043206,0.535271950891,0.0,240,
54.0,0.413,-0.010838704516,342.0,-0.111840240534,0.148915212981,0.882278114547,0.49921849223,0.0,240,
60.0,0.413,0.0317476326484,354.0,-0.0725858195803,0.119586188701,0.870421137604,0.583073930542,0.0,240,
66.0,0.413,0.0247985401628,372.0,-0.0935283356562,0.13867948965,0.887287194682,0.534746695881,0.0,240,
72.0,0.413,0.00103044958589,336.0,-0.0809955583232,0.119946989142,0.871324552561,0.570085546828,0.0,240,
78.0,0.413,0.00356608486935,348.0,-0.0970384198661,0.130568053875,0.87729084485,0.539255928774,0.0,240,
84.0,0.413,0.0278940844634,348.0,-0.0786649268154,0.122370651629,0.902950382902,0.581370381579,0.0,240,
90.0,0.413,0.0263428847258,330.0,-0.0884598727343,0.131789560577,0.90224083867,0.553969452427,0.0,240,
96.0,0.413,0.0193607083113,306.0,-0.0741057914101,0.121979853825,0.911056569257,0.589204444235,0.0,240,
102.0,0.413,0.0425723410123,342.0,-0.0649080402219,0.11739435682,0.875755166886,0.595901451387,0.0,240,
108.0,0.413,0.0817651911167,348.0,-0.0331634803382,0.101710869411,0.887391543368,0.662840668861,0.0,240,
114.0,0.413,0.0498732083589,330.0,-0.0440508757243,0.0999622490657,0.887258811422,0.65940523837,0.0,240,
120.0,0.413,0.0879746961937,342.0,-0.0355010488607,0.108881156679,0.919464582909,0.654550646739,0.0,240,
126.0,0.413,0.0802782995776,312.0,-0.024215496765,0.100996246383,0.920567343661,0.680448876525,0.0,240,
