LeadTime (HRS), obsMax (m MSL), Peak (m), PLag (min), Bias(m), RMSD (m), RVal, Skil, VExp (%), nPts,
-0.0,0.362,0.153054423414,-42.0,0.0935954600433,0.129892951506,0.409048022558,0.49844894283,0.0,55,
6.0,0.362,0.130338115931,-42.0,0.0691542021944,0.112336028895,0.416555427992,0.543773956295,0.0,55,
12.0,0.362,0.0696227266842,-120.0,0.0524345662774,0.0922224959368,0.525657714148,0.633094120683,10.8330702363,55,
18.0,0.362,0.199526896069,-120.0,0.193155347881,0.205631482345,0.587160966726,0.397418248252,17.0972858768,55,
24.0,0.362,0.191087726117,-114.0,0.170685327094,0.184602772705,0.591353696596,0.421475506778,17.3527478278,55,
30.0,0.362,0.102005665271,-114.0,0.0830357541887,0.108210150193,0.597980410966,0.594395474291,18.4481301212,55,
36.0,0.362,0.0191239153336,-114.0,0.0184059135018,0.0720849758525,0.584524624969,0.725989297366,18.0850424213,55,
42.0,0.362,0.119229729232,-114.0,0.131123723869,0.148954294704,0.571211871375,0.470624343082,16.9421933924,55,
48.0,0.362,0.0911546107107,-114.0,0.117556877554,0.136549054361,0.584498485211,0.492765784959,18.3505815286,55,
54.0,0.362,nan,nan,nan,nan,nan,nan,nan,0,
60.0,0.362,-0.0802870823317,-120.0,-0.0493154779302,0.0921241286566,0.525316247708,0.67905904043,14.4746130444,55,
66.0,0.362,-0.0129547718144,-120.0,0.0176533692087,0.0813207128362,0.501338051613,0.659824279793,12.7505165317,55,
72.0,0.362,-0.0103122097888,-120.0,0.0179479957724,0.0831222831253,0.474225281181,0.645437731881,10.7940883831,55,
78.0,0.362,-0.106086620459,-132.0,-0.0743229427678,0.10902053881,0.49961980936,0.64218468438,12.3350098276,55,
84.0,0.362,-0.156196668063,-126.0,-0.123655561409,0.146605955625,0.515019945913,0.572901064984,13.4372713048,55,
90.0,0.362,-0.120158986841,-144.0,-0.0893269161798,0.117253289942,0.555247620909,0.637240027479,16.5175118531,55,
96.0,0.362,-0.140651546796,-114.0,-0.103888231632,0.128824892122,0.550678112972,0.611145838797,16.2714939443,55,
102.0,0.362,-0.207695865827,-144.0,-0.176966338288,0.193673569835,0.515042621063,0.494387644067,13.5087659353,55,
108.0,0.362,-0.168283303844,-108.0,-0.13722110139,0.157717726425,0.528799690796,0.554236731094,14.5423568449,55,
114.0,0.362,-0.179927166018,-108.0,-0.145824937984,0.165020945403,0.535319940941,0.541055755329,15.0972469579,55,
120.0,0.362,-0.157092958213,-126.0,-0.121153136017,0.141252253357,0.602948372572,0.59609613479,20.1787313164,55,
126.0,0.362,-0.205676806545,-108.0,-0.170904139149,0.185578666994,0.607847085942,0.518919932701,20.5040286319,55,
