LeadTime (HRS), obsMax (m MSL), Peak (m), PLag (min), Bias(m), RMSD (m), RVal, Skil, VExp (%), nPts,
-0.0,1.1,-0.227747800626,12.0,-0.0789579704837,0.128584933393,0.97546394744,0.980147395825,78.5013169625,238,
6.0,1.1,-0.171573260634,12.0,-0.0363022872238,0.0960394795239,0.98152388457,0.988757435789,81.1401180181,237,
12.0,1.1,-0.187577723626,6.0,-0.0690010686759,0.109570115339,0.982606934359,0.985506555731,81.8019474639,237,
18.0,1.1,-0.192840725591,6.0,-0.0801551615408,0.112994335463,0.984550882933,0.984649779184,82.8903405836,237,
24.0,1.1,-0.197262364837,12.0,-0.0810783331542,0.116119089662,0.983058157036,0.983793126979,82.1684710152,237,
30.0,1.1,-0.198130494238,12.0,-0.0786125067444,0.111534839144,0.98529252124,0.984946340657,83.0114802539,237,
36.0,1.1,-0.185837115285,12.0,-0.0584762896106,0.104039699843,0.982054439873,0.986883283187,81.6375278683,237,
42.0,1.1,-0.204593913551,12.0,-0.0870424158037,0.122769967866,0.982387111468,0.98166357459,81.4193249168,237,
48.0,1.1,-0.1880170204,6.0,-0.0570928809559,0.104020233183,0.982441617629,0.986745430325,81.4519779967,237,
54.0,1.1,nan,nan,nan,nan,nan,nan,nan,0,
60.0,1.1,-0.159928155084,0.0,-0.031299674684,0.0819436668094,0.986212319136,0.991773671376,83.8357680813,237,
66.0,1.1,-0.20619928674,0.0,-0.0737885967563,0.105080122505,0.987300942306,0.986404166732,83.8772172493,237,
72.0,1.1,-0.160158871463,0.0,-0.0383189215315,0.0825999850642,0.987559251043,0.991618381833,84.3508102732,237,
78.0,1.1,-0.188966927522,0.0,-0.0716594117204,0.103620745046,0.986051972582,0.986941440199,83.84755224,237,
84.0,1.1,-0.170685665862,6.0,-0.0429397078937,0.085277592248,0.987833968028,0.991019707326,84.2188691523,237,
90.0,1.1,-0.243508959211,6.0,-0.110023541234,0.132070280174,0.987357298643,0.978774252092,84.066708888,237,
96.0,1.1,-0.176966297264,6.0,-0.056215887022,0.0918822879048,0.986977171213,0.989712225481,84.3722761051,237,
102.0,1.1,-0.236210162194,0.0,-0.112641300218,0.133476074954,0.987737873473,0.978357407859,84.3475161267,237,
108.0,1.1,-0.153562970895,6.0,-0.0373745567771,0.0791770561802,0.987987115887,0.992396146792,85.0483084385,237,
114.0,1.1,-0.214317554315,6.0,-0.0894266260514,0.116859933755,0.986041661019,0.983430290419,83.6869377095,237,
120.0,1.1,-0.144025556458,6.0,-0.0523337548561,0.086011149997,0.987881387161,0.991134853671,85.3076114896,237,
126.0,1.1,-0.188794872975,12.0,-0.0817967502984,0.110013611107,0.986540213665,0.985379953954,84.0746915995,237,
