LeadTime (HRS), obsMax (m MSL), Peak (m), PLag (min), Bias(m), RMSD (m), RVal, Skil, VExp (%), nPts,
-0.0,0.431,0.0658963063245,0.0,-0.100353050849,0.131752364907,0.797238124113,0.437230870364,0.0,239,
6.0,0.431,0.0324539015165,-6.0,-0.121273905583,0.143427816164,0.775282949611,0.382299839477,0.0,240,
12.0,0.431,-0.0350595729899,-24.0,-0.157094691328,0.172407958184,0.733392833697,0.30024617636,0.0,240,
18.0,0.431,-0.0220650616138,-36.0,-0.156550293239,0.173293523359,0.807295346119,0.318985297553,0.0,240,
24.0,0.431,0.0135216487825,-36.0,-0.128586524849,0.150532523006,0.869629542483,0.388656607579,0.0,240,
30.0,0.431,0.0245007292145,-18.0,-0.127741583738,0.149664579113,0.887541182376,0.397057427312,0.0,240,
36.0,0.431,-0.00945726885515,-54.0,-0.146247228835,0.16478782764,0.733635681843,0.325135689463,0.0,240,
42.0,0.431,-0.0266700970794,-60.0,-0.159829666012,0.174252036556,0.730000233008,0.301361882259,0.0,240,
48.0,0.431,0.025217055907,-42.0,-0.122812911432,0.146098214777,0.783875282529,0.384778160319,0.0,240,
54.0,0.431,-0.0233897466893,-84.0,-0.124180300053,0.137668765761,0.727055440345,0.371095800665,0.0,240,
60.0,0.431,-0.0648259776912,-108.0,-0.172985652884,0.186349456801,0.553907877878,0.264710858603,0.0,240,
66.0,0.431,-0.0672827865831,-102.0,-0.188430554467,0.203005055527,0.547548335245,0.24358304908,0.0,240,
72.0,0.431,-0.0495438679589,-96.0,-0.162469685391,0.1771348203,0.554323002783,0.275746444962,0.0,240,
78.0,0.431,-0.0805055702525,-120.0,-0.185927684291,0.198269412343,0.480409447199,0.245821123996,0.0,240,
84.0,0.431,-0.167044218813,-114.0,-0.278682883331,0.287671369689,0.491370013149,0.179786152973,0.0,240,
90.0,0.431,-0.182493990203,-126.0,-0.293952645758,0.304464954863,0.34525619782,0.16184557459,0.0,240,
96.0,0.431,-0.167076514466,-132.0,-0.274143242256,0.285034201254,0.334906085681,0.170538920128,0.0,240,
102.0,0.431,-0.18353487039,-138.0,-0.286574884612,0.296380911616,0.331842222194,0.16590213809,0.0,240,
108.0,0.431,-0.243973078294,-156.0,-0.348499089243,0.357375850469,0.221254584714,0.137120383714,0.0,240,
114.0,0.431,-0.26860088058,-150.0,-0.367655938554,0.374672372328,0.371052332182,0.136724385335,0.0,240,
120.0,0.431,-0.246952628054,-138.0,-0.343137477207,0.348960900696,0.478884148381,0.152250031969,0.0,240,
126.0,0.431,-0.231827775044,-120.0,-0.323085777241,0.328925542027,0.553739242862,0.163469430399,0.0,240,
