LeadTime (HRS), obsMax (m MSL), Peak (m), PLag (min), Bias(m), RMSD (m), RVal, Skil, VExp (%), nPts,
-0.0,2.491,1.60101652495,6.0,1.32257631378,1.33837270534,0.997859542234,0.89294427433,88.9024837938,239,
6.0,2.491,1.53299161917,0.0,1.31764994864,1.33373806839,0.998046792547,0.89363672583,88.8038749949,240,
12.0,2.491,1.71875422156,18.0,1.31568412411,1.3310965854,0.998606724701,0.894330216539,89.051025889,240,
18.0,2.491,1.6622789919,18.0,1.31776515152,1.33306341621,0.99848458802,0.893910235962,89.0833256417,240,
24.0,2.491,1.62081731486,18.0,1.31102276161,1.32540362054,0.998822471176,0.894976525865,89.4445030052,240,
30.0,2.491,1.62130885729,18.0,1.31674337045,1.33028356024,0.99892870305,0.894136754668,89.7371021831,240,
36.0,2.491,1.62749413334,18.0,1.3238117777,1.33772361939,0.998875368485,0.893197103412,89.568737227,240,
42.0,2.491,1.59982682949,18.0,1.31905297086,1.33278221719,0.998931600313,0.893858680761,89.6563203391,240,
48.0,2.491,1.60274909565,18.0,1.31791261039,1.33205673054,0.99886722981,0.894026959255,89.5048936893,240,
54.0,2.491,1.57809851678,18.0,1.30164726288,1.3152605354,0.998912193771,0.896180246728,89.7681555525,240,
60.0,2.491,1.60789507039,18.0,1.3046730927,1.31847030683,0.998854539,0.89573276213,89.6869964388,240,
66.0,2.491,1.56061438291,18.0,1.30018024753,1.31362517214,0.9989317266,0.896368539705,89.8376473455,240,
72.0,2.491,1.59375372612,18.0,1.32645291057,1.33967642475,0.998889403056,0.892671877641,89.8212956866,240,
78.0,2.491,1.57630948869,18.0,1.31437466337,1.32690603953,0.998975780416,0.894264940783,90.137543253,240,
84.0,2.491,1.57916445304,24.0,1.3358771571,1.34919142861,0.99873477108,0.89122081325,89.7502128858,240,
90.0,2.491,1.55007046839,24.0,1.32455311211,1.33691791976,0.998890766529,0.892731977018,90.1659366138,240,
96.0,2.491,1.54167419217,24.0,1.31982461945,1.33333028239,0.998765522342,0.89351577454,89.7383379977,240,
102.0,2.491,1.50515467457,18.0,1.2949926948,1.30827465335,0.998793110438,0.896880483854,89.9198058971,240,
108.0,2.491,1.50343454593,12.0,1.28152572057,1.29472258846,0.998908153496,0.898817526865,90.0044258916,240,
114.0,2.491,1.50664981494,12.0,1.27641413877,1.28939909293,0.998865904832,0.899414915479,90.1051052373,240,
120.0,2.491,1.4979763562,12.0,1.29868711387,1.31193092525,0.998794290209,0.896346097376,89.9200910355,240,
126.0,2.491,1.48295279462,18.0,1.25803808714,1.27082897146,0.998993072486,0.901979233612,90.2502891836,240,
