LeadTime (HRS), obsMax (m MSL), Peak (m), PLag (min), Bias(m), RMSD (m), RVal, Skil, VExp (%), nPts,
-0.0,3.569,-0.146951398272,6.0,0.567385103154,1.22053507656,0.92576152754,0.924951397507,58.0046851898,239,
6.0,3.569,-0.56355316212,6.0,0.264824060756,1.16511852777,0.922330056377,0.927534952836,55.87259126,240,
12.0,3.569,-0.0384328113324,6.0,0.741045333692,1.29818664285,0.931398537421,0.915326439087,58.5453902773,240,
18.0,3.569,-0.248789474751,6.0,0.532408289867,1.20193633903,0.930137601704,0.925801834469,58.0908432798,240,
24.0,3.569,0.0384756074246,6.0,0.797803370142,1.32003268354,0.9334511631,0.913364263569,59.0990282946,240,
30.0,3.569,-0.400576462295,0.0,0.369242655843,1.14987454023,0.928431568276,0.931173189546,57.6478348778,240,
36.0,3.569,0.120214955867,6.0,0.884682964669,1.37172253057,0.933541876177,0.907484010012,59.2293598422,240,
42.0,3.569,-0.188618317164,6.0,0.593644270234,1.21680928136,0.932823199515,0.924579192467,58.6902983453,240,
48.0,3.569,0.101136540485,12.0,0.877281111337,1.36585389237,0.934116185707,0.908137169799,59.2854935327,240,
54.0,3.569,-0.388407251902,6.0,0.397798008925,1.15265666788,0.930475451506,0.930870371903,57.9254778165,240,
60.0,3.569,0.214693741301,12.0,0.98233353705,1.43305941708,0.934802959906,0.900077547139,59.4204730894,240,
66.0,3.569,-0.0871082533771,6.0,0.686879876443,1.25255352693,0.935790469335,0.920817046459,59.2641066712,240,
72.0,3.569,0.225558445406,6.0,0.989112912517,1.42530548445,0.93850149609,0.901327029521,60.0881156102,240,
78.0,3.569,-0.239546453263,0.0,0.538522643599,1.18051997596,0.936613615423,0.928489711315,59.1429723833,240,
84.0,3.569,0.305621388009,12.0,1.08852897251,1.49111320791,0.939813771014,0.893457342693,60.3662695477,240,
90.0,3.569,0.0451819424918,6.0,0.828192598004,1.31552445237,0.940225817015,0.914247840449,60.2485508689,240,
96.0,3.569,0.295955979152,12.0,1.06910205644,1.47741225894,0.940009212373,0.895028960512,60.3425293727,240,
102.0,3.569,-0.08198370194,6.0,0.702459909464,1.24901815252,0.939059503828,0.921445468154,59.8341561668,240,
108.0,3.569,0.331890721723,12.0,1.12318500772,1.5247787426,0.937908513681,0.888769351678,59.8942800824,240,
114.0,3.569,0.183731544829,6.0,0.959050772041,1.39573464767,0.940853486251,0.905223346439,60.5618911396,240,
120.0,3.569,0.314572540908,12.0,1.10535121104,1.51540127073,0.936770016629,0.889833230523,59.6829936605,240,
126.0,3.569,0.0822437776464,6.0,0.87304220654,1.35572495134,0.937337500402,0.909147729163,59.6614697026,240,
