LeadTime (HRS), obsMax (m MSL), Peak (m), PLag (min), Bias(m), RMSD (m), RVal, Skil, VExp (%), nPts,
-0.0,2.502,0.327826259402,6.0,0.231348924912,0.266849560041,0.997546393738,0.994699786143,92.662136271,240,
6.0,2.502,0.392544143612,6.0,0.342419532491,0.361122890808,0.998119611466,0.99027801949,93.6662830281,239,
12.0,2.502,0.200281587434,6.0,0.136580637372,0.178243396484,0.998153469129,0.997617424825,93.6764397055,239,
18.0,2.502,0.529447629907,0.0,0.466516374853,0.477078241992,0.998616288495,0.983207263675,94.4917523625,240,
24.0,2.502,0.321398613381,0.0,0.274266241593,0.291642181368,0.998639375698,0.993644324465,94.5229943159,239,
30.0,2.502,0.366987999238,0.0,0.325085402814,0.338709028926,0.998738871143,0.991437713751,94.7475839231,239,
36.0,2.502,0.154306085368,0.0,0.0976907728706,0.139813838693,0.998666564369,0.998536217732,94.4755128086,239,
42.0,2.502,0.360839565399,0.0,0.306621939318,0.319977566017,0.99882951943,0.992346210458,94.9473045619,239,
48.0,2.502,0.263328067845,0.0,0.192143896135,0.214811518741,0.998808837298,0.996556451927,94.6951590939,239,
54.0,2.502,0.213323476922,0.0,0.162192707765,0.185188451629,0.998940643383,0.997431675008,95.0634581538,239,
60.0,2.502,0.123357835478,0.0,0.0643088540452,0.111364152643,0.998912512954,0.999070341201,94.9782770906,239,
66.0,2.502,0.268109514661,0.0,0.216548365315,0.231509303447,0.999091495039,0.995982469499,95.4778774011,239,
72.0,2.502,0.273759718186,0.0,0.204202269122,0.220739706227,0.999113773545,0.996361253158,95.3698519248,239,
78.0,2.502,0.173211489264,0.0,0.109615610522,0.136793781203,0.999127300632,0.998596656253,95.4800388653,239,
84.0,2.502,0.177534625692,0.0,0.119048671965,0.143273304582,0.999171433013,0.998460186642,95.5970688022,239,
90.0,2.502,0.247755538252,0.0,0.180792328804,0.196386061742,0.999262796988,0.997114558071,95.7641125816,239,
96.0,2.502,0.282551816899,0.0,0.213070581843,0.224992575759,0.999356901782,0.996215537993,96.0084757336,239,
102.0,2.502,0.132526187027,0.0,0.0628103406934,0.0970607319757,0.999324210046,0.999293682217,95.9129149575,239,
108.0,2.502,nan,nan,nan,nan,nan,nan,nan,0,
114.0,2.502,0.305530550587,-6.0,0.228705195406,0.270889368866,0.997028077967,0.994527009206,91.9843760412,239,
120.0,2.502,0.343365934622,-6.0,0.307657699553,0.337266472853,0.997235768401,0.991506825278,92.3701105525,239,
126.0,2.502,0.153914218322,-6.0,0.109420040342,0.177159078537,0.997244383916,0.997648512863,92.3070042076,239,
