LeadTime (HRS), obsMax (m MSL), Peak (m), PLag (min), Bias(m), RMSD (m), RVal, Skil, VExp (%), nPts,
-0.0,0.573,0.0756442747409,-24.0,0.0189565108011,0.0445826017449,0.990763771245,0.992409753445,83.5943384442,240,
6.0,0.573,0.0887049690969,-6.0,0.0229416029441,0.0465117538497,0.991823090191,0.991842715652,83.548534883,239,
12.0,0.573,0.150684667689,-12.0,0.0767873135089,0.0881126745285,0.992579567535,0.971974493516,82.4283267605,239,
18.0,0.573,0.0941437613717,-6.0,0.0188197883341,0.0468768565322,0.992486672129,0.991880204821,82.5448038591,240,
24.0,0.573,0.0777136969824,-6.0,0.00681914276356,0.0413650882723,0.993255732555,0.993624294018,83.3841615627,239,
30.0,0.573,0.0804931074,-6.0,0.00854027916454,0.0425993387693,0.992376214527,0.993218482322,83.0032330966,239,
36.0,0.573,0.161613084193,-6.0,0.0865777971957,0.0966437235275,0.991090655252,0.965892415509,82.5101385886,239,
42.0,0.573,0.118948409569,-6.0,0.0465723126599,0.0635702179714,0.992149632178,0.985101880242,82.378353665,239,
48.0,0.573,0.10842169096,-6.0,0.0391596743957,0.0574068056225,0.990977452949,0.987592769278,82.904502224,239,
54.0,0.573,0.108640171621,-6.0,0.035108288779,0.0551890035225,0.991553301873,0.988626237499,82.6580392158,239,
60.0,0.573,0.178686383961,-6.0,0.105508331263,0.113875180904,0.990932201878,0.953236866937,82.5516555012,239,
66.0,0.573,0.157574022754,-6.0,0.0840975403402,0.0944519712328,0.990759084567,0.967274964488,82.4888889248,239,
72.0,0.573,0.154569494503,-18.0,0.0846964949077,0.0944345422977,0.990997794574,0.967136310738,82.9904582026,239,
78.0,0.573,0.136917712278,-12.0,0.0707186997573,0.0814709523644,0.991061175316,0.975135285785,83.5254506261,239,
84.0,0.573,0.181062913012,-6.0,0.113962854054,0.121115188701,0.990800753994,0.946849718284,83.3005872588,239,
90.0,0.573,0.179281768189,-6.0,0.103122196514,0.11238569296,0.990041427621,0.954472427872,81.8033974586,239,
96.0,0.573,0.186870722269,-6.0,0.109249060699,0.117267684221,0.992570519125,0.951209562439,82.6431336041,239,
102.0,0.573,0.178430527293,-12.0,0.09609498853,0.10561179668,0.993648671292,0.96057830645,82.1566183899,239,
108.0,0.573,nan,nan,nan,nan,nan,nan,nan,0,
114.0,0.573,0.174402712452,-12.0,0.102610936469,0.112107123813,0.988619105016,0.954345391402,81.6394492805,239,
120.0,0.573,0.169455518357,-12.0,0.101561549843,0.11085690227,0.987595347307,0.954605603826,81.9321769266,239,
126.0,0.573,0.160268575786,-12.0,0.0935751354284,0.103170967637,0.988959766219,0.960744078001,82.3326598239,239,
