LeadTime (HRS), obsMax (m MSL), Peak (m), PLag (min), Bias(m), RMSD (m), RVal, Skil, VExp (%), nPts,
-0.0,0.461,0.323498843145,-48.0,0.21098810188,0.219827289642,0.970964902128,0.841405948165,75.3288908074,240,
6.0,0.461,0.304679573891,-48.0,0.201029018459,0.208240560171,0.977122416293,0.854612968423,78.2729892484,239,
12.0,0.461,0.218779781901,6.0,0.14741923734,0.154514312197,0.983410619007,0.913897238223,81.4896187238,239,
18.0,0.461,0.261646987624,6.0,0.208514013433,0.21288379499,0.985633120347,0.849589301358,82.8441243221,240,
24.0,0.461,0.260898252039,6.0,0.210337606054,0.214063776188,0.98762586426,0.848014091339,84.080822942,239,
30.0,0.461,0.263742419501,6.0,0.207437345674,0.210737068782,0.989345214033,0.852626820311,85.1297470622,239,
36.0,0.461,0.198099027667,0.0,0.15036146579,0.154532802506,0.990054054877,0.913735601102,85.7237832811,239,
42.0,0.461,0.241148057485,0.0,0.189939674698,0.192701519991,0.991652933147,0.872405865816,86.9864311638,239,
48.0,0.461,0.246785548832,-6.0,0.211068670465,0.213340515273,0.992414826999,0.848889247008,87.5696717877,239,
54.0,0.461,0.237185196364,0.0,0.211473464487,0.213749691433,0.992360197811,0.848293738157,87.5457634175,239,
60.0,0.461,0.195812057376,0.0,0.165911090988,0.16861995336,0.992787801847,0.898674206804,87.9492920489,239,
66.0,0.461,0.224634080102,0.0,0.199258685533,0.201544528649,0.992704475909,0.861996884784,87.8831512742,239,
72.0,0.461,0.237005731243,0.0,0.215905138303,0.217966348823,0.992957078633,0.843582009088,88.0286643315,239,
78.0,0.461,0.238246094276,6.0,0.219600869844,0.221417800263,0.993613992108,0.838803621415,88.6682101051,239,
84.0,0.461,0.197004710768,0.0,0.177132226904,0.179554016841,0.99311575523,0.886776182018,88.2344483886,239,
90.0,0.461,0.216627328345,0.0,0.205311943414,0.207233599041,0.99368810264,0.855585848848,88.7286844484,239,
96.0,0.461,0.241924088439,0.0,0.22570708729,0.227250178509,0.994457139895,0.832321833681,89.4165979872,239,
102.0,0.461,0.240518644217,-6.0,0.222201436798,0.223707789594,0.994683255392,0.836622049731,89.6250155061,239,
108.0,0.461,nan,nan,nan,nan,nan,nan,nan,0,
114.0,0.461,0.22430046148,-12.0,0.210443726618,0.213092667381,0.991111073696,0.849009924742,86.6043843626,239,
120.0,0.461,0.24999720132,-12.0,0.233672699595,0.236179546385,0.990614376092,0.821196161699,86.2745770286,239,
126.0,0.461,0.244591817411,-12.0,0.229131760084,0.231681624131,0.990669081279,0.826837358005,86.291111563,239,
