LeadTime (HRS), obsMax (m MSL), Peak (m), PLag (min), Bias(m), RMSD (m), RVal, Skil, VExp (%), nPts,
-0.0,1.395,0.475564139163,-6.0,0.166776708545,0.222478639051,0.989486519359,0.982335487295,81.4219056926,240,
6.0,1.395,0.514745822489,-6.0,0.321821282917,0.34145676538,0.992709400763,0.958365462177,85.6088472593,239,
18.0,1.395,nan,nan,nan,nan,nan,nan,nan,0,
24.0,1.395,0.150128359249,-6.0,0.122137096479,0.150232329334,0.996322838609,0.991665854412,88.9990595746,239,
30.0,1.395,0.285328511676,0.0,0.224915580184,0.24001351379,0.996799289089,0.97902790563,89.4637410729,239,
42.0,1.395,-0.0158409091514,12.0,-0.0318358736729,0.0968493940398,0.99535123188,0.996492067987,88.4972793225,239,
48.0,1.395,-0.12928471314,6.0,-0.15409319844,0.18442394367,0.994413145715,0.987480050617,87.2571611581,239,
54.0,1.395,-0.0835229313879,12.0,-0.0902211132494,0.129255034313,0.995324279819,0.993781424291,88.3601047715,239,
66.0,1.395,-0.184388569427,12.0,-0.178297726946,0.200655556503,0.995516435413,0.985181521672,88.4244409462,239,
72.0,1.395,-0.301707752092,762.0,-0.234690375976,0.254024893887,0.994078005153,0.976173337051,87.7755607827,239,
78.0,1.395,-0.199056793868,18.0,-0.171818781312,0.196506320632,0.994445482828,0.985627999452,88.0080756976,239,
90.0,1.395,-0.241402777312,762.0,-0.190765180182,0.216799385845,0.993437752758,0.982584161641,87.0459761467,239,
96.0,1.395,-0.259437724514,18.0,-0.227399836708,0.249398004943,0.994163075232,0.977322873103,87.1206271145,239,
102.0,1.395,-0.269175552077,18.0,-0.237885050538,0.262586378122,0.993027797978,0.974989342414,86.0175231358,239,
114.0,1.395,-0.382040725891,12.0,-0.354787787309,0.373917796743,0.992101266947,0.950575812127,85.1111682254,239,
120.0,1.395,-0.367319937021,762.0,-0.311086016416,0.329766561333,0.992195967351,0.960312214524,86.2024867383,239,
126.0,1.395,-0.424235823451,762.0,-0.381605300744,0.400168477183,0.991247345704,0.943505619803,84.8087441537,239,
138.0,1.395,-0.282469835537,18.0,-0.233056869712,0.256606550654,0.992816229221,0.975685067963,86.458451585,239,
144.0,1.395,-0.163134218787,12.0,-0.148709534308,0.181572438879,0.993816254408,0.98776598553,86.8622077443,239,
150.0,1.395,-0.177113732833,18.0,-0.155357009051,0.190224803494,0.993063903066,0.986606116557,86.1574959364,239,
