LeadTime (HRS), obsMax (m MSL), Peak (m), PLag (min), Bias(m), RMSD (m), RVal, Skil, VExp (%), nPts,
-0.0,0.391,-0.0518562672559,-24.0,-0.0515235242658,0.063977291401,0.963184295282,0.940642894457,68.8720806157,240,
6.0,0.391,-0.045896297009,-30.0,-0.0550335505055,0.0666519064804,0.966699147439,0.937328184225,69.1983394635,239,
18.0,0.391,nan,nan,nan,nan,nan,nan,nan,0,
24.0,0.391,-0.000126115977849,18.0,-0.00838404071599,0.0248203796069,0.988863466321,0.990775076244,80.9894143745,239,
30.0,0.391,0.000780897109812,6.0,-0.0175016028975,0.0300877496477,0.987541944882,0.98653066112,80.0842670425,239,
42.0,0.391,0.0370511162849,24.0,0.034602006899,0.0392467516907,0.991466421527,0.97649247207,84.9288105736,239,
48.0,0.391,0.0256475955541,18.0,0.0242141759966,0.0296670153891,0.992493265388,0.986341938042,86.0515821573,239,
54.0,0.391,0.00290367911883,30.0,-0.000722841141086,0.0195460861744,0.988210869246,0.993831717098,84.105106178,239,
66.0,0.391,0.0142372814968,18.0,0.000950222845787,0.0243078603117,0.987515356235,0.991132691227,80.2344159505,239,
72.0,0.391,-0.02177106222,30.0,-0.0249776780497,0.0345770331332,0.985109832256,0.981746840878,80.5430801272,239,
78.0,0.391,-0.080640146404,12.0,-0.0791470961394,0.0815668699294,0.988559784483,0.906162006916,83.9524331272,239,
90.0,0.391,0.222616362371,18.0,0.23114418541,0.232160429538,0.986296868602,0.538240245411,82.3425762925,239,
96.0,0.391,0.267914190149,24.0,0.286681389054,0.287424458486,0.990610471694,0.468798746668,83.1924007857,239,
102.0,0.391,0.367279493072,12.0,0.384783172218,0.385446684901,0.985440663368,0.382116465739,81.6037293828,239,
114.0,0.391,0.234726028381,36.0,0.264997851755,0.26612450155,0.987460647888,0.485070519082,79.9610845425,239,
120.0,0.391,0.169385431473,18.0,0.220438185075,0.22260586084,0.988640024378,0.535694205038,74.6134862045,239,
126.0,0.391,0.126209853785,36.0,0.171625026761,0.173421526986,0.990617920003,0.636100391263,79.6044727344,239,
138.0,0.391,0.21104484578,30.0,0.226565582323,0.227722550492,0.988002698553,0.538970102131,81.2194263534,239,
144.0,0.391,0.198704725961,18.0,0.216001595783,0.216932124378,0.991201876907,0.555763237015,83.5578721685,239,
150.0,0.391,0.151829706342,36.0,0.193149001383,0.195156219368,0.989347888963,0.581882790988,77.1299909305,239,
