LeadTime (HRS), obsMax (m MSL), Peak (m), PLag (min), Bias(m), RMSD (m), RVal, Skil, VExp (%), nPts,
-0.0,3.511,-0.050191645413,-714.0,0.769888482595,1.41634538239,0.91220075259,0.910587733398,56.0921306412,240,
6.0,3.511,0.204870836906,18.0,1.0445115034,1.58746083808,0.910342569215,0.891554187414,55.9082670219,239,
18.0,3.511,nan,nan,nan,nan,nan,nan,nan,0,
24.0,3.511,-0.0553703914582,6.0,0.741595902007,1.33555119859,0.928824511527,0.921201172351,59.0719098201,239,
30.0,3.511,0.196314973806,12.0,0.999645696502,1.48049387535,0.930685487257,0.906434262153,59.7604586714,239,
42.0,3.511,0.160041776517,12.0,0.96596150026,1.48611080228,0.924848266082,0.904478314087,58.3857933956,239,
48.0,3.511,-0.0191503769664,12.0,0.794630417517,1.38985556722,0.923847067856,0.914483800545,57.9828838823,239,
54.0,3.511,0.159016441318,12.0,0.968282982088,1.48950381994,0.924531081294,0.903977220372,58.2944395245,239,
66.0,3.511,0.124825868685,12.0,0.956554765261,1.48553261291,0.923730499371,0.904273142136,58.1196487753,239,
72.0,3.511,0.0940045350906,12.0,0.928613428592,1.46465903192,0.924224450179,0.906813306767,58.2642796325,239,
78.0,3.511,0.110235287257,12.0,0.945569728563,1.47532493708,0.924185347185,0.905652595523,58.2711383449,239,
90.0,3.511,0.0932474918077,12.0,0.911365178321,1.46559504423,0.920976942548,0.906485341181,57.7071557881,239,
96.0,3.511,0.157266820011,18.0,0.987501218227,1.51478196311,0.920668397263,0.900981831631,57.6746890298,239,
102.0,3.511,-0.0533670418613,12.0,0.790201313458,1.40779110308,0.919144486886,0.911897557218,57.0686918842,239,
114.0,3.511,-0.0749054927602,12.0,0.768352134058,1.41046259271,0.914886999785,0.911173179851,56.3733487313,239,
120.0,3.511,0.134098647638,18.0,0.976705745627,1.53595638342,0.913656830936,0.897165484223,56.2772825325,239,
126.0,3.511,-0.150893811347,12.0,0.674234182145,1.36990206414,0.913569798215,0.91517786441,56.0161996127,239,
138.0,3.511,-0.182445242926,12.0,0.645554600568,1.38288098326,0.906982279986,0.913090395362,54.8926459409,239,
144.0,3.511,0.132459936982,18.0,0.982026984901,1.5463623076,0.911381100437,0.895914617502,55.9417296169,239,
150.0,3.511,-0.228417449345,12.0,0.605749530558,1.36453492116,0.906884429309,0.915194233395,54.9016346285,239,
