LeadTime (HRS), obsMax (m MSL), Peak (m), PLag (min), Bias(m), RMSD (m), RVal, Skil, VExp (%), nPts,
-0.0,1.404,-0.274253424073,-12.0,-0.237221579768,0.281050768502,0.972372892949,0.950760379045,76.5204403302,240,
6.0,1.404,-0.309989746974,-12.0,-0.266946144368,0.303470966316,0.974790952481,0.943244048273,77.5095297051,239,
18.0,1.404,nan,nan,nan,nan,nan,nan,nan,0,
24.0,1.404,-0.353571593073,-12.0,-0.269159983887,0.290494908008,0.98628217275,0.947849321154,82.9334129924,239,
30.0,1.404,-0.381418553017,-18.0,-0.301375954651,0.320912753013,0.985802566269,0.937414391653,82.7787911792,239,
42.0,1.404,-0.31578983012,-12.0,-0.238058599773,0.262776732021,0.985180463064,0.957457222223,82.6221405275,239,
48.0,1.404,-0.23851093583,12.0,-0.170966470881,0.205822944608,0.984287893661,0.973337214753,82.1008648344,239,
54.0,1.404,-0.271322250706,12.0,-0.211234553536,0.242569334703,0.982855787135,0.963424458829,81.3753373492,239,
66.0,1.404,-0.25294863246,-6.0,-0.18613048214,0.218299865814,0.984643336922,0.969950423091,82.1850661327,239,
72.0,1.404,-0.178815377507,0.0,-0.109805285291,0.155199000627,0.985812119953,0.98460580105,82.8696873443,239,
78.0,1.404,-0.271623749037,-6.0,-0.162543963566,0.199301241624,0.984527708157,0.974628042001,81.9874973114,239,
90.0,1.404,-0.250379017555,-6.0,-0.14855209573,0.18778845298,0.984396170391,0.977556786908,82.0578315384,239,
96.0,1.404,-0.205646293593,-12.0,-0.131432156472,0.172345658343,0.985106181884,0.981195007909,82.587852829,239,
102.0,1.404,-0.233304952839,-6.0,-0.150655616905,0.196042413054,0.980864183127,0.975760471338,80.4078802683,239,
114.0,1.404,-0.318883370789,-12.0,-0.242227337023,0.269978680028,0.983060392022,0.95513247704,81.4231295848,239,
120.0,1.404,-0.293057163751,-18.0,-0.211172837986,0.241527271636,0.983593645195,0.963820486661,81.7347938613,239,
126.0,1.404,-0.337386834849,-12.0,-0.238727882116,0.26747450441,0.982875590728,0.955589350291,81.2040744317,239,
138.0,1.404,-0.298436552906,-6.0,-0.194607986315,0.23218062177,0.981226640994,0.965853439432,80.2689385229,239,
144.0,1.404,-0.272187838766,-12.0,-0.164742761121,0.206004323682,0.981937510029,0.973073310844,80.7283047812,239,
150.0,1.404,-0.230057121814,0.0,-0.156551970326,0.198653726966,0.982182837733,0.975055561003,80.9454682503,239,
