LeadTime (HRS), obsMax (m MSL), Peak (m), PLag (min), Bias(m), RMSD (m), RVal, Skil, VExp (%), nPts,
-0.0,0.457,0.0541288771883,24.0,0.0116997806722,0.0490451402811,0.98795868982,0.991468303349,80.9669217623,239,
6.0,0.457,0.0838426609025,24.0,0.0363799464991,0.0595212543751,0.987781312594,0.987515828203,80.9901645858,238,
18.0,0.457,nan,nan,nan,nan,nan,nan,nan,0,
24.0,0.457,0.045055295753,18.0,0.00233925249047,0.0396001056831,0.993065170571,0.994457118233,84.3014816033,238,
30.0,0.457,0.0567562906629,12.0,0.0187671229,0.0428355455992,0.99320688038,0.993513510029,84.5360296022,238,
42.0,0.457,0.0608523573982,12.0,0.0210056780427,0.0444253181271,0.992344589658,0.992998094316,84.2579024454,238,
48.0,0.457,0.0325037519641,12.0,-0.00652411203385,0.0414386607655,0.991812819512,0.993906328677,83.8416049172,238,
54.0,0.457,0.0373220354932,24.0,-0.0029402585734,0.0417399453765,0.991504269652,0.993824708568,83.5204359469,238,
66.0,0.457,0.0513868582717,0.0,0.00981253902988,0.0424941506184,0.991587245008,0.993611207849,83.5037454359,238,
72.0,0.457,0.0365225991086,0.0,-0.00151082612628,0.0415852595446,0.991247039165,0.993860930224,83.5378795159,238,
78.0,0.457,0.0303986024694,6.0,-0.0121687946849,0.0440894173372,0.991208150852,0.993119350459,83.3225671976,238,
90.0,0.457,0.0598209575337,12.0,0.0172622030902,0.0466268741038,0.99043725647,0.992320712699,82.652650131,238,
96.0,0.457,0.05510912921,12.0,0.0158871243038,0.0459679879337,0.990224656435,0.992507418918,82.7392772247,238,
102.0,0.457,0.0335596317992,18.0,-0.000831702713143,0.0423196193723,0.990096105666,0.993592077311,83.2309468441,238,
114.0,0.457,0.0792314272833,18.0,0.0419175716562,0.0592291911783,0.990066264628,0.987569756058,82.9830848978,238,
120.0,0.457,0.0962698278878,18.0,0.0570472452254,0.0705775636093,0.989876722814,0.982426976323,82.943862806,238,
126.0,0.457,0.0641608848639,24.0,0.0253175793941,0.0497783794397,0.990084239909,0.991206548296,82.7577596981,238,
138.0,0.457,0.0814106075158,12.0,0.0454498009078,0.0632174921066,0.989139569068,0.985912614822,82.1283224971,238,
144.0,0.457,0.0963228158263,12.0,0.0642401284815,0.0772133617529,0.989176590362,0.979087685801,82.3651898308,238,
150.0,0.457,0.0523010583553,12.0,0.0131933717618,0.0473896663852,0.989140526773,0.992059907809,81.8241875035,238,
