LeadTime (HRS), obsMax (m MSL), Peak (m), PLag (min), Bias(m), RMSD (m), RVal, Skil, VExp (%), nPts,
-0.0,0.503,-0.0426871641532,-42.0,-0.057796216384,0.0597143832594,0.992300113491,0.940355883139,87.1815494055,240,
6.0,0.503,-0.0362800656499,-36.0,-0.0557676321501,0.0578957513703,0.99200778934,0.944268500825,86.7478397877,239,
12.0,0.503,-0.0987442565525,-30.0,-0.130101914652,0.132005935661,0.982436456424,0.775509111586,80.964938118,239,
18.0,0.503,-0.0973438300206,-30.0,-0.125837592318,0.127265400646,0.989098181296,0.790944172772,83.8019771783,239,
24.0,0.503,-0.100999508303,-36.0,-0.137258195854,0.13925173665,0.984167265219,0.765427553495,79.9946413121,239,
30.0,0.503,-0.0886815862732,-30.0,-0.12503417349,0.126938972266,0.985011456164,0.792236825949,81.332760855,239,
