LeadTime (HRS), obsMax (m MSL), Peak (m), PLag (min), Bias(m), RMSD (m), RVal, Skil, VExp (%), nPts,
-0.0,0.811,0.104483032355,24.0,0.0791257855326,0.114587455669,0.973985730063,0.973091035658,75.4223910805,240,
6.0,0.811,0.0958237541765,24.0,0.0847560109,0.120411145296,0.970938191461,0.969697865676,74.4957964143,239,
12.0,0.811,0.0971506395918,24.0,0.0750225432051,0.115952926957,0.969010677297,0.971829092014,73.6361695252,239,
18.0,0.811,0.109059356681,30.0,0.0768484724278,0.121040686216,0.966250615664,0.969645924509,72.1143553924,239,
24.0,0.811,0.121317359593,30.0,0.0873299719439,0.129724099594,0.96448543465,0.965288728932,71.3955482544,239,
30.0,0.811,0.120290665885,30.0,0.0855425936983,0.12616486811,0.966783465218,0.967110325516,72.3466972308,239,
