LeadTime (HRS), obsMax (m MSL), Peak (m), PLag (min), Bias(m), RMSD (m), RVal, Skil, VExp (%), nPts,
-0.0,0.916,-0.00880714154393,0.0,0.0364713008685,0.0779947951314,0.976358519518,0.992354714934,84.1058228567,238,
6.0,0.916,-0.00899337564744,0.0,0.0407794184605,0.0673359974715,0.980750110982,0.994259182536,87.1826932645,237,
12.0,0.916,-0.0714557833526,0.0,-0.108409037451,0.123012483772,0.984718702782,0.981496452399,89.9056042269,237,
18.0,0.916,-0.0890993477676,0.0,-0.108701087466,0.129287764686,0.98108335242,0.979823427762,86.7587989683,237,
24.0,0.916,-0.0681441163531,0.0,-0.0969420757771,0.124952792396,0.977409897081,0.9809976522,84.2758381337,237,
30.0,0.916,-0.107172520878,0.0,-0.110294571476,0.129002761953,0.981561048602,0.979696096787,87.6434711367,237,
