LeadTime (HRS), obsMax (m MSL), Peak (m), PLag (min), Bias(m), RMSD (m), RVal, Skil, VExp (%), nPts,
-0.0,1.627,0.00484580475381,-36.0,-0.0532728582541,0.0854960568809,0.997891614428,0.99824016222,93.4078793253,240,
6.0,1.627,0.00690669659178,-36.0,-0.0545048988999,0.0828741617685,0.998163194699,0.998350834462,93.8566982099,239,
12.0,1.627,0.0829671171921,-36.0,0.0427313210086,0.0727303470063,0.998514579878,0.998741964432,94.2085135529,239,
18.0,1.627,0.0733772897543,-30.0,0.0411558916817,0.070638496933,0.998621524173,0.998814924569,94.3504938599,239,
24.0,1.627,0.0888846882501,0.0,0.034236267416,0.0666347948187,0.998726381123,0.998949635103,94.374469468,239,
30.0,1.627,0.0685689517493,-6.0,0.0376527239069,0.0666187228393,0.998768380138,0.998946773241,94.5919025533,239,
