LeadTime (HRS), obsMax (m MSL), Peak (m), PLag (min), Bias(m), RMSD (m), RVal, Skil, VExp (%), nPts,
-0.0,1.207,0.0974277471582,18.0,0.0460752654611,0.114906726881,0.986452582145,0.991724481047,83.1716047074,240,
6.0,1.207,0.0957522845722,18.0,0.0472525230883,0.112327453398,0.987312254739,0.992111477543,83.7349058427,239,
12.0,1.207,0.112927264952,36.0,0.029327090011,0.0990758436318,0.98907900849,0.993859878133,84.8951566265,239,
18.0,1.207,0.111476253538,36.0,0.0291429666898,0.0896803366135,0.991342506227,0.994983872467,86.462978684,239,
24.0,1.207,0.0630265691106,42.0,0.031824433702,0.0877754764742,0.991842674344,0.995176091542,86.9434015814,239,
30.0,1.207,0.0378398839228,24.0,0.0344430702255,0.0844231103715,0.992777020568,0.995539204101,87.6976527352,239,
