LeadTime (HRS), obsMax (m MSL), Peak (m), PLag (min), Bias(m), RMSD (m), RVal, Skil, VExp (%), nPts,
-0.0,1.369,0.0914495477823,6.0,-0.0776313972679,0.104384985112,0.997644132954,0.996778114727,92.2828865138,240,
6.0,1.369,0.0908208302433,6.0,-0.0764208100107,0.104377386917,0.997454158218,0.996773971048,92.1425347909,239,
12.0,1.369,-0.0240066307899,78.0,-0.107381793133,0.12419027916,0.998188297724,0.99544892995,93.1047373759,239,
18.0,1.369,-0.0264382313363,72.0,-0.109883595549,0.130243686866,0.997804567691,0.995022400189,92.2722327013,239,
24.0,1.369,-0.0537752025055,30.0,-0.120952395506,0.13772712538,0.997912025212,0.994405114392,92.7196507447,239,
30.0,1.369,-0.0585104208892,48.0,-0.128778671108,0.150211932883,0.996995191048,0.993356473381,91.4536171289,239,
