LeadTime (HRS), obsMax (m MSL), Peak (m), PLag (min), Bias(m), RMSD (m), RVal, Skil, VExp (%), nPts,
-0.0,0.076,0.650337655595,72.0,0.718634848175,0.723307862773,0.590635401778,0.183660690816,8.17285060693,240,
6.0,0.076,0.651873676454,180.0,0.72076074998,0.725456666853,0.622775099045,0.183585779584,7.9955582577,239,
12.0,0.076,0.650228502781,42.0,0.71730945355,0.721871908025,0.670686486039,0.184639292009,9.53328190453,239,
18.0,0.076,0.646226499912,102.0,0.717740303399,0.722407366633,0.640195806823,0.184218248176,8.47132905786,239,
24.0,0.076,0.649683304145,54.0,0.716734799809,0.721521323222,0.593527792854,0.184279236771,7.36821986023,239,
30.0,0.076,0.64330028899,120.0,0.715085489291,0.719913904896,0.588853293411,0.184496101116,7.06913451114,239,
