LeadTime (HRS), obsMax (m MSL), Peak (m), PLag (min), Bias(m), RMSD (m), RVal, Skil, VExp (%), nPts,
-0.0,1.895,0.0180780718217,0.0,0.135809772718,0.175208554929,0.997885158925,0.993706729218,90.3311064747,240,
6.0,1.895,-0.0751822111491,6.0,0.0232934150314,0.108075686298,0.998630934742,0.997573101612,90.7547428173,239,
12.0,1.895,0.0451154489146,0.0,0.147505879504,0.179403315269,0.998986592915,0.993339100476,91.0543621485,239,
18.0,1.895,-0.0390039242664,0.0,0.0636306937627,0.122998936724,0.999065241206,0.996843925503,90.7788039643,239,
24.0,1.895,0.00299202497291,0.0,0.12044414932,0.158573419479,0.999049990896,0.994778371262,90.9642359824,239,
30.0,1.895,-0.055325868135,0.0,0.0661216258227,0.124834388404,0.999036184094,0.996748232394,90.7241698603,239,
36.0,1.895,-0.0191629073288,0.0,0.0997298656493,0.145029357605,0.998891602977,0.995626178274,90.7756439554,239,
42.0,1.895,-0.039250646226,0.0,0.0762104472839,0.130670147857,0.998812938607,0.996446286046,90.7014043696,239,
48.0,1.895,-0.0693291507762,0.0,0.0470550284631,0.117497056688,0.998854997556,0.997118441935,90.568354263,239,
54.0,1.895,-0.0424335898591,0.0,0.0683656288268,0.126430209972,0.998804182048,0.996671964656,90.6832306235,239,
60.0,1.895,-0.0459733485361,0.0,0.0574896013033,0.121951478833,0.998464358418,0.996911045625,90.5782349167,239,
66.0,1.895,-0.00368048811436,0.0,0.105082571808,0.151562689915,0.998440231296,0.995229243943,90.4320235964,239,
72.0,1.895,nan,nan,nan,nan,nan,nan,nan,0,
78.0,1.895,-0.00840198278487,-6.0,0.0986597348629,0.137556427199,0.999345492998,0.996078949856,91.5994503276,239,
84.0,1.895,-0.0354006583204,0.0,0.0498970281794,0.108357658434,0.999270290184,0.997564561924,91.5704071156,239,
90.0,1.895,0.0140809490829,-6.0,0.122821917654,0.155893813173,0.99945982745,0.994961918614,91.5859159108,239,
96.0,1.895,-0.039246918577,0.0,0.0415949406196,0.104606805912,0.999219587385,0.997731788782,91.5882954145,239,
102.0,1.895,0.107694404368,0.0,0.205323951932,0.22699701252,0.999366150927,0.98938373375,91.5167974928,239,
108.0,1.895,0.0611209579878,0.0,0.132114219422,0.16869256969,0.998585130759,0.994110963726,90.8071020745,239,
114.0,1.895,0.271594664553,6.0,0.306575888438,0.324220663766,0.997869064471,0.978787208609,90.7540980055,239,
120.0,1.895,0.054936382562,0.0,0.122729351327,0.172881115957,0.99708208809,0.993800778512,89.3291361917,239,
126.0,1.895,0.241535318243,6.0,0.283631830603,0.302237821868,0.997842765986,0.981544707959,90.8499499125,239,
