LeadTime (HRS), obsMax (m MSL), Peak (m), PLag (min), Bias(m), RMSD (m), RVal, Skil, VExp (%), nPts,
-0.0,1.389,-0.284303089901,36.0,0.340307031989,0.563673200805,0.993402899717,0.839841969187,50.1610828844,240,
6.0,1.389,-0.123508718098,36.0,0.416926068691,0.599982142229,0.994679996452,0.830130110681,52.2455568291,239,
12.0,1.389,-0.209698455904,24.0,0.362077808385,0.569966734097,0.994497722717,0.8404921084,51.279150904,239,
18.0,1.389,-0.142774508973,36.0,0.414781793221,0.596620001412,0.995138482472,0.832028371457,52.5337121433,239,
24.0,1.389,-0.228161801693,24.0,0.331544873359,0.552502315971,0.992735551603,0.847648667456,51.0815285436,239,
30.0,1.389,-0.0958404011104,18.0,0.430509628706,0.604285770222,0.993762456003,0.830239416323,53.0643154254,239,
36.0,1.389,-0.267359107128,6.0,0.339818527937,0.5641803558,0.995495678875,0.839636590138,50.1529720912,239,
42.0,1.389,-0.194641962819,12.0,0.375292743839,0.572802482453,0.995277888354,0.841128074587,52.1037982882,239,
48.0,1.389,-0.291815998402,18.0,0.291776614811,0.544670189376,0.994656451199,0.845599189458,49.0940088449,239,
54.0,1.389,-0.128534148199,12.0,0.408446499681,0.601880149588,0.994177210247,0.825788448994,51.0697139573,239,
60.0,1.389,-0.243037520846,24.0,0.333229687717,0.563117827352,0.994708879474,0.83907400672,49.7567956664,239,
66.0,1.389,-0.129949283782,18.0,0.417374483598,0.608467426613,0.995139021513,0.822509259543,50.9946629469,239,
72.0,1.389,nan,nan,nan,nan,nan,nan,nan,0,
78.0,1.389,-0.110420278114,18.0,0.426034208922,0.612704587922,0.994764681857,0.822090337226,51.2896904439,239,
84.0,1.389,-0.228857727021,12.0,0.3494435253,0.574647431744,0.994125027608,0.833829095751,49.5367370521,239,
90.0,1.389,-0.127765311412,0.0,0.407786025835,0.604852678184,0.993087468629,0.823839122309,50.5844265752,239,
96.0,1.389,-0.290937997184,-6.0,0.273859861906,0.523181027082,0.99316775607,0.859974154651,50.6883104013,239,
102.0,1.389,-0.248083520406,18.0,0.341275909462,0.572798820021,0.994530654787,0.833175902878,49.1117112829,239,
108.0,1.389,-0.309842388697,6.0,0.28203741151,0.539371118874,0.994787475866,0.848341811394,49.142155299,239,
114.0,1.389,-0.260212646557,0.0,0.329359179135,0.557110513183,0.995184129716,0.843412537029,50.2958765468,239,
120.0,1.389,-0.331856559352,0.0,0.270147084335,0.532459292123,0.994736205905,0.851717648957,49.2436290456,239,
126.0,1.389,-0.309316185325,0.0,0.287190396838,0.539482512642,0.992718975028,0.849396871739,49.4817031098,239,
