LeadTime (HRS), obsMax (m MSL), Peak (m), PLag (min), Bias(m), RMSD (m), RVal, Skil, VExp (%), nPts,
-0.0,1.269,-0.113436162895,12.0,-0.0503614931478,0.27454985299,0.967750056859,0.972351810165,70.5419066643,240,
6.0,1.269,-0.0290120773844,6.0,-0.00498242655653,0.225783873385,0.976068791227,0.98232390286,75.4038006579,239,
12.0,1.269,0.0713400338438,6.0,0.0901954265256,0.221618141527,0.980602571047,0.983378216403,77.9421298782,239,
18.0,1.269,-0.0658788770801,6.0,-0.00979517787469,0.225139928679,0.976668438102,0.982382324462,75.4912050885,239,
24.0,1.269,-0.106227784913,6.0,-0.0299486414614,0.265816190283,0.967615062075,0.974553081971,71.2201705141,239,
30.0,1.269,-0.0791741257195,0.0,-0.0194448412519,0.231095750246,0.975402647975,0.981370507374,74.9083066334,239,
36.0,1.269,0.119539055281,12.0,0.139706546831,0.223996653331,0.984464635523,0.983649766671,80.9215663574,239,
42.0,1.269,-0.0264377435586,12.0,0.0301531530918,0.212598931097,0.979238844711,0.984536704166,77.06866991,239,
48.0,1.269,-0.0439982458909,24.0,0.0296053502269,0.235391740208,0.975269732425,0.980535815867,74.5545737438,239,
54.0,1.269,-0.0602996793214,18.0,0.000437147858847,0.223722034373,0.976589894685,0.982665254539,75.6225213834,239,
60.0,1.269,0.159351040917,24.0,0.175490910178,0.243513799857,0.984856841419,0.981022363936,81.6042353603,239,
66.0,1.269,-0.00108248273647,18.0,0.0565198411409,0.234702208407,0.974956101826,0.980981235032,75.1786531925,239,
72.0,1.269,nan,nan,nan,nan,nan,nan,nan,0,
78.0,1.269,-0.0690464027465,-6.0,0.00614016056271,0.247182416388,0.972975548225,0.978129530666,73.0603859438,239,
84.0,1.269,0.174178545933,12.0,0.188316903109,0.239801548342,0.988866944482,0.981673502176,83.81440517,239,
90.0,1.269,0.0101135804335,12.0,0.0689486891941,0.225830732783,0.979549987279,0.982315043069,76.5553890716,239,
96.0,1.269,0.0113440601033,18.0,0.082657652148,0.224399019147,0.98035206808,0.982705437912,77.2560754131,239,
102.0,1.269,-0.0644792506838,12.0,0.0114165843022,0.238682864743,0.973201950967,0.980000179553,74.0084787467,239,
108.0,1.269,0.150644917842,12.0,0.181507910553,0.238537209678,0.988132347905,0.98171675954,83.1265138855,239,
114.0,1.269,0.0487143912465,6.0,0.0950760941615,0.225778397484,0.980720367869,0.982614034635,77.6743808624,239,
120.0,1.269,0.0582388923844,12.0,0.10378912239,0.24296893283,0.977400803342,0.979673079894,76.0497953328,239,
126.0,1.269,-0.0150328594939,12.0,0.0354531936296,0.228714680919,0.97726595884,0.981676234822,75.3668195023,239,
