LeadTime (HRS), obsMax (m MSL), Peak (m), PLag (min), Bias(m), RMSD (m), RVal, Skil, VExp (%), nPts,
-0.0,1.625,-0.339987779709,0.0,-0.236400419906,0.271093825594,0.993527754616,0.981914841134,87.1927113384,240,
6.0,1.625,-0.211404842651,0.0,-0.113577338501,0.164004489922,0.994883865381,0.993366609509,88.5862249618,239,
12.0,1.625,0.0854316581885,0.0,0.179888295447,0.20711249885,0.995927602774,0.98961648955,90.0977224933,239,
18.0,1.625,0.0150206665573,0.0,0.120496608274,0.1592408302,0.995954326722,0.993810166888,89.956609634,239,
24.0,1.625,0.000480803691051,18.0,0.106937007676,0.152185592324,0.995648504451,0.994325930274,89.5538388716,239,
30.0,1.625,0.149710925924,12.0,0.236562336078,0.257965541066,0.995679651879,0.984075519857,90.0748662249,239,
36.0,1.625,0.395446330109,12.0,0.476997955215,0.487578236206,0.995788573365,0.945661382732,90.2541786886,239,
42.0,1.625,0.307937558261,6.0,0.382326048278,0.394474566302,0.996231035978,0.963619893716,90.6283080266,239,
48.0,1.625,0.270146657046,6.0,0.351799222036,0.366144892099,0.996022959704,0.968307212819,90.2094449596,239,
54.0,1.625,0.263127605737,12.0,0.339977357181,0.353917972588,0.996073770018,0.97051896574,90.5116754867,239,
60.0,1.625,0.279128267979,6.0,0.360999481387,0.373844273799,0.99627818144,0.967149525737,90.6273451721,239,
66.0,1.625,0.0720807135923,18.0,0.162544048631,0.194569086895,0.995723384476,0.99077318911,89.683097754,239,
72.0,1.625,nan,nan,nan,nan,nan,nan,nan,0,
78.0,1.625,-0.0922499530387,12.0,0.000606850275217,0.0997019215335,0.99590498304,0.99758686923,90.3685587728,239,
84.0,1.625,0.144177705287,12.0,0.225761627299,0.243508630789,0.99657404724,0.985837798603,91.1840356047,239,
90.0,1.625,-0.0466691759158,18.0,0.0516291226648,0.108603007144,0.996605120347,0.997116696712,90.7698552194,239,
96.0,1.625,-0.0566697078473,18.0,0.0575714772784,0.118457829884,0.995941623249,0.996560146195,89.9988886123,239,
102.0,1.625,-0.113977477195,12.0,-0.00532307200123,0.106126584781,0.995737821052,0.997233519472,89.7606356659,239,
108.0,1.625,0.0703877580008,12.0,0.202284080266,0.227246324791,0.996030621523,0.987434784136,89.9969009869,239,
114.0,1.625,-0.133778425982,24.0,0.0267309531734,0.136967542641,0.994544704013,0.995225490251,87.0227992237,239,
120.0,1.625,-0.151212169373,12.0,0.0162356705913,0.129692507149,0.99446204413,0.995766129819,87.5697257672,239,
126.0,1.625,-0.23508072943,6.0,-0.0815260053512,0.147440691397,0.994906994481,0.994562240855,88.1321226739,239,
