LeadTime (HRS), obsMax (m MSL), Peak (m), PLag (min), Bias(m), RMSD (m), RVal, Skil, VExp (%), nPts,
-0.0,0.0,0.313690945439,-270.0,0.355978144895,0.358972740932,0.706609955754,0.220436575595,19.7298435129,240,
6.0,0.0,0.335730657486,-270.0,0.370195275898,0.373235360121,0.634950110769,0.212410110849,17.5332450735,239,
12.0,0.0,0.354808108845,-258.0,0.396232121378,0.399163521921,0.588851835015,0.201026250258,16.2383822695,239,
18.0,0.0,0.326057973768,-258.0,0.37671283604,0.379564869604,0.722026933966,0.209763131506,19.4373328654,239,
24.0,0.0,0.303611420655,-258.0,0.356425357722,0.359770626098,0.537116202471,0.221504555572,15.0922575779,239,
30.0,0.0,0.315665743404,-252.0,0.37526865975,0.378453284793,0.582665371998,0.210929373671,15.0133709478,239,
36.0,0.0,0.35665331725,-234.0,0.429451446258,0.432266079571,0.788470060369,0.187093768678,14.5702284142,239,
42.0,0.0,0.341412135624,-108.0,0.416480783121,0.419176316301,0.938761001467,0.192284519315,17.6711090343,239,
48.0,0.0,0.346226157553,-240.0,0.408514427331,0.410866546348,0.907654071409,0.197512240241,23.8467478326,239,
54.0,0.0,0.360205212518,-246.0,0.424085047693,0.426598228177,0.906226568714,0.190302423367,19.7931136526,239,
60.0,0.0,0.384072838509,-240.0,0.443566322508,0.445844329379,0.865741432874,0.183589599646,21.9191470929,239,
66.0,0.0,0.374399489834,-252.0,0.431134768013,0.433252659413,0.899609117743,0.189603240994,25.7798317144,239,
72.0,0.0,nan,nan,nan,nan,nan,nan,nan,0,
78.0,0.0,0.303487779802,-66.0,0.347788908851,0.349777684466,0.871781377946,0.230369775501,35.5773509277,239,
84.0,0.0,0.325412821211,588.0,0.380086637961,0.382835635111,0.637740855894,0.209374722611,20.7899767249,239,
90.0,0.0,0.304274034978,78.0,0.355399755482,0.358232955043,0.65689118089,0.222007122891,22.2270081435,239,
96.0,0.0,0.255022752101,-36.0,0.320712140344,0.324045319175,0.73854828782,0.237988942391,19.8173612768,239,
102.0,0.0,0.229863722768,450.0,0.303353047529,0.307541981129,0.629295150673,0.243949184064,12.5040637428,239,
108.0,0.0,0.236445894913,-66.0,0.31596201014,0.320089580915,0.810722769361,0.236322936883,11.3770331109,239,
114.0,0.0,0.235193984254,90.0,0.314698236583,0.319246920691,0.814733108713,0.236096034673,7.12013358639,239,
120.0,0.0,0.217157412418,96.0,0.289170982133,0.293971945495,0.552955687917,0.250707069291,8.48241498205,239,
126.0,0.0,0.223005358197,96.0,0.294068270877,0.298630100829,0.645115022587,0.248339505795,10.0628207739,239,
