LeadTime (HRS), obsMax (m MSL), Peak (m), PLag (min), Bias(m), RMSD (m), RVal, Skil, VExp (%), nPts,
-0.0,0.981,-0.174237072492,0.0,-0.0251872356887,0.148326485696,0.939130130233,0.962175300643,64.7445127584,240,
6.0,0.981,-0.23067613527,-24.0,-0.0238833273677,0.132243452579,0.955556961629,0.969855722126,68.6862037112,239,
12.0,0.981,-0.247424160476,-24.0,0.0124983677725,0.129576732055,0.959306363436,0.970424278112,68.9501447728,239,
18.0,0.981,-0.232493797147,-66.0,0.017653481195,0.151749400915,0.936896040437,0.959471427095,63.7147223477,239,
24.0,0.981,-0.192308115033,-30.0,0.00422986790021,0.151393344454,0.935284308459,0.959950137608,63.5666187114,239,
30.0,0.981,-0.181638949016,-30.0,0.00126274079229,0.159761850023,0.923984286057,0.956357186624,61.4680425582,240,
