LeadTime (HRS), obsMax (m MSL), Peak (m), PLag (min), Bias(m), RMSD (m), RVal, Skil, VExp (%), nPts,
-0.0,1.409,0.0140627767917,-54.0,0.128505216732,0.577542766821,0.753468669306,0.84151654973,34.2257521056,240,
6.0,1.409,0.0139475033718,-54.0,0.129065984847,0.566290657461,0.766084434441,0.849649879423,35.7169639901,239,
12.0,1.409,0.0614968188697,-48.0,0.161872180636,0.559305696196,0.781302110235,0.856026059412,37.5843227294,239,
18.0,1.409,0.0378303224519,-54.0,0.144932978186,0.550689837508,0.785349880681,0.863699476859,38.0615847251,239,
24.0,1.409,0.0545371466615,-42.0,0.148692496277,0.555254664684,0.781785769611,0.859595784301,37.6302851811,239,
30.0,1.409,0.0298097582976,-60.0,0.15072293718,0.575914460572,0.760827180412,0.845173417944,35.0695183792,240,
