LeadTime (HRS), obsMax (m MSL), Peak (m), PLag (min), Bias(m), RMSD (m), RVal, Skil, VExp (%), nPts,
-0.0,0.342,0.255008514939,60.0,0.286838215761,0.289266405725,0.959577479595,0.392006374292,56.6997081471,240,
6.0,0.342,0.2604491512,60.0,0.28674415691,0.289037441577,0.96504946205,0.393210527035,57.9377593355,239,
12.0,0.342,0.221802586054,6.0,0.278171552879,0.281524658981,0.957067513158,0.392680534323,49.8542234139,239,
18.0,0.342,0.216330356328,6.0,0.273643866692,0.276975403338,0.967213546714,0.396884483062,50.4227389273,239,
24.0,0.342,0.223100729937,0.0,0.280601084517,0.283750757098,0.972113160737,0.390349235505,51.1974845262,239,
30.0,0.342,0.222036922336,0.0,0.283207606023,0.286375231421,0.968733915991,0.387657361208,50.8323008799,239,
36.0,0.342,0.190307437271,-54.0,0.27631841244,0.281089303205,0.962644894743,0.381581105003,40.3073644703,239,
42.0,0.342,0.194859761619,-18.0,0.279273256228,0.284097578369,0.956425558772,0.378398793065,39.6538094728,239,
48.0,0.342,0.195691137971,-54.0,0.281110452122,0.285902848995,0.958042573188,0.37658135461,39.6596894312,239,
54.0,0.342,0.19845229061,-54.0,0.277584444818,0.282271535669,0.962515881867,0.38073009349,40.7041394326,239,
60.0,0.342,0.174353378676,0.0,0.27765991058,0.28385751642,0.95913970051,0.369383169575,31.7145579045,239,
66.0,0.342,nan,nan,nan,nan,nan,nan,nan,0,
72.0,0.342,0.183439862952,18.0,0.28565030726,0.291860585775,0.947151003736,0.363711291774,31.0314075578,239,
78.0,0.342,0.183639798029,-24.0,0.284881767987,0.29105209674,0.948453981776,0.364792329429,31.3475258295,239,
84.0,0.342,0.184402173483,-18.0,0.286817139437,0.293121838221,0.952662880158,0.361625266076,30.3631601823,239,
90.0,0.342,0.180593966302,-24.0,0.29078393033,0.29759666196,0.937989732051,0.354726617967,27.086903238,239,
96.0,0.342,0.182031390095,66.0,0.293745388498,0.300459649929,0.927448574054,0.35279440567,27.2583710398,239,
102.0,0.342,0.184631196665,84.0,0.29096238948,0.297088744428,0.930927039991,0.359532289022,30.8767169119,239,
108.0,0.342,0.182868887061,-6.0,0.294620168508,0.301522987958,0.93154579376,0.350553780203,26.1238469765,239,
114.0,0.342,0.205454367439,-24.0,0.303213098578,0.308970478145,0.933874535343,0.350648197332,31.6294612623,239,
120.0,0.342,0.189667310114,30.0,0.301849212103,0.308424505187,0.945630727479,0.345432365827,27.048265049,239,
126.0,0.342,0.221453169539,30.0,0.310390265466,0.315370679257,0.911339905467,0.350939334914,35.7086308812,239,
