LeadTime (HRS), obsMax (m MSL), Peak (m), PLag (min), Bias(m), RMSD (m), RVal, Skil, VExp (%), nPts,
-0.0,0.86,0.0971829466438,-6.0,0.0130538036787,0.0802514464258,0.993038742134,0.99636917845,88.0512968203,240,
6.0,0.86,-0.00271491724416,-6.0,-0.0714308496643,0.106337318131,0.992943027926,0.993530726696,88.031314214,239,
12.0,0.86,0.079783174146,-12.0,0.0364291045655,0.0796483211869,0.994344366967,0.996373983768,89.2383505692,239,
18.0,0.86,0.0240889881906,-6.0,-0.0240943720714,0.076428425137,0.99406560991,0.996659414962,88.9797618778,239,
24.0,0.86,0.017464174173,-24.0,-0.0295402692691,0.0777138397721,0.994163610587,0.99654501779,89.0786104274,239,
30.0,0.86,-0.0899087263635,-18.0,-0.125027371201,0.145522640071,0.993743933503,0.988000798792,88.6859759077,239,
36.0,0.86,0.0394933890718,-24.0,0.00568570613094,0.0727644646465,0.994109487471,0.996978370262,88.9781127067,239,
42.0,0.86,0.0352129232651,-24.0,-0.00350053485041,0.0726643729247,0.994089215503,0.996984476287,88.9723362854,239,
48.0,0.86,0.00543804693056,-6.0,-0.0207280590413,0.0786553210074,0.993525582137,0.996465520483,88.4717099906,239,
54.0,0.86,-0.0435947985617,-18.0,-0.067828431549,0.10216759293,0.993459272788,0.994059071248,88.3913762357,239,
60.0,0.86,0.0878010089977,6.0,0.0677285231722,0.0996408536655,0.993995928247,0.99434219311,88.8958895984,239,
66.0,0.86,nan,nan,nan,nan,nan,nan,nan,0,
72.0,0.86,0.0942317248908,-18.0,0.077080261089,0.0929000806291,0.997037790496,0.995085820171,92.1086243318,239,
78.0,0.86,0.0934565710918,-18.0,0.0591948551588,0.0809239988204,0.996623273817,0.996263293178,91.6030377488,239,
84.0,0.86,0.116140275018,-12.0,0.0818865673569,0.0983775746925,0.996675646298,0.994478064645,91.7028131138,239,
90.0,0.86,0.156192768754,-6.0,0.125334668308,0.13815999886,0.996243719056,0.989186013655,91.1534730379,239,
96.0,0.86,0.0847929930647,-18.0,0.0484189857439,0.077025114919,0.996017146594,0.996614065077,90.8839378845,239,
102.0,0.86,0.0647094786868,-24.0,0.0299477043885,0.0686931315876,0.995761745881,0.99730586364,90.5921322043,239,
108.0,0.86,0.129986993289,-6.0,0.105267263312,0.119978536309,0.99630405039,0.99181582901,91.2399600904,239,
114.0,0.86,0.223596546541,-18.0,0.188012832197,0.196771715305,0.99625289855,0.978318476967,91.1654225261,239,
120.0,0.86,0.179116739816,-12.0,0.14102532079,0.15305940173,0.996038334071,0.986741607309,90.9469419978,239,
126.0,0.86,0.193472906717,-12.0,0.15866123062,0.171321238034,0.995351282159,0.983474192399,90.1640792584,239,
