LeadTime (HRS), obsMax (m MSL), Peak (m), PLag (min), Bias(m), RMSD (m), RVal, Skil, VExp (%), nPts,
-0.0,2.281,-0.150237776597,6.0,-0.0893507979389,0.222857836528,0.989697361155,0.993838415506,85.6541804493,240,
6.0,2.281,0.0552165655946,18.0,0.125371495805,0.246589635072,0.98882346287,0.992372799898,85.0878741631,239,
12.0,2.281,-0.202345277296,18.0,-0.127321688791,0.247479238094,0.988896304159,0.992253642264,85.0966866554,239,
18.0,2.281,-0.0314597456631,12.0,0.0474939377071,0.224777835366,0.988078534233,0.993596867571,84.5708170398,239,
24.0,2.281,-0.237548588769,18.0,-0.155035043482,0.270536310572,0.987958736424,0.990682067366,84.4300742528,239,
30.0,2.281,-0.0644227141053,18.0,0.0261553314124,0.221895037557,0.988136762267,0.993703730957,84.5255088048,239,
36.0,2.281,-0.286120370351,18.0,-0.193229231944,0.293990189696,0.98806996429,0.988965307647,84.4397914681,239,
42.0,2.281,-0.120112621602,18.0,-0.0327828509867,0.233738705226,0.986864670713,0.993009193383,83.747376492,239,
48.0,2.281,-0.30469821035,24.0,-0.210703461083,0.311418006943,0.987158225785,0.987637329864,83.8958113963,239,
54.0,2.281,-0.169787445124,12.0,-0.0730382509987,0.249456122202,0.986115990546,0.991998998359,83.2490542179,239,
60.0,2.281,-0.3015498856,24.0,-0.208133091663,0.318467654967,0.985958746006,0.986948910538,83.0720838547,239,
66.0,2.281,nan,nan,nan,nan,nan,nan,nan,0,
72.0,2.281,-0.31382888505,18.0,-0.202968966104,0.274830043992,0.992210809671,0.990287643813,86.9980139008,239,
78.0,2.281,-0.255341341866,12.0,-0.159704130244,0.251233111503,0.991307489036,0.991876341059,86.3915934264,239,
84.0,2.281,-0.273039365586,18.0,-0.184798046336,0.257240790397,0.992458154676,0.991572779518,87.4435211066,239,
90.0,2.281,-0.250878372319,12.0,-0.173305931075,0.23732140994,0.993714933799,0.992886642763,88.6235531624,239,
96.0,2.281,-0.292897016791,12.0,-0.2154275166,0.269050281269,0.993729494784,0.990908159502,88.6902826453,239,
102.0,2.281,-0.323123012557,18.0,-0.264344090913,0.319520231882,0.992117140659,0.987245705144,87.4057635859,239,
108.0,2.281,-0.193386558679,12.0,-0.119337098772,0.223312985181,0.991423066169,0.993659438921,86.755610387,239,
114.0,2.281,-0.209970385528,12.0,-0.125440236634,0.226667573644,0.991519562498,0.993441807406,86.7527129725,239,
120.0,2.281,-0.182340773825,12.0,-0.0999035455192,0.208176258514,0.991930640403,0.994506411897,87.1846245196,239,
126.0,2.281,-0.323892955108,18.0,-0.227314772813,0.285752229907,0.992866218592,0.98967277069,87.8500942818,239,
