LeadTime (HRS), obsMax (m MSL), Peak (m), PLag (min), Bias(m), RMSD (m), RVal, Skil, VExp (%), nPts,
-0.0,0.512,0.278570247805,-18.0,0.192523878357,0.262485570535,0.955806589565,0.951610887665,70.6003577272,240,
6.0,0.512,0.292015577404,-6.0,0.216609088349,0.276612423866,0.959088480132,0.947070417677,71.6889768435,239,
12.0,0.512,0.428215834855,570.0,0.373255147273,0.409850157572,0.960495695176,0.890204279241,72.1408486256,239,
18.0,0.512,0.387480263174,618.0,0.32626280603,0.367842324683,0.960177651357,0.909593855982,72.0424429805,239,
24.0,0.512,0.318816754318,612.0,0.249290787819,0.307528993092,0.95513255529,0.934255589528,70.3647781811,239,
30.0,0.512,0.270085649458,612.0,0.225947555416,0.287571341617,0.956327174909,0.941763391679,70.7248406777,239,
36.0,0.512,0.404718930948,618.0,0.356828668781,0.39586019523,0.959473348468,0.89660445587,71.792644198,239,
42.0,0.512,0.340234918114,612.0,0.302796650934,0.347555347759,0.959854819603,0.918188452612,71.9224105442,239,
48.0,0.512,0.240285943377,612.0,0.209272426092,0.275735607405,0.955515180591,0.946032384042,70.4531020618,239,
54.0,0.512,0.202602698862,624.0,0.176136638001,0.253152940736,0.954317610309,0.954056520479,70.0764324905,239,
60.0,0.512,0.467018233561,630.0,0.441682837104,0.471771503944,0.962150107868,0.86058618576,72.7170229241,239,
66.0,0.512,nan,nan,nan,nan,nan,nan,nan,0,
72.0,0.512,0.4114206039,600.0,0.385435030053,0.427547603235,0.952692116696,0.881252890218,69.5976049484,239,
78.0,0.512,0.368085270003,606.0,0.342770879923,0.387521403016,0.954896059557,0.900429289331,70.2964273336,239,
84.0,0.512,0.498761182366,606.0,0.468775766817,0.501157756761,0.956702608885,0.845451339068,70.8804924487,239,
90.0,0.512,0.49906912521,612.0,0.471430883906,0.503107984141,0.957442260828,0.844990109914,71.1308786313,239,
96.0,0.512,0.407801923751,570.0,0.384620626838,0.423684163857,0.956453899583,0.883886829659,70.803241821,239,
102.0,0.512,0.335138775936,612.0,0.299527848325,0.349569643726,0.955149612685,0.917736104517,70.3869812604,239,
108.0,0.512,0.514224645527,588.0,0.472905106048,0.503713770975,0.958561624881,0.844721482956,71.4989886501,239,
114.0,0.512,0.570468972058,594.0,0.525573736447,0.553860872888,0.957897664259,0.819755242483,71.2886286524,239,
120.0,0.512,0.527549302433,588.0,0.478683108078,0.509417674717,0.958142736515,0.842071514181,71.3664336706,239,
126.0,0.512,0.479185401543,618.0,0.434036188173,0.466966349854,0.959113449474,0.864226062273,71.6977336926,239,
