LeadTime (HRS), obsMax (m MSL), Peak (m), PLag (min), Bias(m), RMSD (m), RVal, Skil, VExp (%), nPts,
-0.0,0.881,0.160074697207,30.0,0.0952237721337,0.142696613305,0.988194268592,0.987399304351,82.7006983198,240,
6.0,0.881,0.0864072679748,30.0,0.0143736256176,0.10052345511,0.988871544619,0.993551838253,83.7070631013,239,
12.0,0.881,0.178004116602,24.0,0.109582500563,0.150417234113,0.988228224079,0.985732963483,83.1259635592,239,
18.0,0.881,0.127251124253,0.0,0.0621563948757,0.119283071023,0.988461913953,0.990966943237,83.3274117631,239,
24.0,0.881,0.103343535242,30.0,0.0515242174526,0.115856356297,0.987941461964,0.991468491638,83.006447068,239,
30.0,0.881,0.00947764882578,30.0,-0.0366401857231,0.11092495669,0.987822719252,0.992185068424,82.8541329364,239,
36.0,0.881,0.117363795107,6.0,0.0675247652174,0.126607268516,0.987104834864,0.989829218652,82.4613680981,239,
42.0,0.881,0.111227105632,6.0,0.0645709895416,0.125385261961,0.986909027149,0.990008057222,82.3985996896,239,
48.0,0.881,0.0825094732283,6.0,0.0410377533727,0.118503268074,0.985832986784,0.99104834581,81.7942717148,239,
54.0,0.881,0.0143032181748,6.0,-0.025529466709,0.111959768391,0.986305962472,0.991989294509,82.1480759875,239,
60.0,0.881,0.0863457820211,6.0,0.0397049844842,0.116965156989,0.986135124546,0.991277128301,81.9827451429,239,
66.0,0.881,nan,nan,nan,nan,nan,nan,nan,0,
72.0,0.881,0.0893630071128,6.0,0.035464633585,0.0958744441272,0.991647115196,0.994164875763,85.402549932,239,
78.0,0.881,0.055083158975,12.0,0.00388538908558,0.08935499439,0.991681456434,0.994933014175,85.3703426253,239,
84.0,0.881,0.104083510442,6.0,0.0485729612051,0.104160469784,0.990966511373,0.993118202961,84.8998264405,239,
90.0,0.881,0.178499448471,6.0,0.121251846499,0.152364365373,0.991419465578,0.985499216902,84.879547789,239,
96.0,0.881,0.119458409361,6.0,0.0699341820959,0.115488534363,0.991452607799,0.991607959033,84.9383452624,239,
102.0,0.881,0.105707527196,18.0,0.0541437135393,0.10438332657,0.991965644454,0.993127671337,85.3748240827,239,
108.0,0.881,0.123630834459,12.0,0.0773177886271,0.118006165271,0.991767818225,0.991206992389,85.3903700609,239,
114.0,0.881,0.200761535679,6.0,0.144227095802,0.172188254779,0.990731140235,0.981482977769,84.5853865974,239,
120.0,0.881,0.146549315197,6.0,0.0929474309717,0.13286120768,0.990481910102,0.988877349254,84.4418494971,239,
126.0,0.881,0.165686350462,6.0,0.108655143131,0.144063175086,0.990622375688,0.986961655072,84.4977214541,239,
