LeadTime (HRS), obsMax (m MSL), Peak (m), PLag (min), Bias(m), RMSD (m), RVal, Skil, VExp (%), nPts,
-0.0,0.616,0.254021868087,-780.0,0.111982356132,0.157043589283,0.915409242043,0.866835085943,37.2353444895,240,
6.0,0.616,0.233459416596,-786.0,0.115130219197,0.15643045931,0.923898612275,0.868066384328,39.6288202399,239,
