LeadTime (HRS), obsMax (m MSL), Peak (m), PLag (min), Bias(m), RMSD (m), RVal, Skil, VExp (%), nPts,
-0.0,0.465,0.294080567349,-786.0,0.0772080264583,0.131760575393,0.162523405561,0.40350837731,0.0,240,
6.0,0.465,0.293596019004,-786.0,0.0819744482067,0.135603635986,0.151435075225,0.396965087916,0.0,239,
