LeadTime (HRS), obsMax (m MSL), Peak (m), PLag (min), Bias(m), RMSD (m), RVal, Skil, VExp (%), nPts,
-0.0,0.969,0.0543295814119,42.0,0.00616442065418,0.146347478735,0.9662105634,0.98126744357,73.887812942,240,
6.0,0.969,0.0209143794083,-6.0,0.00705742809227,0.145158010878,0.966966315507,0.981474884261,74.0885919755,239,
