LeadTime (HRS), obsMax (m MSL), Peak (m), PLag (min), Bias(m), RMSD (m), RVal, Skil, VExp (%), nPts,
-0.0,1.394,0.178925035669,-12.0,0.0625022715511,0.17802129808,0.982453189647,0.989557709331,81.2663007386,240,
6.0,1.394,0.204524984805,24.0,0.0614396966356,0.175585620936,0.983051207725,0.989859862736,81.5509992867,239,
