LeadTime (HRS), obsMax (m MSL), Peak (m), PLag (min), Bias(m), RMSD (m), RVal, Skil, VExp (%), nPts,
-0.0,0.111,0.279013370729,-906.0,0.333214635524,0.344676899121,-0.0450941466865,0.243749712096,0.0,231,
6.0,0.111,0.288193615407,-618.0,0.343975844949,0.353848575889,0.128214608317,0.247340621006,0.0,230,
