LeadTime (HRS), obsMax (m MSL), Peak (m), PLag (min), Bias(m), RMSD (m), RVal, Skil, VExp (%), nPts,
-0.0,0.421,0.223367879516,18.0,0.0521162623888,0.134041039603,0.655963162466,0.783066785879,20.3121195281,240,
6.0,0.421,0.226919007068,18.0,0.053255738253,0.12146237396,0.718736145941,0.80741834392,29.5158450707,239,
