LeadTime (HRS), obsMax (m MSL), Peak (m), PLag (min), Bias(m), RMSD (m), RVal, Skil, VExp (%), nPts,
-0.0,1.236,0.32381136329,60.0,0.0812441906713,0.214038374068,0.967928088339,0.980239299369,74.806062165,240,
6.0,1.236,0.260924869448,6.0,0.0793092281714,0.20510413076,0.971082291679,0.9818381535,75.9715008347,239,
