LeadTime (HRS), obsMax (m MSL), Peak (m), PLag (min), Bias(m), RMSD (m), RVal, Skil, VExp (%), nPts,
-0.0,0.691,0.171396286908,-894.0,0.113677748932,0.160493794366,0.555222653005,0.649217318309,5.62985221972,240,
6.0,0.691,0.136031680671,-900.0,0.110641683918,0.161207607747,0.525387021366,0.639450496684,2.31750606962,239,
