LeadTime (HRS), obsMax (m MSL), Peak (m), PLag (min), Bias(m), RMSD (m), RVal, Skil, VExp (%), nPts,
-0.0,1.771,0.109143704332,-720.0,-0.0191646054318,0.231184583594,0.984222410464,0.991703180978,82.2175513823,240,
6.0,1.771,0.00918156365455,-720.0,-0.0244034786798,0.231903009154,0.984191969025,0.991633143731,82.1898314764,239,
