LeadTime (HRS), obsMax (m MSL), Peak (m), PLag (min), Bias(m), RMSD (m), RVal, Skil, VExp (%), nPts,
-0.0,0.686,0.379678520177,-72.0,0.318018241403,0.322773041655,0.975160025131,0.718661344463,76.48942415,240,
6.0,0.686,0.384680148584,-54.0,0.311038882144,0.314831732511,0.9816485758,0.730349841855,79.2814859699,239,
12.0,0.686,0.251646100074,-78.0,0.220444842848,0.227671879358,0.971373143492,0.820575460994,75.8003453662,239,
18.0,0.686,0.257729640423,-66.0,0.223750278802,0.23077003394,0.971928096829,0.817400433223,75.9801053436,239,
24.0,0.686,0.272195099334,-72.0,0.218023890779,0.224541412283,0.976313616373,0.828088922084,77.1617203822,239,
30.0,0.686,0.206958867412,-66.0,0.157749898305,0.165136500854,0.97933351864,0.893579798138,79.1989110068,240,
36.0,0.686,0.073154643414,-72.0,0.0401543079144,0.0588083792555,0.983765123101,0.984650288432,81.7349352585,239,
42.0,0.686,0.0527058473785,-72.0,0.0427954396586,0.0632255398751,0.980236022472,0.981578460424,80.2152842865,239,
48.0,0.686,0.0602094841687,-78.0,0.0534770365074,0.0770186223113,0.971984157061,0.97307623501,76.4378699401,239,
54.0,0.686,-0.0268698577467,-72.0,-0.0233513143456,0.0550480443494,0.977543142304,0.985572640751,78.8084782171,239,
60.0,0.686,-0.0106196386504,-78.0,-0.000978931836773,0.0501685254116,0.977858336842,0.987760126523,78.6770494023,239,
66.0,0.686,-0.0197752889719,-78.0,0.00777476091837,0.0559151415429,0.973596320982,0.984440023444,76.4609619277,239,
72.0,0.686,0.0540629447644,-78.0,0.0587549469763,0.080666432455,0.972191468883,0.969550561702,76.5037119399,239,
78.0,0.686,0.0327716356823,-84.0,0.0271948648777,0.0615232168465,0.97209730346,0.982338390417,76.539827117,239,
84.0,0.686,0.156389628702,-78.0,0.152314785176,0.162667589502,0.970128943902,0.892313965069,75.7243543867,239,
90.0,0.686,0.236440232631,-72.0,0.214908104105,0.222050547904,0.972536891993,0.828526847671,76.2511684533,239,
96.0,0.686,0.333670690498,-72.0,0.289111774032,0.294965732526,0.97198506303,0.748834096191,75.1424272156,239,
102.0,0.686,0.267515227421,-72.0,0.229080230038,0.235059914545,0.976136261513,0.814894427261,77.6044175585,239,
108.0,0.686,0.208073999831,-78.0,0.184849070457,0.191300955226,0.978457341852,0.864029350307,79.0577900771,239,
114.0,0.686,0.197091715864,-72.0,0.199539033948,0.206765589669,0.973124105749,0.842199542034,76.9648937557,239,
120.0,0.686,nan,nan,nan,nan,nan,nan,nan,0,
126.0,0.686,0.235635620756,-78.0,0.204305117741,0.212655297651,0.970179806776,0.840983877481,74.9083744394,239,
