LeadTime (HRS), obsMax (m MSL), Peak (m), PLag (min), Bias(m), RMSD (m), RVal, Skil, VExp (%), nPts,
-0.0,1.5,0.516643969792,24.0,0.191316912994,0.257845071068,0.984671956167,0.982851024509,82.2654071265,240,
6.0,1.5,0.596457219501,24.0,0.399047994711,0.421091242452,0.9904473058,0.954980134552,86.1947099954,239,
12.0,1.5,0.308717509151,30.0,0.262005342583,0.28507827318,0.993345688473,0.978910466907,88.4643470306,239,
18.0,1.5,0.488537559751,30.0,0.315457867279,0.337010474114,0.992576460787,0.970722343802,87.8243102387,239,
24.0,1.5,0.26653398367,36.0,0.206193056622,0.230557331538,0.994380638678,0.986078315213,89.4085030901,239,
30.0,1.5,0.486225231829,42.0,0.456335714373,0.465706532176,0.995453213404,0.946001617893,90.4636730011,240,
36.0,1.5,0.33688469667,24.0,0.356858845731,0.366222542551,0.996407740774,0.96557421068,91.5250910086,239,
42.0,1.5,0.388202248367,24.0,0.404658145812,0.412676838831,0.996535071708,0.956846919993,91.6618516458,239,
48.0,1.5,0.309942904958,30.0,0.309852119948,0.320007204122,0.996628792076,0.973604230349,91.7627674873,239,
54.0,1.5,0.532651804373,30.0,0.539656040182,0.545241678518,0.996802111704,0.927396897204,91.98232249,239,
60.0,1.5,0.348177346192,36.0,0.361194592459,0.36968426503,0.996742602365,0.965165395045,91.8869164263,239,
66.0,1.5,0.36051316551,42.0,0.360546482049,0.370261110815,0.996292061438,0.965116087909,91.3217449467,239,
72.0,1.5,0.219210527627,36.0,0.257169948823,0.271969478904,0.995876576609,0.980788398738,90.8856268633,239,
78.0,1.5,0.430609119775,36.0,0.447867723337,0.456881368336,0.995702592498,0.947760074364,90.6989477854,239,
84.0,1.5,0.267490737132,36.0,0.30028977383,0.31279788275,0.995943581664,0.974694050502,90.980657206,239,
90.0,1.5,0.182687432152,36.0,0.217506570968,0.235810308653,0.995613179836,0.985449922375,90.6181471544,239,
96.0,1.5,0.0632412912035,36.0,0.109480484861,0.146827331838,0.994927298774,0.994292326563,89.9231295198,239,
102.0,1.5,0.208406389543,48.0,0.265528148155,0.283659074441,0.994716012166,0.97900778082,89.7224881043,239,
108.0,1.5,0.230872370487,36.0,0.268513092929,0.286028287203,0.994842544263,0.978651023167,89.8493877383,239,
114.0,1.5,0.148541092435,36.0,0.212168620639,0.232936273535,0.995085163495,0.9856929248,90.0975496653,239,
120.0,1.5,nan,nan,nan,nan,nan,nan,nan,0,
126.0,1.5,0.22583156856,36.0,0.273102439213,0.283982988985,0.996811263046,0.979174355361,92.0062554137,239,
