LeadTime (HRS), obsMax (m MSL), Peak (m), PLag (min), Bias(m), RMSD (m), RVal, Skil, VExp (%), nPts,
-0.0,1.59,0.353222501537,-6.0,0.255613280054,0.288749850449,0.991219876073,0.978516551057,86.5174585526,240,
6.0,1.59,0.20880073788,18.0,0.127924126019,0.194777240029,0.990364725895,0.989857347774,85.2686515606,239,
12.0,1.59,0.190531414618,-18.0,0.118249626679,0.199053211174,0.98886652531,0.989264089902,83.9404426422,239,
18.0,1.59,0.208028752018,-18.0,0.15319424311,0.206120578098,0.991379602015,0.988749335587,86.1689625983,239,
24.0,1.59,0.358830405354,18.0,0.271175430234,0.29099524559,0.994510653628,0.97859714736,89.4131886225,239,
30.0,1.59,0.170253104367,0.0,0.117985463736,0.209228978094,0.986947131405,0.988058499619,82.6700019787,239,
36.0,1.59,0.213270898872,-6.0,0.137717674527,0.199724551486,0.990577488994,0.989372201685,85.4922213067,239,
42.0,1.59,0.219874369265,18.0,0.141318873816,0.201896620365,0.990612342439,0.989150804349,85.5382357028,239,
48.0,1.59,0.41871380312,12.0,0.30489834232,0.321057534667,0.994932916014,0.974302563723,89.9129780655,239,
54.0,1.59,0.228997085718,6.0,0.1406848299,0.200823868251,0.990616699026,0.989294676984,85.6265704813,239,
60.0,1.59,0.247280565224,6.0,0.155924388182,0.208827116197,0.991150473471,0.988473781955,86.067826985,239,
66.0,1.59,0.221564126045,12.0,0.129823100141,0.196890750128,0.990090559219,0.989631818677,85.1401662238,240,
72.0,1.59,0.425720852853,6.0,0.309609537302,0.327581124639,0.994301197722,0.973193638851,89.276214199,239,
78.0,1.59,0.248403781545,6.0,0.162510045817,0.223142533223,0.989517365473,0.986714896399,84.6760395234,239,
84.0,1.59,0.27146453001,12.0,0.177496455093,0.22343788187,0.991391760717,0.986929897279,86.3993684383,239,
90.0,1.59,0.231900849133,12.0,0.148974007443,0.217131244589,0.988788332317,0.987376083408,84.1700632788,239,
96.0,1.59,0.420374484109,6.0,0.30370463604,0.321224101064,0.994514858115,0.974314721935,89.5143374111,239,
102.0,1.59,0.302000484311,6.0,0.20392516539,0.245818896208,0.991159476646,0.984225820278,86.2444662018,239,
108.0,1.59,0.315022446478,6.0,0.220628402394,0.258152871319,0.991512256118,0.982690748876,86.5678335258,239,
114.0,1.59,0.289032565262,12.0,0.185320627232,0.229748206858,0.991253149842,0.986239923778,86.3916146085,239,
120.0,1.59,0.423919059321,6.0,0.311464394525,0.32964840108,0.994189871591,0.972877490572,89.1798763806,239,
126.0,1.59,0.317476396901,6.0,0.231263660397,0.266995792502,0.991458763457,0.981586654639,86.628582491,239,
