LeadTime (HRS), obsMax (m MSL), Peak (m), PLag (min), Bias(m), RMSD (m), RVal, Skil, VExp (%), nPts,
-0.0,1.872,0.122981824179,-6.0,0.163629230481,0.196262493828,0.996535551286,0.991554342536,90.1178740531,240,
6.0,1.872,0.043260150722,-12.0,0.0850512668422,0.131717122981,0.997338192655,0.99614934331,90.8004005564,239,
12.0,1.872,0.0885102085242,-12.0,0.157513914975,0.189607934784,0.996872313133,0.992052185809,90.3456206978,239,
18.0,1.872,0.0475787770366,-12.0,0.0955236139593,0.142919923007,0.996692426771,0.995476505971,90.2761922783,239,
24.0,1.872,0.0691632751557,-12.0,0.108998856967,0.147664418611,0.997024599793,0.99520032441,90.8879655862,239,
30.0,1.872,0.0708160504672,-12.0,0.109475754889,0.149185348902,0.997022714568,0.995086628622,90.729895919,239,
36.0,1.872,0.104055001103,-18.0,0.141637251517,0.174234197256,0.99673265934,0.9933467084,90.7185684848,239,
42.0,1.872,0.0997370866377,-12.0,0.151895630962,0.184889760191,0.996577686273,0.992481482027,90.358018776,239,
48.0,1.872,0.0671950975189,-12.0,0.115046069305,0.157104750154,0.996269530023,0.994576094514,90.2140279669,239,
54.0,1.872,0.107327644912,-6.0,0.153422928739,0.185784051163,0.996663695532,0.992405826929,90.4166907731,239,
60.0,1.872,0.0290971043299,-12.0,0.0720143954012,0.132554688149,0.996095196155,0.996112792717,89.820801541,239,
66.0,1.872,0.0678146414315,-12.0,0.106294857498,0.152643623816,0.996260797069,0.994853228706,89.9795157158,239,
72.0,1.872,nan,nan,nan,nan,nan,nan,nan,0,
78.0,1.872,0.0300929934451,-12.0,0.076831730569,0.129248489137,0.996638914818,0.996298673386,90.4716896567,239,
84.0,1.872,-0.10770812682,-6.0,-0.0855368199434,0.134418588371,0.99670942807,0.995994232913,90.4938768472,239,
90.0,1.872,-0.129436186543,0.0,-0.106933720837,0.151394942308,0.996530646661,0.994908575449,90.1748395283,239,
96.0,1.872,-0.103063791886,0.0,-0.0960959334629,0.14010570687,0.996842909716,0.995652346894,90.6528614512,239,
102.0,1.872,-0.118262857202,0.0,-0.118073665634,0.158718437757,0.99657375651,0.994413816113,90.2760693313,239,
108.0,1.872,-0.108016285983,0.0,-0.118751874187,0.159299940361,0.996519384422,0.994377579646,90.2655683676,239,
114.0,1.872,-0.115312084532,0.0,-0.108273448953,0.152051357977,0.996547590458,0.994866887963,90.2130370579,239,
120.0,1.872,-0.232372744257,6.0,-0.230054833449,0.252025670998,0.99688752256,0.98603751888,90.5649164553,239,
126.0,1.872,-0.15195276828,0.0,-0.121631436827,0.163714223846,0.996571640586,0.994022001979,89.9538295476,239,
