LeadTime (HRS), obsMax (m MSL), Peak (m), PLag (min), Bias(m), RMSD (m), RVal, Skil, VExp (%), nPts,
-0.0,0.288,0.0136521324855,-54.0,0.023647056222,0.0492043080526,0.888403791567,0.92207120393,54.1429738352,239,
6.0,0.288,0.0184674232903,-60.0,0.0337123146247,0.0508674007076,0.914338341223,0.918106909148,59.4664894347,238,
12.0,0.288,0.0268908989413,-60.0,0.0435695306165,0.0602889211476,0.896371574956,0.884978400248,55.6309310473,238,
18.0,0.288,0.0401564145282,-66.0,0.0728802706314,0.0838130458939,0.897866366589,0.802006978364,55.7953321645,238,
24.0,0.288,0.0372810342048,-72.0,0.0690423054294,0.0812126768766,0.890472164647,0.811398739045,54.420726664,238,
30.0,0.288,0.0593519346267,-72.0,0.0760923578862,0.0871391832668,0.890910012643,0.797615420289,54.6614113765,238,
