LeadTime (HRS), obsMax (m MSL), Peak (m), PLag (min), Bias(m), RMSD (m), RVal, Skil, VExp (%), nPts,
-0.0,0.465,0.781180783741,-42.0,0.889165784646,0.893103189192,0.736828422072,0.153653461378,14.8023275834,240,
6.0,0.465,0.779613788985,-36.0,0.891228752833,0.895217378746,0.738505654631,0.153213068298,14.0215017142,239,
12.0,0.465,0.797110339563,-36.0,0.900833292738,0.90461032262,0.73946875759,0.152212743273,15.8894612153,239,
18.0,0.465,0.795162990983,-48.0,0.902658342485,0.906424662613,0.750619586457,0.151823608944,15.9241818569,239,
24.0,0.465,0.785981352465,-42.0,0.896823016703,0.900756608791,0.777912180929,0.152325558639,14.3510646353,239,
30.0,0.465,0.787169572152,-36.0,0.902706788793,0.906535478788,0.824307194647,0.151428021381,15.2271656352,239,
