LeadTime (HRS), obsMax (m MSL), Peak (m), PLag (min), Bias(m), RMSD (m), RVal, Skil, VExp (%), nPts,
-0.0,0.481,0.100816855299,6.0,0.271924632954,0.284943236761,0.960731761423,0.759062372503,68.5896832345,240,
6.0,0.481,0.16275707714,-6.0,0.301139773546,0.312544734393,0.958859115927,0.733550332343,68.9223005736,239,
12.0,0.481,0.0825047418817,0.0,0.216039164999,0.231623966192,0.968642596128,0.81287886181,68.9718644516,239,
18.0,0.481,0.0708647335334,-12.0,0.216422197793,0.229112556873,0.978564940739,0.818034900655,72.0676720837,239,
24.0,0.481,0.0418148154818,-6.0,0.186412910965,0.205353802968,0.97143237213,0.839911069681,68.0004873923,239,
30.0,0.481,-0.0193177277415,0.0,0.151727001757,0.185090493937,0.962719353032,0.850020566567,60.6212020481,239,
