LeadTime (HRS), obsMax (m MSL), Peak (m), PLag (min), Bias(m), RMSD (m), RVal, Skil, VExp (%), nPts,
-0.0,0.628,0.0420101865573,12.0,-0.0524727597624,0.103250058114,0.973315038342,0.981772449327,76.6133966148,240,
6.0,0.628,0.115756525418,12.0,0.0294535001568,0.0949549924298,0.972414055507,0.984493961422,76.2950528207,239,
12.0,0.628,0.0327957696181,12.0,-0.0246764959192,0.0816574139681,0.979325096635,0.988498485881,79.5596186786,239,
18.0,0.628,0.0415039891698,6.0,-0.013691936226,0.065257139143,0.986087626095,0.992661815974,83.2451605603,239,
24.0,0.628,-0.0424472976001,6.0,-0.0838895414659,0.10149908872,0.988801842493,0.982455158282,84.9961047412,239,
30.0,0.628,0.0531490082654,12.0,-6.04620727408e-05,0.043478851205,0.993461667247,0.996713267542,88.5826314143,239,
