LeadTime (HRS), obsMax (m MSL), Peak (m), PLag (min), Bias(m), RMSD (m), RVal, Skil, VExp (%), nPts,
-0.0,1.012,0.073370812319,24.0,0.0840466913773,0.157924064851,0.9692528957,0.977331391719,75.6283238812,239,
6.0,1.012,0.107218187322,24.0,0.115095573067,0.175754172237,0.969894386228,0.972086969769,75.8763787769,238,
12.0,1.012,0.0759937723296,36.0,0.0865596852504,0.161916149207,0.967805647349,0.976126552365,75.0625553605,238,
18.0,1.012,0.0337210875485,30.0,0.0472362775228,0.14422214935,0.967985024515,0.980907576552,75.0742307163,238,
24.0,1.012,0.0318493174274,30.0,0.0417339890973,0.143910706652,0.967207873824,0.980994668672,74.7914573793,238,
30.0,1.012,0.124061678398,30.0,0.121215933066,0.184667580944,0.96656038254,0.969356997626,74.6872686858,238,
