LeadTime (HRS), obsMax (m MSL), Peak (m), PLag (min), Bias(m), RMSD (m), RVal, Skil, VExp (%), nPts,
-0.0,3.63,0.118704746752,18.0,1.03599635956,1.53525159073,0.937985677439,0.897312890698,58.7938291348,240,
6.0,3.63,-0.119843644729,18.0,0.8514201645,1.41910952449,0.940075305111,0.908565041802,58.4966455413,239,
12.0,3.63,0.0273554310454,18.0,0.963574809432,1.51491944303,0.933690006174,0.896479376561,57.266372141,239,
18.0,3.63,0.0847740995276,18.0,1.00101671779,1.52608609318,0.935561484878,0.896114273618,57.8901175042,239,
24.0,3.63,0.00130984926263,18.0,0.94318936862,1.50623162808,0.931642582355,0.89765555349,57.0694508298,239,
30.0,3.63,-0.0934689089146,18.0,0.854210569102,1.46039328848,0.929993374803,0.902615961553,56.6983603221,239,
36.0,3.63,-0.0937705193774,18.0,0.855952108403,1.46871393439,0.9285935491,0.901256617419,56.3694822724,239,
42.0,3.63,0.0807603643202,18.0,1.01228643378,1.54385978358,0.933676694638,0.894852733703,57.6060958083,240,
48.0,3.63,-0.0700651440514,18.0,0.877318052456,1.48263766337,0.930247943296,0.900354834084,56.5204484142,239,
54.0,3.63,-0.0505943257391,18.0,0.896487537158,1.4922317889,0.93013452365,0.89946718695,56.6036453777,239,
60.0,3.63,-0.23426192955,18.0,0.73372835084,1.42716416573,0.925615541403,0.90561110118,55.469202336,239,
66.0,3.63,0.0441879718688,24.0,0.964625349601,1.53280547468,0.929634574975,0.894985853282,56.6658272397,239,
72.0,3.63,-0.224636533691,18.0,0.727857450262,1.41490303439,0.926924531179,0.907582099495,55.8612176419,239,
78.0,3.63,-0.109513415088,24.0,0.837732681022,1.4673493397,0.928255469225,0.901876054067,56.1749869254,239,
84.0,3.63,-0.45071532266,12.0,0.518041543658,1.35359987746,0.921300746808,0.912962132818,54.5074303024,239,
90.0,3.63,-0.119553331419,24.0,0.80602711864,1.45361154051,0.92708739357,0.903365730656,55.9943487959,239,
96.0,3.63,-0.467612487226,12.0,0.482287996211,1.34389307318,0.920990536666,0.913830709177,54.3682840469,239,
102.0,3.63,-0.261620528713,18.0,0.68027392865,1.41718818099,0.921380461349,0.906248619204,54.7731544799,239,
108.0,3.63,-0.591389215846,12.0,0.364160506945,1.32794143259,0.91664005334,0.914841076609,53.543853497,239,
114.0,3.63,-0.26346894085,18.0,0.68407054792,1.42305255322,0.9203495045,0.905453113302,54.6055620399,239,
120.0,3.63,-0.583726769553,12.0,0.363507572495,1.33200849424,0.915222002764,0.914361753472,53.3832779994,239,
126.0,3.63,-0.330041472035,18.0,0.613889844258,1.42590059128,0.911743154425,0.903921907265,53.1818313553,239,
