LeadTime (HRS), obsMax (m MSL), Peak (m), PLag (min), Bias(m), RMSD (m), RVal, Skil, VExp (%), nPts,
-0.0,0.983,0.534884023953,-42.0,0.548790185188,0.549262080591,0.607091370749,0.0843099538437,18.7278353515,240,
6.0,0.983,0.520421348405,-42.0,0.541762449827,0.542202949213,0.628065582311,0.0848121741054,22.0195007535,239,
12.0,0.983,0.502416278845,-138.0,0.528723939287,0.529165272538,0.663581964204,0.0863688897718,22.8902904311,239,
18.0,0.983,0.477169691095,-138.0,0.506291380224,0.506848486659,0.542080873534,0.0895494477961,15.2168714842,239,
24.0,0.983,0.476665896403,606.0,0.495986141853,0.496708677554,0.432332691713,0.0910161886117,4.42524762497,239,
30.0,0.983,0.478759236872,534.0,0.500938127434,0.501675181446,0.339691699505,0.0895195729856,2.98876393078,239,
36.0,0.983,0.467600179564,612.0,0.496823022261,0.497772112919,-0.0375844800206,0.0887503389355,0.0,239,
42.0,0.983,0.487870391904,348.0,0.514191185428,0.515225281453,0.0256985777586,0.0866997064591,0.0,239,
48.0,0.983,0.547496348155,-180.0,0.564312720608,0.565032227061,0.377376249332,0.0811285724225,0.0,239,
54.0,0.983,0.457741211278,696.0,0.479340113334,0.479805043265,0.657820292676,0.0945736781389,24.6398818957,239,
60.0,0.983,0.471055244893,612.0,0.498701443472,0.499709187669,-0.0217767983525,0.0885303243047,0.0,239,
66.0,0.983,0.457999606869,540.0,0.48429287633,0.485041947128,0.30463656118,0.0918557173053,3.83788884141,239,
72.0,0.983,0.462918788769,672.0,0.486382125492,0.487065586315,0.412390900066,0.0918138683182,7.95106353187,239,
78.0,0.983,0.436226420971,-396.0,0.465218632399,0.466114545909,0.222952168048,0.0949741193521,0.0,240,
84.0,0.983,0.495401029386,-624.0,0.488008899069,0.489404837492,-0.053227210319,0.0900930058458,0.0,239,
90.0,0.983,0.481680851632,-624.0,0.491050784546,0.492296610713,-0.0258322599146,0.0899483574351,0.0,239,
96.0,0.983,0.495078512234,-624.0,0.496653985291,0.497893465185,0.037221812828,0.089255189589,0.0,239,
102.0,0.983,0.497111346534,-624.0,0.492430824798,0.493813491913,-0.0519242161417,0.0894445495461,0.0,239,
108.0,0.983,0.459004856027,-624.0,0.450151317792,0.451859372075,-0.0609666619848,0.0967805382893,0.0,239,
114.0,0.983,0.448608541261,-624.0,0.443648815689,0.445318942077,-0.00454829602781,0.0983790571077,0.0,239,
120.0,0.983,0.436241249737,-624.0,0.427587883667,0.429228161598,-0.0725636428713,0.101303563483,0.0,239,
126.0,0.983,0.41990335138,-624.0,0.411063954313,0.412901862229,-0.115654045369,0.104205978793,0.0,239,
