LeadTime (HRS), obsMax (m MSL), Peak (m), PLag (min), Bias(m), RMSD (m), RVal, Skil, VExp (%), nPts,
-0.0,0.34,0.213163931714,12.0,0.194165805854,0.211234576664,0.842833575725,0.683504779019,40.0114131441,239,
6.0,0.34,0.186210222879,12.0,0.203387479293,0.216844854402,0.868195154046,0.677752464104,45.774398483,240,
12.0,0.34,0.21148339017,-18.0,0.216304956818,0.225693455307,0.898956172467,0.666554908381,53.5497675483,240,
18.0,0.34,0.17978639825,-18.0,0.189533092592,0.194732457367,0.948132581987,0.712706780025,67.7692556053,240,
24.0,0.34,0.170930444832,-12.0,0.180304573886,0.184585322047,0.959107842503,0.730001873862,71.501616599,240,
30.0,0.34,0.185019445155,36.0,0.205040060307,0.208226499732,0.965471401806,0.693564858783,73.833391731,240,
36.0,0.34,0.193445678897,-30.0,0.215958247746,0.218450853543,0.971456764261,0.677517723356,76.2722955153,240,
42.0,0.34,0.164395022209,0.0,0.188979533298,0.19174158716,0.972310269209,0.718869512088,76.6170649457,240,
48.0,0.34,0.148844049281,-12.0,0.177523735861,0.180324271882,0.973611100802,0.737084735852,77.1729731273,240,
54.0,0.34,0.191347503172,-18.0,0.215708241619,0.217979084141,0.974116274459,0.679305965255,77.3712095433,240,
60.0,0.34,0.206653568964,-18.0,0.233278703806,0.235339495093,0.974593291869,0.654223587486,77.5918477412,240,
66.0,0.34,0.183162100436,12.0,0.210694568491,0.212989438789,0.974482858688,0.687261925275,77.5156894643,240,
72.0,0.34,0.163272613476,0.0,0.185834090262,0.188540059287,0.973382785385,0.724673348501,77.0494126832,240,
78.0,0.34,0.207092820897,0.0,0.236716275639,0.238849082793,0.97327488046,0.648552300104,77.0353216407,240,
84.0,0.34,0.209627619376,12.0,0.232358953645,0.234494167568,0.973856312259,0.656188374824,77.2338131211,240,
90.0,0.34,0.189161303761,-12.0,0.214105538793,0.21639353385,0.97416974872,0.682409743182,77.3695537502,240,
96.0,0.34,0.159473571754,-12.0,0.180222089523,0.182874166266,0.974808012448,0.734623738904,77.6239514559,240,
102.0,0.34,0.208562478049,24.0,0.228356974941,0.230384872819,0.975628643838,0.662284733603,78.0068879495,240,
108.0,0.34,0.192933889167,18.0,0.224061321608,0.226061145475,0.976321157277,0.667293607973,78.3658077018,240,
114.0,0.34,0.18461093099,-18.0,0.205577975349,0.207812203361,0.975746309954,0.694952541524,78.0859176015,240,
120.0,0.34,0.123046558024,-12.0,0.151711972832,0.154971294579,0.973667168538,0.779437133051,77.2024527385,240,
126.0,0.34,0.17773231514,24.0,0.204903213962,0.207384989886,0.97305056844,0.694651074547,76.9345886147,240,
