LeadTime (HRS), obsMax (m MSL), Peak (m), PLag (min), Bias(m), RMSD (m), RVal, Skil, VExp (%), nPts,
-0.0,0.736,0.473897561832,-18.0,0.117093002758,0.190226237971,0.974005037103,0.901076161648,35.1768176113,240,
6.0,0.736,0.402153565773,-12.0,0.0810159136489,0.166462286326,0.974196971546,0.921758271109,37.2538882052,239,
12.0,0.736,0.449456077884,0.0,0.136454642102,0.198092856095,0.976355528036,0.892816256069,38.0379974106,239,
18.0,0.736,0.409257428982,-54.0,0.125476522922,0.190255156731,0.978558370438,0.900376928791,38.1623393381,240,
24.0,0.736,0.403124495261,-48.0,0.147138675683,0.20604202102,0.980224627397,0.886172973656,37.7162581439,239,
30.0,0.736,0.392588061734,-54.0,0.121851544468,0.189945099251,0.979982151739,0.901872431083,37.079095413,239,
36.0,0.736,0.467201974241,-60.0,0.197072525845,0.242574914458,0.981765045108,0.848618861801,38.9232937521,239,
42.0,0.736,0.480061473157,-48.0,0.198203598222,0.242934777941,0.982362265683,0.848124849837,39.3404991302,239,
48.0,0.736,0.465374007426,-54.0,0.224721993395,0.263799640834,0.984734470909,0.825969648931,40.336003294,239,
54.0,0.736,0.471606548652,-30.0,0.20981652435,0.254116838754,0.986176036289,0.838823755636,38.0933300758,239,
60.0,0.736,0.497923009263,-72.0,0.283495003788,0.321103930669,0.983244241101,0.768831093836,34.8843476582,239,
66.0,0.736,0.47353481624,-60.0,0.256488024577,0.300688024647,0.982158731036,0.793128731106,32.2337285581,239,
72.0,0.736,0.500073791792,-30.0,0.292251107149,0.327113927721,0.983693725131,0.760877420206,36.5457319568,239,
78.0,0.736,0.44224813694,-24.0,0.190404844471,0.237058503786,0.98338494934,0.854884717795,39.018439357,239,
84.0,0.736,0.465562572933,-42.0,0.229668112674,0.272558384477,0.983557150116,0.819462746816,36.6224500081,239,
90.0,0.736,0.435498755287,-42.0,0.167636603233,0.216252041425,0.981654433538,0.874167547073,41.0076127008,239,
96.0,0.736,0.494816609614,-60.0,0.199846529829,0.244425520627,0.978416520709,0.845275123596,39.2290747524,239,
102.0,0.736,0.389028580537,-54.0,0.136394151971,0.193511249985,0.974110222726,0.894752827272,40.7233001911,239,
108.0,0.736,nan,nan,nan,nan,nan,nan,nan,0,
114.0,0.736,0.2962911093,-48.0,0.0234904319469,0.145578189081,0.972761294301,0.938527324083,38.0075083649,239,
120.0,0.736,0.300576617587,-60.0,0.0336583619978,0.150828822779,0.980192397578,0.936119950247,36.5599232197,239,
126.0,0.736,0.353339571861,-78.0,0.0589152947779,0.162136513427,0.963390091527,0.924630117113,34.8216959107,239,
