LeadTime (HRS), obsMax (m MSL), Peak (m), PLag (min), Bias(m), RMSD (m), RVal, Skil, VExp (%), nPts,
-0.0,1.365,0.0593197863649,18.0,-0.0121221054837,0.0768199479807,0.997727910236,0.997156418796,89.0304095917,240,
6.0,1.365,0.12503520817,0.0,0.0739551518086,0.0957384659899,0.99845402945,0.99552095919,91.2075892395,239,
12.0,1.365,0.115137728101,0.0,0.054652250726,0.0856277155646,0.998117176502,0.996427430238,90.467211016,239,
18.0,1.365,0.22055630575,-12.0,0.13916650589,0.152884967744,0.998715146324,0.988750522195,90.8467705848,240,
24.0,1.365,0.122583119632,0.0,0.0479306362754,0.0803206463247,0.998600972423,0.996864485441,90.6722178051,239,
30.0,1.365,0.178140806046,-6.0,0.118653705773,0.134547915947,0.998440383554,0.991219012828,90.8189000783,239,
36.0,1.365,0.228406329765,-6.0,0.164130613809,0.175966078901,0.99876492533,0.985146113311,90.8180300838,239,
42.0,1.365,0.298993053334,-6.0,0.224810022863,0.234125747327,0.998573235519,0.974034883573,90.5370560339,239,
48.0,1.365,0.247486952581,-6.0,0.177987560735,0.189795938984,0.998411465268,0.982748591883,90.4625286711,239,
54.0,1.365,0.282087901968,-6.0,0.209400177627,0.219170505574,0.998728174997,0.977189823101,90.6349996672,239,
60.0,1.365,0.362901465825,-6.0,0.293609051453,0.300603341051,0.998600304786,0.957922460178,90.6699353217,239,
66.0,1.365,0.361033689068,-6.0,0.284159906699,0.290469970378,0.999081138028,0.960589707424,91.2852894071,239,
72.0,1.365,0.391810708804,-6.0,0.300064333655,0.307131884131,0.99924218486,0.956577533053,90.5192873223,239,
78.0,1.365,0.296599439962,-6.0,0.225830598298,0.235966569114,0.998347338554,0.973686880481,90.0985156617,239,
84.0,1.365,0.338871986352,-6.0,0.263710801745,0.271705386953,0.99887938922,0.965508128465,90.5314012304,239,
90.0,1.365,0.271266015707,-6.0,0.192949220856,0.208209364127,0.997366427585,0.979463586423,88.6765348531,239,
96.0,1.365,0.3152820357,-6.0,0.236190075679,0.247081871679,0.998057553883,0.97131126608,89.5000425488,239,
102.0,1.365,0.200655883082,0.0,0.131612360129,0.15207199004,0.99712713964,0.988857636941,88.9742390419,239,
108.0,1.365,nan,nan,nan,nan,nan,nan,nan,0,
114.0,1.365,0.161401353605,-6.0,0.0873236325066,0.109573737055,0.99819798239,0.994172791532,90.4280764311,239,
120.0,1.365,0.240248949099,-6.0,0.157954813294,0.171716901158,0.998418157701,0.985885563813,90.2591637304,239,
126.0,1.365,0.159509620233,-6.0,0.0655192343682,0.0935115351332,0.998928390638,0.995794255878,90.3512042063,239,
