LeadTime (HRS), obsMax (m MSL), Peak (m), PLag (min), Bias(m), RMSD (m), RVal, Skil, VExp (%), nPts,
-0.0,0.79,0.62549528096,12.0,0.150585900104,0.335480641205,0.984379420347,0.91401043612,29.8147121194,240,
6.0,0.79,0.579591864918,18.0,0.124907322366,0.314731383451,0.982680570221,0.921931844752,32.2844908117,239,
12.0,0.79,0.581174310577,24.0,0.136229758566,0.318737656758,0.980827394856,0.919679236786,32.454637529,239,
18.0,0.79,0.62082122951,24.0,0.168952157624,0.338985487655,0.980925706992,0.910842001609,31.1130766228,239,
24.0,0.79,0.589403783481,24.0,0.141676508781,0.32340999493,0.980758193345,0.917790892027,31.8526605411,239,
30.0,0.79,0.576577211306,24.0,0.127933594879,0.314999483845,0.981562367255,0.921503275735,32.52686076,239,
36.0,0.79,0.544888437099,30.0,0.114824617674,0.308601675317,0.978137038709,0.923648916758,32.8563961595,239,
42.0,0.79,0.533313162657,30.0,0.101252997929,0.300451396444,0.976201726806,0.926763761991,33.773446394,240,
48.0,0.79,0.522280836626,30.0,0.098258299855,0.293052703637,0.974324521729,0.928904713953,35.2564227702,239,
54.0,0.79,0.529156752716,30.0,0.0932497433375,0.290239039722,0.978895174378,0.930809745665,35.5467129798,239,
60.0,0.79,0.565029281352,30.0,0.0994527742596,0.299624109802,0.977767893393,0.927218883857,33.7208922797,239,
66.0,0.79,0.605694278482,30.0,0.143557867135,0.315023443343,0.980850079944,0.92049873989,34.2426851903,239,
72.0,0.79,0.58134295784,30.0,0.123088388351,0.309994241098,0.980731030769,0.923232449672,33.2818099119,239,
78.0,0.79,0.61939645238,30.0,0.12725624078,0.314048145648,0.984481318746,0.922337020153,32.6720221393,239,
84.0,0.79,0.626955676258,30.0,0.132754103133,0.31803308034,0.984187992786,0.920674469498,32.2286283349,239,
90.0,0.79,0.552267412677,36.0,0.0930514421331,0.290993471094,0.97903744581,0.930588359332,35.3442072849,239,
96.0,0.79,0.497715724187,30.0,0.0446913669648,0.283554982117,0.977509875852,0.93402740737,34.3367497363,239,
102.0,0.79,0.545779701606,30.0,0.0888019220718,0.298730870258,0.980114842025,0.928271765555,33.11360071,239,
108.0,0.79,0.471241088215,30.0,0.0499921240518,0.282113045042,0.979447963919,0.93472135393,34.8907963446,239,
114.0,0.79,0.512044949876,30.0,0.0466828257758,0.295216636047,0.980661156227,0.930544380547,31.6419963415,239,
120.0,0.79,0.431107323386,36.0,-0.00369365909875,0.284750706477,0.979026749652,0.934206127456,33.230873737,239,
126.0,0.79,0.541598352334,36.0,0.0551347642663,0.304196710453,0.980506217226,0.927313615656,29.8465971045,239,
