LeadTime (HRS), obsMax (m MSL), Peak (m), PLag (min), Bias(m), RMSD (m), RVal, Skil, VExp (%), nPts,
-0.0,1.546,0.28667817891,6.0,0.199022894806,0.207110653996,0.999031036198,0.993352629089,95.4979911742,239,
6.0,1.546,0.261180729944,6.0,0.200482786904,0.207401039428,0.999196287076,0.993308927066,95.8233622253,240,
12.0,1.546,0.219451567033,18.0,0.199009680579,0.2041235888,0.999409097186,0.993533768709,96.4300580875,240,
18.0,1.546,0.280065655501,18.0,0.247562081191,0.251564619634,0.999438328044,0.990204657836,96.485742972,240,
24.0,1.546,0.282308524454,18.0,0.24961604727,0.253567886844,0.999430647494,0.990059889263,96.4939072503,240,
30.0,1.546,0.214170691172,18.0,0.196475471459,0.200839213162,0.99950386326,0.993744421498,96.7261619576,240,
36.0,1.546,0.283518924093,6.0,0.265502115955,0.268456193641,0.999545310518,0.988890530683,96.877337877,240,
42.0,1.546,0.321171002176,12.0,0.300802147234,0.303658719738,0.999490754366,0.985846495013,96.7328649624,240,
48.0,1.546,0.396798999846,0.0,0.371799190161,0.3738645782,0.999540703662,0.978738312227,96.914449107,240,
54.0,1.546,0.286817529939,0.0,0.277571153862,0.280019165603,0.999591604465,0.987960957703,97.0951432167,240,
60.0,1.546,0.346949902201,6.0,0.34060407269,0.342759174311,0.999561723808,0.982063727831,96.9826891804,240,
66.0,1.546,0.35617001413,0.0,0.349809659996,0.352035590658,0.999541419148,0.98107753228,96.8923159179,240,
72.0,1.546,0.461148121495,6.0,0.448207972366,0.449843522512,0.999564212428,0.96952609689,96.9866962181,240,
78.0,1.546,0.32223365007,0.0,0.301946302783,0.304496835941,0.999540587151,0.985783003425,96.9077763681,240,
84.0,1.546,0.388229613352,0.0,0.382032907196,0.38468584378,0.999377004159,0.977564464728,96.4539746072,240,
90.0,1.546,0.35834303272,6.0,0.36541710289,0.36940297006,0.999097435174,0.979280351383,95.7448754075,240,
96.0,1.546,0.503855014951,6.0,0.512063478993,0.514937953005,0.999092810943,0.96054178067,95.7280606096,240,
102.0,1.546,0.356018903221,6.0,0.364142808348,0.368094678605,0.999109647161,0.979414775096,95.7705131121,240,
108.0,1.546,0.360347550804,12.0,0.369521662903,0.372031139999,0.999471343989,0.978858701134,96.6082563306,240,
114.0,1.546,0.314304565584,12.0,0.315034525126,0.318886444115,0.999303259084,0.984351133186,96.114772126,240,
120.0,1.546,0.456444239127,6.0,0.445738989399,0.448103155385,0.999422079632,0.969562302411,96.3856537022,240,
126.0,1.546,0.331248773231,0.0,0.312636963262,0.316323606565,0.999336187845,0.984606075376,96.213938759,240,
