LeadTime (HRS), obsMax (m MSL), Peak (m), PLag (min), Bias(m), RMSD (m), RVal, Skil, VExp (%), nPts,
-0.0,0.771,0.241909838657,12.0,0.622120405131,0.684342950469,0.935131296616,0.542203538776,30.0192380386,240,
6.0,0.771,0.224104315796,6.0,0.618168244419,0.680836917811,0.941896378632,0.544338113241,30.1098096311,239,
12.0,0.771,0.186280173148,6.0,0.577405233165,0.646619675891,0.924110569799,0.553653852964,28.7017245321,239,
18.0,0.771,0.189730368415,-6.0,0.58610386067,0.657105267275,0.923777540788,0.546878425082,27.2235100286,239,
24.0,0.771,0.218951719274,6.0,0.606696844072,0.673785425573,0.926331751987,0.543879302684,28.2045993162,239,
30.0,0.771,0.169531417594,18.0,0.577262991223,0.649313439044,0.919694385396,0.550364033026,27.1799145831,239,
36.0,0.771,0.184632710568,24.0,0.591419821536,0.662199471403,0.917783434957,0.544594445442,27.0336582727,239,
42.0,0.771,0.175558281301,36.0,0.567277700753,0.634511389347,0.931615929387,0.560813444291,30.3705231849,239,
48.0,0.771,0.190004852814,12.0,0.585869924652,0.651576337637,0.925206635655,0.55491840122,30.1522231281,239,
54.0,0.771,0.149863736761,24.0,0.535809683698,0.61073495481,0.917851186731,0.565993473918,28.2048380161,239,
60.0,0.771,0.199290012695,24.0,0.589780734233,0.65924139283,0.914692728917,0.547577714816,27.8493831002,239,
66.0,0.771,0.166278433021,48.0,0.564568085902,0.633616466415,0.920830728448,0.560229432908,29.5430010671,239,
72.0,0.771,0.219356778374,66.0,0.605833110885,0.670229651593,0.907517163074,0.547344904019,29.7812941365,239,
78.0,0.771,0.186769812319,18.0,0.573788079453,0.640803079307,0.916351730178,0.558287345572,30.1145763105,239,
84.0,0.771,nan,nan,nan,nan,nan,nan,nan,0,
90.0,0.771,0.198715476702,12.0,0.578818007575,0.647650381676,0.918853626908,0.555470344865,28.9916796625,239,
96.0,0.771,0.210419175282,0.0,0.603851808066,0.666634886845,0.922354728508,0.551160221811,30.9774419408,239,
102.0,0.771,0.177188390866,-54.0,0.570520016006,0.636526514286,0.922978900026,0.562871317286,31.0173238884,239,
108.0,0.771,0.193012211388,18.0,0.595873274916,0.661832808246,0.931306543014,0.550199989951,29.6096615317,239,
114.0,0.771,0.184449356574,12.0,0.579893949918,0.647043504641,0.921150141643,0.556203035663,29.8516490084,239,
120.0,0.771,0.18751193957,30.0,0.588027397908,0.65325477232,0.937158440728,0.554975210906,30.4599669338,239,
126.0,0.771,0.224386306573,12.0,0.588566819087,0.655278838072,0.92775629425,0.554146913652,29.6004351197,239,
