LeadTime (HRS), obsMax (m MSL), Peak (m), PLag (min), Bias(m), RMSD (m), RVal, Skil, VExp (%), nPts,
-0.0,0.242,0.101029154136,546.0,-0.0179893502273,0.107392675495,0.715911071109,0.717451796491,0.0,240,
6.0,0.242,0.0881143681163,546.0,-0.0230973027728,0.106463293538,0.720811000481,0.71837553918,0.0,239,
12.0,0.242,0.0786209271868,-174.0,-0.0394894189215,0.110818134151,0.713537877231,0.700361042092,0.0,239,
18.0,0.242,0.0620237959645,-174.0,-0.0516823571305,0.115446387006,0.717179535737,0.68542757891,0.0,239,
24.0,0.242,0.0609167974961,-168.0,-0.049702480945,0.11245007147,0.729977437584,0.69653385823,0.0,239,
30.0,0.242,0.0394419863443,-168.0,-0.073149726869,0.123957346027,0.728508960952,0.656848386926,0.0,239,
36.0,0.242,0.0422621606272,-168.0,-0.071519986163,0.123933946778,0.723888363994,0.65703613863,0.0,239,
42.0,0.242,0.0345873017274,-168.0,-0.0798351070632,0.128303495639,0.721343834636,0.641322881506,0.0,239,
48.0,0.242,0.0429846788931,-168.0,-0.0711640406459,0.123433337459,0.71156040745,0.653942524525,0.0,239,
54.0,0.242,0.0355566342688,-174.0,-0.0790211023619,0.127405799976,0.716109440702,0.641589476836,0.0,239,
60.0,0.242,0.0182095611124,-168.0,-0.0917027315965,0.134006325445,0.731113138254,0.623184318137,0.0,239,
66.0,0.242,0.0133324947554,558.0,-0.0952806504975,0.136847847102,0.735069840833,0.616690720338,0.0,239,
72.0,0.242,0.0191417399862,564.0,-0.0880820418267,0.132478347456,0.729740393836,0.628919962526,0.0,239,
78.0,0.242,0.00261631097224,564.0,-0.108106573831,0.1456354269,0.740580822186,0.594023464373,0.0,240,
84.0,0.242,-0.0380092709984,570.0,-0.143483697359,0.172297844687,0.754577671273,0.524573825006,0.0,239,
90.0,0.242,-0.0471794763067,-162.0,-0.151715034817,0.178854968693,0.740940071094,0.505365394072,0.0,239,
96.0,0.242,-0.0173799304845,558.0,-0.121013152013,0.155263030219,0.73380704456,0.562886768899,0.0,239,
102.0,0.242,-0.0262438257072,558.0,-0.129851237524,0.162911322456,0.734996365147,0.544587080705,0.0,239,
108.0,0.242,-0.0741624913553,558.0,-0.172448227552,0.195284833511,0.753807809366,0.473345183501,0.0,239,
114.0,0.242,-0.08336054256,558.0,-0.183986566912,0.206340297939,0.739813103951,0.453032804968,0.0,239,
120.0,0.242,-0.0628713303097,552.0,-0.168135906426,0.19174101209,0.741247424072,0.479076964335,0.0,239,
126.0,0.242,-0.0696120440247,558.0,-0.170175554047,0.193656437223,0.747690200539,0.476272917182,0.0,239,
