LeadTime (HRS), obsMax (m MSL), Peak (m), PLag (min), Bias(m), RMSD (m), RVal, Skil, VExp (%), nPts,
-0.0,3.634,-0.465505664889,-12.0,0.391884076768,1.05194440165,0.955106657234,0.945998723192,62.8812987251,239,
6.0,3.634,-0.662147836382,-6.0,0.308941356902,1.07387679197,0.951538101849,0.941725511053,60.8140311981,240,
12.0,3.634,-0.342620338539,-6.0,0.616963258036,1.12813090337,0.962610618737,0.93827819422,64.0145635522,240,
18.0,3.634,-0.464656262403,-6.0,0.493409629067,1.07617187194,0.961950263901,0.943042125167,63.5604251014,240,
24.0,3.634,-0.40993355717,-6.0,0.534789719263,1.08101734502,0.963554507186,0.943020633577,64.2054221486,240,
30.0,3.634,-0.687462933738,-6.0,0.280285969053,1.02025400428,0.959273704799,0.947854446518,62.6230383001,240,
36.0,3.634,-0.0554443249417,0.0,0.89463252287,1.27422171599,0.966495669227,0.924044665704,65.4293324549,240,
42.0,3.634,-0.301545663558,-6.0,0.64634150694,1.12806777085,0.964977599446,0.938752688798,64.7740491084,240,
48.0,3.634,-0.0939510887384,0.0,0.842066266788,1.23592163839,0.966812803561,0.928204017152,65.5312481606,240,
54.0,3.634,-0.475671930925,-6.0,0.469906016863,1.0598603243,0.962323623865,0.944843519598,63.8042648438,240,
60.0,3.634,0.302180302143,0.0,1.20648553315,1.48773178983,0.969072124921,0.901642067057,66.8338278531,240,
66.0,3.634,-0.493612358436,-6.0,0.438920497774,1.03543436795,0.963789694523,0.947452804947,64.2688536317,240,
72.0,3.634,0.318621792231,0.0,1.21725741619,1.49657741649,0.969309315946,0.90052926273,66.8274859871,240,
78.0,3.634,-3.41801529976,-6.0,-2.39158540025,2.70083170929,0.934183820302,0.722078064341,52.1865689025,240,
84.0,3.634,-0.141016686395,-6.0,0.804528614422,1.21443401881,0.966206764436,0.930338728126,65.3389571044,240,
90.0,3.634,-0.128290507172,-6.0,0.811411941225,1.20546138096,0.968634029566,0.931653856979,66.0335365483,240,
96.0,3.634,-0.145645345279,-6.0,0.79508776333,1.21183847019,0.96590616,0.930431109509,65.155074479,240,
102.0,3.634,-0.161604463383,-6.0,0.787220867627,1.20564396608,0.96676115438,0.930972242007,65.2077583982,240,
108.0,3.634,-0.161467826412,0.0,0.79125717368,1.21881827644,0.964287272542,0.929402923259,64.678353723,240,
114.0,3.634,-0.144938644445,0.0,0.794608433107,1.20777008287,0.96721132995,0.930837304072,65.3447725935,240,
120.0,3.634,-0.181098327937,-6.0,0.762347890218,1.20997171961,0.963515849741,0.929858771621,64.200174597,240,
126.0,3.634,-0.166147516831,0.0,0.771413454229,1.207967693,0.964384848816,0.930404937467,64.582371152,240,
