LeadTime (HRS), obsMax (m MSL), Peak (m), PLag (min), Bias(m), RMSD (m), RVal, Skil, VExp (%), nPts,
-0.0,0.368,0.162108400565,0.0,0.193949134624,0.195772494727,0.983074354395,0.414553803944,58.4787250246,240,
6.0,0.368,0.162113443688,0.0,0.196231530481,0.197850334358,0.989680702206,0.411301945928,60.4699640638,239,
12.0,0.368,0.178166629377,0.0,0.225387920455,0.227413546608,0.988009797482,0.367052309564,52.6008638222,239,
18.0,0.368,0.191899874152,78.0,0.24083144401,0.242499580302,0.986025674781,0.352506140322,55.5599060455,239,
24.0,0.368,0.203809809837,0.0,0.252145226744,0.25438591879,0.960258641177,0.33671920161,47.2732467126,239,
30.0,0.368,0.194544325726,6.0,0.240414313057,0.242086288095,0.988972848331,0.353794316251,55.7593982006,240,
36.0,0.368,0.231018467371,0.0,0.266061847705,0.267446691062,0.981161565252,0.329865879431,57.5074565586,239,
42.0,0.368,0.240609984593,0.0,0.283390210691,0.285362408927,0.973771715502,0.308342460351,47.6425240576,239,
48.0,0.368,0.272642882575,0.0,0.309111062024,0.310171129962,0.988344150537,0.294252796486,59.9453575397,239,
54.0,0.368,0.249307037705,0.0,0.291944751178,0.293549899995,0.979736592288,0.303750312234,52.0751423833,239,
60.0,0.368,0.237326267175,0.0,0.280991171767,0.282324414078,0.98619100481,0.315370831404,57.1577628035,239,
66.0,0.368,0.240228196892,0.0,0.278907114899,0.280293464219,0.986834022099,0.316763439379,56.4726871356,239,
72.0,0.368,0.245887561117,0.0,0.282958470647,0.284454895959,0.982017956249,0.312581326583,54.4467866441,239,
78.0,0.368,0.207779348149,0.0,0.253660586683,0.256138257386,0.970722388185,0.332479658441,44.4399113739,239,
84.0,0.368,0.160249899474,0.0,0.207930859396,0.21118112288,0.951197614074,0.381728197854,42.3012988668,239,
90.0,0.368,0.14660837199,0.0,0.189319839759,0.192005259137,0.987140310783,0.411280157896,49.9740357033,239,
96.0,0.368,0.204090881342,0.0,0.224718827487,0.225647123756,0.986971017321,0.38193672112,68.0355091638,239,
102.0,0.368,0.133356769471,0.0,0.185156394812,0.189767538632,0.873676994135,0.407521852155,34.9993603937,239,
108.0,0.368,0.0258290260187,12.0,0.0805923866054,0.0906619747739,0.916501344371,0.606782161691,35.0815131461,239,
114.0,0.368,0.0512401174681,0.0,0.110392696977,0.118582920394,0.883497301411,0.531173324444,32.300695421,239,
120.0,0.368,nan,nan,nan,nan,nan,nan,nan,0,
126.0,0.368,-0.00800158288362,168.0,0.0746138173934,0.0927608066149,0.721556997113,0.537642769598,13.7450625909,239,
