LeadTime (HRS), obsMax (m MSL), Peak (m), PLag (min), Bias(m), RMSD (m), RVal, Skil, VExp (%), nPts,
-0.0,1.557,0.811069273477,0.0,0.662050733942,0.703318853311,0.98856928001,0.907728860485,76.8064904818,239,
6.0,1.557,0.698907624038,-6.0,0.53995061454,0.588475930023,0.988805524816,0.933420840472,77.178951875,240,
12.0,1.557,0.84631496672,-6.0,0.699037301788,0.735858209717,0.989382676336,0.900002793181,77.583276179,240,
18.0,1.557,0.948551212699,6.0,0.787451865388,0.820219389686,0.989662396579,0.879278142103,77.6161289849,240,
24.0,1.557,0.653630281547,6.0,0.479578365737,0.530005052912,0.990281367143,0.945283237508,77.9952682021,240,
30.0,1.557,0.681459117534,6.0,0.513462139789,0.562767007218,0.989745443398,0.938860898662,77.5347100262,240,
36.0,1.557,0.794729544447,0.0,0.603480959005,0.644372126264,0.990995959716,0.921749229285,77.9701652894,240,
42.0,1.557,1.16166885324,6.0,0.977495054267,1.00433639266,0.990426049512,0.831827726918,77.5068542469,240,
48.0,1.557,0.754384190566,6.0,0.563737856269,0.607355833989,0.990775616203,0.929716691951,77.958388679,240,
54.0,1.557,1.06828343123,0.0,0.890656548845,0.918786389193,0.990268583977,0.853784517778,77.9975604864,240,
60.0,1.557,0.767732460307,0.0,0.598484419685,0.63946213774,0.989991807534,0.922333099094,78.0345760778,240,
66.0,1.557,1.33224247156,0.0,1.14661701219,1.16854979758,0.990044596345,0.787125309576,78.0237900937,240,
72.0,1.557,0.740706369378,0.0,0.534720605464,0.578669929434,0.990889289357,0.935502723448,78.4267975924,240,
78.0,1.557,1.1652796568,0.0,0.9629772772,0.986952058725,0.991747604393,0.835931300571,78.9136446107,240,
84.0,1.557,0.454413353044,0.0,0.293127542726,0.370146738485,0.989957139945,0.9724351743,77.9575012593,240,
90.0,1.557,1.0598381179,0.0,0.876221803831,0.904432352424,0.990342862397,0.857608977753,78.142005575,240,
96.0,1.557,0.393818357409,0.0,0.18049804026,0.284509353925,0.991319217386,0.983559444476,78.5520901126,240,
102.0,1.557,0.919538011591,-6.0,0.694761199886,0.728816151484,0.991763650644,0.902253458366,78.5268664686,240,
108.0,1.557,0.324043917751,-6.0,0.106892235331,0.243618643173,0.99142420335,0.987884695548,78.6503033454,240,
114.0,1.557,0.851369865809,-6.0,0.654241250761,0.690812249127,0.99116771476,0.910996547599,78.3701780827,240,
120.0,1.557,0.227245239765,0.0,0.0269986213908,0.225192415976,0.990883484991,0.989641971329,78.1965807113,240,
126.0,1.557,0.751377731228,-12.0,0.547200439573,0.584017888316,0.991238156313,0.933375555439,80.0971707083,240,
