LeadTime (HRS), obsMax (m MSL), Peak (m), PLag (min), Bias(m), RMSD (m), RVal, Skil, VExp (%), nPts,
-0.0,1.276,0.318556085291,-36.0,-0.0616957725494,0.232623617445,0.969534910504,0.981330765291,72.6199078533,240,
6.0,1.276,0.134127882453,-30.0,-0.0716570239011,0.203410641442,0.978460118291,0.98573852324,76.7989955857,239,
12.0,1.276,0.218404068224,-24.0,0.0812608683332,0.176046677007,0.986310377408,0.989335666182,80.9671571158,239,
18.0,1.276,0.0781530145161,-30.0,-0.063410173702,0.1555248666,0.989030965492,0.991657476114,82.6927592933,239,
24.0,1.276,0.0624486296495,-30.0,-0.0556561170437,0.154960738516,0.988767925779,0.991737041608,82.3746790411,239,
30.0,1.276,0.0336439597137,-30.0,-0.0807801384826,0.145942483931,0.992783888125,0.992676807935,85.1867100416,239,
36.0,1.276,0.288977204263,-24.0,0.124843442217,0.161969523872,0.995173193455,0.990968843754,87.4239374149,239,
42.0,1.276,0.15586798895,-18.0,0.01874878156,0.0950147970227,0.996095775979,0.996857307108,88.6479866586,239,
48.0,1.276,0.165986104756,-18.0,0.0292886540115,0.0942563101944,0.996297744624,0.996896523033,89.0814022796,239,
54.0,1.276,nan,nan,nan,nan,nan,nan,nan,0,
60.0,1.276,0.255583520615,-24.0,0.150965980102,0.178915723349,0.995419207352,0.988943023098,88.3261651752,239,
66.0,1.276,0.173151111717,-24.0,0.0810331283729,0.121729827741,0.996020155734,0.994846732262,88.9561774564,239,
72.0,1.276,0.151556683739,-18.0,0.0735992451827,0.1168514938,0.996108541432,0.995255612675,88.9657912744,239,
78.0,1.276,0.183015093819,-18.0,0.104432750319,0.137978415158,0.996359778453,0.993416429081,89.0367320155,239,
84.0,1.276,0.278129064388,-18.0,0.197731197761,0.216688650312,0.996888378081,0.984010489672,89.2240447072,239,
90.0,1.276,0.25061202574,-18.0,0.187297670409,0.204859108876,0.997159311159,0.985605661821,89.9108303396,239,
96.0,1.276,0.232490490298,-24.0,0.147006130723,0.169230616326,0.997080060814,0.99013135915,89.8078092176,239,
102.0,1.276,0.315484038365,-18.0,0.240539294705,0.254300761315,0.99715076232,0.977984059774,89.9674738001,239,
108.0,1.276,0.2006844193,-18.0,0.152719110151,0.17443414971,0.99616520554,0.989363935354,89.7528886145,239,
114.0,1.276,0.268206044314,-18.0,0.218156798978,0.233771878399,0.996253735071,0.981090424053,89.7870179752,239,
120.0,1.276,0.409671048707,-18.0,0.325795524786,0.341764433702,0.997713102481,0.962410866102,87.4475563664,239,
126.0,1.276,0.592797702734,-18.0,0.50049529477,0.510682366201,0.99823436063,0.920570441318,87.6608873965,239,
