LeadTime (HRS), obsMax (m MSL), Peak (m), PLag (min), Bias(m), RMSD (m), RVal, Skil, VExp (%), nPts,
-0.0,1.046,0.292333925742,-18.0,0.206535814453,0.216802696737,0.994983141592,0.971405167637,89.4269833192,240,
6.0,1.046,0.292231205249,48.0,0.200188432136,0.210745323754,0.994983289379,0.972855445492,89.4206568494,239,
12.0,1.046,0.298855846677,48.0,0.231948476275,0.24046571898,0.995360737377,0.964973203694,89.8113710866,239,
18.0,1.046,0.369858332565,12.0,0.29276908772,0.299084976159,0.995618471574,0.946829317338,90.1795970984,239,
24.0,1.046,0.248243830707,18.0,0.186836061807,0.196183234658,0.995850988418,0.976344611862,90.3892954182,239,
30.0,1.046,0.242640989387,30.0,0.185093204991,0.193186989314,0.996506793695,0.977059242864,91.1123410824,239,
36.0,1.046,0.259694148814,0.0,0.183540588945,0.191567975257,0.996613510957,0.977464824326,91.1860550126,239,
42.0,1.046,0.323470884654,0.0,0.260335969213,0.2656488135,0.996817256106,0.957579640876,91.5090770989,239,
48.0,1.046,0.215361422986,6.0,0.15696896758,0.165040647695,0.997109278261,0.983159757383,91.8111832037,239,
54.0,1.046,nan,nan,nan,nan,nan,nan,nan,0,
60.0,1.046,0.22012558654,0.0,0.152927807485,0.159853747148,0.997604144577,0.984086585235,92.5027755134,239,
66.0,1.046,0.296015043979,6.0,0.221317143547,0.226136576997,0.99758647986,0.96867925771,92.519809613,239,
72.0,1.046,0.222584292651,6.0,0.137834769818,0.145929031865,0.997416472555,0.986686031241,92.2801702408,239,
78.0,1.046,0.211056294913,12.0,0.136240256154,0.144492650945,0.99729370341,0.986894148565,92.2468666136,239,
84.0,1.046,0.218278729606,6.0,0.149652126037,0.156885628076,0.997432405929,0.984598035171,92.4149772839,239,
90.0,1.046,0.2680183516,12.0,0.19326453251,0.198815036192,0.997462920181,0.975503444179,92.4856070908,239,
96.0,1.046,0.221034493712,6.0,0.142172794107,0.150079239408,0.997344346706,0.985900616304,92.2569867524,239,
102.0,1.046,0.212078923456,0.0,0.134441913132,0.142205126245,0.997629865342,0.987361699474,92.5350936495,239,
108.0,1.046,0.249861839028,6.0,0.167890145927,0.174201699039,0.997461354334,0.981048824385,92.5152021166,239,
114.0,1.046,0.246470073805,12.0,0.173531781266,0.179700142782,0.997455835688,0.979876048386,92.4810797394,239,
120.0,1.046,0.178477744355,6.0,0.115802070786,0.124863857289,0.997510961648,0.990197205994,92.4776278698,239,
126.0,1.046,0.155937848115,6.0,0.0884153064564,0.0999013068669,0.99744205993,0.993677439123,92.5084906229,239,
