LeadTime (HRS), obsMax (m MSL), Peak (m), PLag (min), Bias(m), RMSD (m), RVal, Skil, VExp (%), nPts,
-0.0,0.245,0.179170236239,-48.0,0.0673141370497,0.117877116639,0.920761683932,0.820155280641,0.0,240,
6.0,0.245,0.166762911221,-60.0,0.065578929752,0.116881379071,0.919234024473,0.822405092865,0.0,239,
12.0,0.245,0.159046402705,-54.0,0.0479397868014,0.110868356828,0.920077379074,0.839500958749,0.0,239,
18.0,0.245,0.166065559599,-66.0,0.0560098942717,0.114539225555,0.918707779174,0.830368015127,0.0,239,
24.0,0.245,0.179237363782,-72.0,0.063553875485,0.117094854771,0.922299410217,0.82387374994,0.0,239,
30.0,0.245,0.244202117484,1200.0,0.201071999457,0.207240215455,0.876582973276,0.538706939939,47.5192591841,239,
36.0,0.245,0.0766567636128,-108.0,-0.0408408232756,0.109557597218,0.923805067863,0.844645868963,0.0,239,
42.0,0.245,0.0749805245698,-96.0,-0.0456332551261,0.112349916313,0.92439207745,0.838987897495,0.0,239,
48.0,0.245,0.0764577656378,-108.0,-0.0435295324065,0.110428173738,0.929714803259,0.844017427686,0.0,239,
54.0,0.245,nan,nan,nan,nan,nan,nan,nan,0,
60.0,0.245,0.0307376886123,-120.0,-0.0932404409574,0.142710763153,0.908681144044,0.765971484538,0.0,239,
66.0,0.245,0.0254012318405,-102.0,-0.0942377424977,0.141760310357,0.908270557397,0.766195518074,0.0,239,
72.0,0.245,0.0483643379989,-108.0,-0.0710286156158,0.125439376572,0.919866936018,0.80711147715,0.0,239,
78.0,0.245,0.0717996527024,-96.0,-0.041125142647,0.107862131799,0.923095092068,0.847107907222,0.0,239,
84.0,0.245,0.0184995427734,-126.0,-0.100809481352,0.146722275635,0.906122814747,0.754364269046,0.0,239,
90.0,0.245,0.00184864647261,-90.0,-0.11026718966,0.153073322593,0.899603039295,0.736262433341,0.0,239,
96.0,0.245,0.0347273455605,-114.0,-0.0885460683926,0.139124967113,0.918301678524,0.777220557543,0.0,239,
102.0,0.245,0.0705006752098,-90.0,-0.0541774798098,0.116706705846,0.940189993219,0.833587765308,0.0,239,
108.0,0.245,-0.000416848387734,-96.0,-0.125129675687,0.165631000398,0.949949677985,0.725546214728,0.0,239,
114.0,0.245,-0.0395437899252,-60.0,-0.166156331935,0.199417332538,0.925418292296,0.643990883354,0.0,239,
120.0,0.245,-0.0597067611639,-120.0,-0.210424222957,0.243746138713,0.929341658055,0.572482013254,0.0,239,
126.0,0.245,-0.0619433976545,-108.0,-0.223198758953,0.257871600139,0.921632298348,0.552171640851,0.0,239,
