LeadTime (HRS), obsMax (m MSL), Peak (m), PLag (min), Bias(m), RMSD (m), RVal, Skil, VExp (%), nPts,
-0.0,1.442,0.0665951528983,-24.0,0.13678859573,0.199084693539,0.992825535765,0.98968593179,85.8445560128,240,
6.0,1.442,-0.0914557938259,0.0,0.0169086786036,0.214714392493,0.985997179966,0.987190888956,79.0880445063,239,
12.0,1.442,-0.0668656499728,-18.0,0.027955840178,0.20365971093,0.987304731276,0.988617279258,80.2912607363,239,
18.0,1.442,-0.101492542667,-12.0,0.0401702376118,0.205512093724,0.987515479516,0.988397448618,80.3092304971,239,
24.0,1.442,0.114147394541,-18.0,0.203656975545,0.256203664259,0.992116777679,0.982882440583,84.8130655564,239,
30.0,1.442,-0.0917631099835,-12.0,0.0366116007346,0.200118554382,0.987915722009,0.989056844045,80.7788562498,239,
36.0,1.442,-0.0409876638579,-12.0,0.0888175989735,0.224843052087,0.986203436207,0.9860929384,79.7863170035,240,
42.0,1.442,-0.0576605778891,-12.0,0.0706626947711,0.232817686607,0.98420429084,0.984949525285,78.3357979027,239,
48.0,1.442,0.223094076451,-12.0,0.306166120724,0.324181003808,0.995799901711,0.974126679504,89.5931848997,239,
54.0,1.442,-0.00578447274431,-12.0,0.107362788379,0.208346606562,0.989887667487,0.988369050028,82.5625942572,239,
60.0,1.442,0.0122833987896,-18.0,0.108716640085,0.204345139865,0.990136257374,0.9888983494,83.1025596171,239,
66.0,1.442,-0.0549683613332,-12.0,0.0917726955835,0.248424351492,0.982482270026,0.982796734333,77.4552724504,239,
72.0,1.442,0.102053706704,-6.0,0.207838429625,0.259393523046,0.991833438623,0.982538969929,84.8429639625,239,
78.0,1.442,0.00579227194464,-6.0,0.119925671126,0.199306655078,0.99177440553,0.989541730836,84.4538126679,239,
84.0,1.442,-0.0240797317444,-6.0,0.0901246077746,0.186913124988,0.991360362642,0.990749159579,84.0083378166,239,
90.0,1.442,-0.0648952563707,-6.0,0.0597884388963,0.20533546487,0.987939794445,0.988500576856,80.8160365977,239,
96.0,1.442,0.134760406947,-6.0,0.24292899102,0.288582450516,0.991605997973,0.97851192595,84.787332197,239,
102.0,1.442,0.0407708191432,-12.0,0.151137262306,0.21893769627,0.992073513118,0.987388397047,84.5306055742,239,
108.0,1.442,-0.0136098329994,-6.0,0.106526773123,0.213488725461,0.989163067755,0.987723157602,81.9319038438,239,
114.0,1.442,-0.0322411400419,-12.0,0.0877327223814,0.196086439612,0.990613322052,0.989679501036,82.874037423,239,
120.0,1.442,0.139349522108,0.0,0.226335405096,0.262052241797,0.99377277747,0.982577781835,87.1017421169,239,
126.0,1.442,nan,nan,nan,nan,nan,nan,nan,0,
