LeadTime (HRS), obsMax (m MSL), Peak (m), PLag (min), Bias(m), RMSD (m), RVal, Skil, VExp (%), nPts,
-0.0,0.075,1.80832804325,-1356.0,1.89449341096,1.89618153696,0.945403539902,0.0828226174865,16.1429957847,240,
6.0,0.075,1.80909548625,-1356.0,1.9024521193,1.90411381293,0.968383801431,0.0824532642349,16.5557417171,239,
12.0,0.075,1.77986386981,-66.0,1.88428178626,1.8859697727,0.976911824404,0.0831712163589,16.3002917559,239,
18.0,0.075,1.77583727699,-12.0,1.8816359203,1.88331875072,0.981241535824,0.0832768158081,16.4869478166,239,
24.0,0.075,1.80478725975,-48.0,1.90100840023,1.90257792581,0.956866379094,0.082626169223,18.9346726346,239,
30.0,0.075,1.81047343358,-42.0,1.91478588398,1.91641497212,0.98322295818,0.0819760759978,17.1115431562,239,
36.0,0.075,1.79455470885,-12.0,1.89372991611,1.89530111352,0.980552429461,0.082958513183,19.1168420631,240,
42.0,0.075,1.7803098365,-96.0,1.88043227494,1.8821221652,0.949462918785,0.083358455728,16.3922368816,239,
48.0,0.075,1.79530868404,-1332.0,1.89582303549,1.89761799612,0.935818259643,0.082636399106,13.4792871096,239,
54.0,0.075,1.81303151807,-18.0,1.91216586477,1.91378791756,0.979035147826,0.0821366698637,17.4003305254,239,
60.0,0.075,1.78491097893,6.0,1.88539272883,1.88706917707,0.976868227203,0.0831788695967,16.615858327,239,
66.0,0.075,1.76974265282,0.0,1.87397355647,1.87565523887,0.985074738603,0.0836492769149,16.7389114368,239,
72.0,0.075,1.77927307759,0.0,1.87808578579,1.879754642,0.971348174604,0.0835011844788,16.9662632613,239,
78.0,0.075,1.79574813585,-42.0,1.89961653554,1.90135610282,0.967033508991,0.0825295883325,14.7402718537,239,
84.0,0.075,1.77096686063,-90.0,1.87355160911,1.87523242962,0.977703301078,0.0836660925489,16.7696276983,239,
90.0,0.075,1.76713739598,48.0,1.86721032912,1.86883800093,0.961672613342,0.0840018366229,18.2353429058,239,
96.0,0.075,1.76488241968,-132.0,1.86757625415,1.86927882717,0.969240724384,0.0839075725082,16.3661752781,239,
102.0,0.075,1.78780190953,6.0,1.88947684202,1.89110093884,0.983851612726,0.0830690006265,17.8398913382,239,
108.0,0.075,1.79944337557,42.0,1.89840893077,1.90003051832,0.974589492745,0.0826990776131,17.7096780284,239,
114.0,0.075,1.77896780456,-72.0,1.88291813251,1.8845323798,0.981570341382,0.0833339108873,18.2317377448,239,
120.0,0.075,1.79083332373,-36.0,1.88996199197,1.89154167407,0.9797702413,0.0830910148018,18.9611876242,239,
126.0,0.075,nan,nan,nan,nan,nan,nan,nan,0,
