LeadTime (HRS), obsMax (m MSL), Peak (m), PLag (min), Bias(m), RMSD (m), RVal, Skil, VExp (%), nPts,
-0.0,0.936,0.169161356571,-54.0,0.300858215423,0.38406435513,0.916033506806,0.888234238974,59.7617130312,240,
6.0,0.936,0.215497255615,-30.0,0.266311953809,0.339618323017,0.934716764747,0.913032991877,64.3654967825,239,
12.0,0.936,0.241450278659,-36.0,0.280000697017,0.341680811364,0.94658309409,0.909330704113,66.8910744842,239,
18.0,0.936,0.151394411978,-42.0,0.207935304608,0.295977642934,0.938589603483,0.927862195425,64.3867121657,239,
24.0,0.936,0.218156140526,-36.0,0.24506979583,0.309467533955,0.952124349366,0.923354843496,68.0486489266,239,
30.0,0.936,nan,nan,nan,nan,nan,nan,nan,0,
36.0,0.936,0.234465054739,-42.0,0.266528899829,0.334164738807,0.944846271382,0.909891355724,65.8338235896,239,
42.0,0.936,0.186410541864,-36.0,0.221532502045,0.306387671204,0.939251741295,0.921413947245,64.1239432341,239,
48.0,0.936,0.191166972416,-36.0,0.244294480868,0.312518112192,0.953842896698,0.917945793103,66.9627901376,239,
54.0,0.936,0.197878472972,-36.0,0.22809479641,0.303768802955,0.947846870644,0.922738955633,65.9940493634,239,
60.0,0.936,0.406433696382,-30.0,0.425841810547,0.455186657291,0.96482269787,0.856686438765,72.7452429262,239,
66.0,0.936,0.335587000644,-30.0,0.389800909586,0.425095359364,0.959303402794,0.873010418479,71.2534457737,239,
72.0,0.936,0.355685262237,-24.0,0.410527899156,0.439635542555,0.965323670667,0.866964234323,73.335333423,239,
78.0,0.936,0.579034672897,-18.0,0.533550086041,0.560018537699,0.957546991393,0.81226554482,71.1617627261,239,
84.0,0.936,0.203874758466,-780.0,0.312564007503,0.363874600895,0.949689047816,0.902553513278,68.420944677,239,
90.0,0.936,0.370845067767,-30.0,0.338565119973,0.405129148313,0.92637501941,0.884241958606,62.2863611945,239,
96.0,0.936,0.304551464831,-24.0,0.275405356298,0.349099686966,0.93154126392,0.909652227969,63.6364364865,239,
102.0,0.936,0.156757814349,-36.0,0.221726272981,0.299029781856,0.941562837016,0.929785653496,65.9906611217,239,
108.0,0.936,-0.0297941394747,-48.0,0.0577446798723,0.270684377601,0.89968751692,0.932097667443,55.1739444068,239,
114.0,0.936,-0.0579832545731,-54.0,0.0375774879339,0.278585080592,0.889394396372,0.926916778036,53.2101115577,239,
120.0,0.936,-0.00688605840555,-48.0,0.049950600154,0.292068637854,0.877750277069,0.920198875539,51.3599853031,240,
126.0,0.936,-0.131222627426,-60.0,-0.00178488761817,0.319422831474,0.852600969755,0.894544569114,45.993292477,239,
