LeadTime (HRS), obsMax (m MSL), Peak (m), PLag (min), Bias(m), RMSD (m), RVal, Skil, VExp (%), nPts,
-0.0,0.245,0.00985300560901,66.0,0.0284220272307,0.0344710750959,0.971683779498,0.95662850513,76.1020876987,240,
6.0,0.245,0.00651057818418,12.0,0.0198509344657,0.0264471420779,0.977047996473,0.973827895318,78.6241677397,239,
12.0,0.245,nan,nan,nan,nan,nan,nan,nan,0,
18.0,0.245,-0.0207502023961,6.0,0.00358736317003,0.0157075639883,0.982457562713,0.99066720945,81.3123324722,239,
24.0,0.245,-0.0153188497682,6.0,0.00501794637619,0.0154558623497,0.983999822081,0.990996713435,82.1357479162,239,
30.0,0.245,-0.0260068980093,6.0,-0.0061809310448,0.0153455517748,0.98516124935,0.991046087153,82.8358458489,239,
36.0,0.245,0.0299687392217,6.0,0.0519703544141,0.0538989018686,0.984643217121,0.900494788641,82.5386138989,239,
42.0,0.245,0.0186376325829,12.0,0.0383650176367,0.0406868804389,0.986200492319,0.940622394124,83.4440903601,239,
48.0,0.245,0.0390654888506,24.0,0.0592270143025,0.0607940174927,0.985861458973,0.878490376233,83.2412262539,239,
54.0,0.245,0.0446518518311,18.0,0.0660405657563,0.0673677902011,0.986714665538,0.856265948161,83.7391845255,239,
60.0,0.245,0.0803087505253,30.0,0.101023028864,0.101787830302,0.988552907277,0.727480572858,84.7805636145,239,
66.0,0.245,0.0603247683165,18.0,0.0802911979205,0.0812625377246,0.988406155703,0.802443889233,84.6918498004,239,
72.0,0.245,0.0754751520801,18.0,0.089213812857,0.0901895691013,0.986859865144,0.772950693376,83.8316909506,239,
78.0,0.245,0.0699883905607,24.0,0.0875414018166,0.0886209140431,0.985703068486,0.777976641984,83.1480986673,239,
84.0,0.245,0.13516844979,18.0,0.151731789951,0.152441312866,0.984060086176,0.579625294177,82.0476115558,239,
90.0,0.245,0.127452798801,18.0,0.144056105961,0.144889147797,0.982144224133,0.597798579262,81.0408087194,239,
96.0,0.245,0.153422275787,24.0,0.170659158686,0.17139932753,0.981489874974,0.540232326373,80.555615328,239,
102.0,0.245,0.177399433949,24.0,0.189240571054,0.189843146522,0.983847690125,0.507712788261,81.4994812047,240,
108.0,0.245,0.137278679955,12.0,0.155591840167,0.156338332521,0.983095585531,0.570610372269,81.3346655856,239,
114.0,0.245,0.0972652942309,12.0,0.11601136902,0.116997926132,0.983003479726,0.68130012081,81.4543465842,239,
120.0,0.245,0.0612806887112,12.0,0.0848270287382,0.0863048976276,0.981039068868,0.78732325928,80.5473902913,239,
126.0,0.245,0.0763546382381,18.0,0.0980213981892,0.0990779266926,0.984300504324,0.739009112862,82.3486641728,239,
