LeadTime (HRS), obsMax (m MSL), Peak (m), PLag (min), Bias(m), RMSD (m), RVal, Skil, VExp (%), nPts,
-0.0,0.207,0.270743145188,0.0,0.196252711195,0.204208577269,0.840782561299,0.531629692303,42.1255580272,240,
6.0,0.207,0.268771864811,0.0,0.19504781167,0.202273840136,0.85127678074,0.532093074577,44.4684997375,239,
12.0,0.207,nan,nan,nan,nan,nan,nan,nan,0,
18.0,0.207,0.294174582953,-6.0,0.229534421538,0.235027269487,0.863557508101,0.484068094979,47.0361202547,239,
24.0,0.207,0.304809889869,0.0,0.224790409577,0.23023864551,0.866508328515,0.490098645954,47.7956343689,239,
30.0,0.207,0.321807588827,0.0,0.246064112209,0.251186616472,0.863292065088,0.46329906394,47.0838567249,239,
36.0,0.207,0.332556234437,0.0,0.247328735062,0.251881452525,0.878103101891,0.463390434504,50.0153823131,239,
42.0,0.207,0.29287359341,6.0,0.227007894735,0.232059777544,0.875016372453,0.487886090411,49.5077999363,239,
48.0,0.207,0.295530634359,0.0,0.220593058064,0.225926000403,0.872515986467,0.49650081696,48.8362050837,239,
54.0,0.207,0.307408207575,-6.0,0.235061189974,0.239798814973,0.882117840718,0.480130588817,50.2695438879,239,
60.0,0.207,0.305901175489,-6.0,0.241145259162,0.245816234238,0.880370594315,0.472298837826,49.9953501474,239,
66.0,0.207,0.286463459993,-6.0,0.225235426933,0.229984159148,0.883278735284,0.491302287124,51.2517965378,239,
72.0,0.207,0.267277035424,36.0,0.211536662951,0.216439851994,0.887520997281,0.510323839034,51.9704416471,239,
78.0,0.207,0.302154182074,-12.0,0.24004505449,0.244731020861,0.877537132619,0.471376378032,50.027683918,239,
84.0,0.207,0.295845736698,-12.0,0.238723750634,0.243616063199,0.872611357387,0.472655545647,49.0677386491,239,
90.0,0.207,0.272754557927,42.0,0.215814482317,0.220595680286,0.886770069377,0.503913113904,52.1066631888,239,
96.0,0.207,0.236731876813,6.0,0.181233009778,0.1876181696,0.873540769549,0.55457099084,49.1172260354,239,
102.0,0.207,0.277046490243,0.0,0.22243265631,0.227699005849,0.876998563494,0.497373799976,49.5142679206,240,
108.0,0.207,0.296054335752,-12.0,0.233483511591,0.23851030405,0.87491133218,0.482210110306,49.5185189361,239,
114.0,0.207,0.263795420155,54.0,0.204057280571,0.209607824821,0.879284911683,0.522408927574,50.3395460711,239,
120.0,0.207,0.206318712713,54.0,0.147003230847,0.15459354491,0.881268560034,0.625128275772,50.4137030714,239,
126.0,0.207,0.274679491329,18.0,0.22181742469,0.226541532932,0.887482811413,0.497703684724,52.3029738796,239,
