LeadTime (HRS), obsMax (m MSL), Peak (m), PLag (min), Bias(m), RMSD (m), RVal, Skil, VExp (%), nPts,
-0.0,1.2,-0.301276475866,6.0,-0.210518340023,0.217016219706,0.99714132198,0.972778066772,92.0000526742,240,
6.0,1.2,-0.16468113329,6.0,-0.125613118001,0.136023034311,0.997311724172,0.989038200357,92.0661562634,239,
12.0,1.2,-0.210662185873,-6.0,-0.153617121076,0.16317180623,0.996956627391,0.984296226272,91.6361866253,239,
18.0,1.2,-0.155323584506,0.0,-0.0650318104831,0.0850228430454,0.997146887797,0.995665172215,91.6736724029,239,
24.0,1.2,-0.224458738923,6.0,-0.157393944818,0.164322396708,0.997760560343,0.984227065821,92.8341065738,240,
30.0,1.2,-0.111789981087,0.0,-0.0467347632166,0.0715666827209,0.997016351351,0.996955003705,91.7737043743,239,
36.0,1.2,-0.143745138021,0.0,-0.0531751691695,0.0808091295886,0.996284573985,0.996095574134,90.7646648698,239,
42.0,1.2,-0.084376209701,0.0,0.0123648779554,0.06338346362,0.995975472582,0.997602410736,90.5647174054,239,
48.0,1.2,-0.160801883765,0.0,-0.0633268103675,0.0913430776006,0.995513378109,0.995015591981,90.0089263279,239,
54.0,1.2,-0.0901683271139,-12.0,-0.00214539608952,0.0640397671825,0.995632496555,0.997557514098,90.2857329167,239,
60.0,1.2,-0.0655183582624,0.0,-0.0206249586803,0.0685097169512,0.995182665546,0.997237221402,90.084237088,239,
66.0,1.2,-0.0605886367681,6.0,0.0351951250161,0.0802606935477,0.994280878142,0.996169660887,89.0520077882,239,
72.0,1.2,-0.0812297322201,-6.0,-0.00572160045997,0.0705053657453,0.994633752136,0.997037836669,89.3342462883,239,
78.0,1.2,-0.0964773936596,0.0,-0.0327772919944,0.0698393580755,0.995813250917,0.997117361093,90.6399564421,239,
84.0,1.2,-0.0807755427282,0.0,-0.0121024783593,0.0771764687822,0.993858395043,0.996418518616,88.4313577847,239,
90.0,1.2,-0.0794861865111,-6.0,0.00359376096459,0.0539961939548,0.997161776017,0.998258581413,91.8228256063,239,
96.0,1.2,-0.113512887517,6.0,-0.0170882450745,0.0681694834944,0.995289431805,0.997236092748,89.9838290507,239,
102.0,1.2,-0.113993188297,0.0,-0.0241629824894,0.0811451481644,0.993541094782,0.996051768111,88.2427820885,239,
108.0,1.2,-0.116493335471,12.0,-0.0354419294294,0.0840234826563,0.99375377144,0.995772015464,88.4372554555,239,
114.0,1.2,nan,nan,nan,nan,nan,nan,nan,0,
120.0,1.2,-0.190784046533,0.0,-0.0921368315645,0.109073346924,0.996747137243,0.9928658912,91.1254130277,239,
126.0,1.2,-0.305745139449,-24.0,-0.182389708933,0.192358605127,0.996215661364,0.978225744667,90.7080999985,239,
