LeadTime (HRS), obsMax (m MSL), Peak (m), PLag (min), Bias(m), RMSD (m), RVal, Skil, VExp (%), nPts,
-0.0,0.68,0.088972416025,0.0,-0.0397115043019,0.0956462653259,0.992756549194,0.994060865875,85.4728675218,240,
6.0,0.68,-0.0191196586502,0.0,-0.12899972557,0.151434655463,0.993388478528,0.985049393636,86.7556397409,239,
12.0,0.68,0.162106929281,-6.0,0.0455179022383,0.0932965949859,0.993329650478,0.994301571017,86.4016084364,239,
18.0,0.68,0.075607392466,0.0,-0.0383765689039,0.0884706641311,0.993513252245,0.994860518455,86.6897330316,239,
24.0,0.68,0.121739416022,0.0,0.0109646652743,0.0831440435495,0.993085225865,0.995466236909,86.2399857182,240,
30.0,0.68,0.0386632134341,0.0,-0.0700919183964,0.107647598905,0.993278975487,0.992395844574,86.3243393398,239,
36.0,0.68,0.184910998474,0.0,0.0925078387532,0.126803096266,0.992301043798,0.989491316995,85.4833743618,239,
42.0,0.68,0.13164807864,0.0,0.0333855550519,0.0924134660338,0.992469845826,0.994392941651,85.5759958896,239,
48.0,0.68,0.167040430844,-6.0,0.0638283072701,0.108301492185,0.992175836052,0.992315137595,85.354788521,239,
54.0,0.68,0.0899092354777,-6.0,-0.00698718685717,0.0860822913205,0.992529250322,0.995129956712,85.6385946183,239,
60.0,0.68,0.164855601674,0.0,0.0712088636624,0.113095527248,0.991994473439,0.991614125201,85.2929955027,239,
66.0,0.68,0.114118174166,-6.0,0.0269855730703,0.0901743862174,0.992353084913,0.994649335762,85.5978209776,239,
72.0,0.68,0.106696202797,-6.0,0.0163596019469,0.0886533709076,0.992132852737,0.994828158458,85.4155381131,239,
78.0,0.68,0.0316928066175,0.0,-0.0595348189527,0.103338382737,0.992750746952,0.992992119004,85.8616724375,239,
84.0,0.68,0.13144078727,6.0,0.0426712011777,0.0988200866692,0.991519198791,0.993565849204,85.0805119907,239,
90.0,0.68,0.120762785779,6.0,0.0367386580153,0.0953607040134,0.991765100215,0.994005435021,85.2701153501,239,
96.0,0.68,0.109035104127,0.0,0.0202574537869,0.0893012849303,0.992012492145,0.994741010262,85.441908233,239,
102.0,0.68,0.0398930601434,6.0,-0.0393238988311,0.0941176937676,0.992082204039,0.994140657937,85.6870287761,239,
108.0,0.68,0.1217962389,0.0,0.0309615786012,0.0945430202262,0.991339333323,0.994095274511,85.0475105342,239,
114.0,0.68,nan,nan,nan,nan,nan,nan,nan,0,
120.0,0.68,0.0681929981268,-6.0,-0.00151467159887,0.0710178442675,0.994978517834,0.996673714008,88.144450603,239,
126.0,0.68,0.0376610839978,-6.0,-0.036692287539,0.0792999595726,0.995081497627,0.995854798722,88.261533014,239,
