LeadTime (HRS), obsMax (m MSL), Peak (m), PLag (min), Bias(m), RMSD (m), RVal, Skil, VExp (%), nPts,
-0.0,0.511,0.117293307271,630.0,0.167217071188,0.185806638733,0.955940998325,0.75489694957,59.7003982002,240,
6.0,0.511,0.12953442705,612.0,0.176062204324,0.197297805083,0.942483573069,0.724733834758,55.6974429013,239,
12.0,0.511,0.0255313547479,600.0,0.118136359819,0.170473204107,0.897467381311,0.70745263253,38.850664161,239,
18.0,0.511,0.0382177135389,600.0,0.0974969774468,0.123956948242,0.964462982497,0.875474069841,61.9136818756,239,
24.0,0.511,0.0120277368976,606.0,0.0750592156256,0.113039989581,0.949930882251,0.889678130025,57.9525599899,240,
30.0,0.511,-0.0119305616986,606.0,0.0520341788476,0.114861977485,0.916363212288,0.871293521457,49.0674294955,239,
36.0,0.511,0.185764140856,582.0,0.255253886508,0.27621499616,0.910654537698,0.612361821692,47.5020237745,239,
42.0,0.511,0.261018990328,570.0,0.336240340931,0.35550980312,0.880744056341,0.537821800652,42.5743483717,239,
48.0,0.511,0.337271943593,588.0,0.413827520789,0.426906388381,0.910573512412,0.490702839424,47.8432094221,239,
54.0,0.511,0.382650432298,600.0,0.463784850099,0.476074403793,0.91543233644,0.459320165028,46.5440597769,239,
60.0,0.511,0.210979819289,588.0,0.265461582385,0.287462161661,0.893028979985,0.596914870882,45.1412150828,239,
66.0,0.511,0.204178553361,582.0,0.254063245197,0.276974525121,0.882694676391,0.609357455483,45.1364522847,239,
72.0,0.511,0.139788119768,570.0,0.213791308401,0.247769317087,0.877788270613,0.621397608438,37.7112172225,239,
78.0,0.511,0.0487796306586,582.0,0.126149009029,0.193797969519,0.780220217294,0.62780098785,26.8244363445,239,
84.0,0.511,0.0820360803856,588.0,0.160485894048,0.20931974448,0.854433012181,0.642556645072,33.1588744074,239,
90.0,0.511,0.0866777738895,558.0,0.179348664952,0.228961042499,0.826018546138,0.613366458592,29.2076419489,239,
96.0,0.511,0.155639799334,600.0,0.241479105064,0.279323569883,0.823989641962,0.575296533178,30.1712459337,239,
102.0,0.511,0.202163007588,588.0,0.281258736304,0.315471516079,0.798274766259,0.546734003658,28.9310801421,239,
108.0,0.511,0.0127283361253,594.0,0.0680809073247,0.123955924792,0.914037639584,0.85158135715,48.4774192526,239,
114.0,0.511,nan,nan,nan,nan,nan,nan,nan,0,
120.0,0.511,0.0613549919272,558.0,0.181318573656,0.248626905452,0.671557592326,0.546312787327,15.3603759825,239,
126.0,0.511,-0.0358336480414,462.0,0.117361713602,0.211820894198,0.692038946286,0.522005045608,12.2649462793,239,
