LeadTime (HRS), obsMax (m MSL), Peak (m), PLag (min), Bias(m), RMSD (m), RVal, Skil, VExp (%), nPts,
-0.0,0.607,0.157360330996,54.0,0.150721837761,0.161180738033,0.993492577448,0.973294320641,88.4415914817,240,
6.0,0.607,0.26349702472,60.0,0.268057797852,0.271534064755,0.99641379896,0.928300879181,91.2360546748,239,
12.0,0.607,0.228188988668,60.0,0.242149175855,0.246622572823,0.995807703354,0.939860155521,90.5380167663,239,
18.0,0.607,0.150544831045,66.0,0.169372204701,0.175453771213,0.996344495911,0.968188911809,90.7334489149,239,
24.0,0.607,0.10358825459,60.0,0.141751669429,0.148201350504,0.996957468418,0.977015842059,91.2492889196,239,
30.0,0.607,0.213386902848,66.0,0.244801914293,0.247711452902,0.997495377074,0.939233991712,92.3399521916,239,
36.0,0.607,0.234980870203,60.0,0.266117627461,0.269192932059,0.997272466673,0.928649409472,91.7897311072,239,
42.0,0.607,0.169024361082,60.0,0.205706386481,0.209254201008,0.997609539179,0.955554583881,92.2358434139,239,
48.0,0.607,0.138886303696,60.0,0.18983463383,0.19352284775,0.997748282673,0.961699482112,92.3911253439,239,
54.0,0.607,0.25668401857,60.0,0.291847666088,0.293944093789,0.997971397678,0.9166754851,92.9087633199,239,
60.0,0.607,0.321930186516,60.0,0.362849711381,0.364463815672,0.998062923183,0.878304258251,93.0667472062,239,
66.0,0.607,0.283983530297,66.0,0.317763929356,0.319334310282,0.998349576447,0.903620757322,93.5994673807,239,
72.0,0.607,0.264993613945,66.0,0.315094254017,0.317341187337,0.997255432033,0.905454929642,92.3719488088,239,
78.0,0.607,nan,nan,nan,nan,nan,nan,nan,0,
84.0,0.607,0.328219146645,48.0,0.364507324484,0.366226633446,0.997487790554,0.879062522638,92.8241369403,239,
90.0,0.607,0.282472839016,48.0,0.310356179236,0.313314026293,0.996276773312,0.90789884256,91.3047336575,239,
96.0,0.607,0.229976429303,60.0,0.265696134712,0.270865247023,0.994961532374,0.927428452708,89.3380848054,239,
102.0,0.607,0.217285626955,42.0,0.261761677912,0.266693324702,0.995294460276,0.929530181087,89.6648324242,239,
108.0,0.607,0.127055117097,72.0,0.171896672095,0.177334771716,0.997886345734,0.966794434892,91.177375754,239,
114.0,0.607,0.0462400257433,72.0,0.0916510897273,0.102072885952,0.997203605474,0.988807787376,90.9033704479,239,
120.0,0.607,0.00989459110273,72.0,0.0384010079103,0.0482783168225,0.998281910445,0.997588373319,94.0762787804,239,
126.0,0.607,-0.0122875998205,54.0,0.0315329203978,0.0421629298713,0.998817527297,0.998122902841,94.3336176436,239,
