LeadTime (HRS), obsMax (m MSL), Peak (m), PLag (min), Bias(m), RMSD (m), RVal, Skil, VExp (%), nPts,
-0.0,1.203,0.118320821575,12.0,0.0349185341866,0.0894522412727,0.995526863933,0.997355624381,90.5293968035,240,
6.0,1.203,0.101316939058,6.0,0.0054690520692,0.0721880590617,0.996584779528,0.998279484448,91.73007232,239,
12.0,1.203,0.350524310047,6.0,0.316772778458,0.321425747092,0.9980381999,0.967074209979,93.7392080788,239,
18.0,1.203,0.244655245962,6.0,0.231622451729,0.237587231952,0.998153960472,0.981640572892,93.9219115473,239,
24.0,1.203,0.245539164997,6.0,0.246050328356,0.251247638527,0.998294213085,0.979609275692,94.1590435352,239,
30.0,1.203,0.226719642558,6.0,0.212434043813,0.218415045293,0.998297822933,0.984477045669,94.1677537314,239,
36.0,1.203,0.415250989845,12.0,0.44143646366,0.444376532631,0.998279977043,0.93943575587,94.1367813156,239,
42.0,1.203,0.339946177412,12.0,0.363162741493,0.366495266934,0.998394077667,0.957709696813,94.3345720211,239,
48.0,1.203,0.320268151881,12.0,0.336225243101,0.339865611895,0.99837931584,0.963494760718,94.3001748719,239,
54.0,1.203,0.28617631523,0.0,0.291250655126,0.295667094144,0.998327049728,0.972207443437,94.1506036443,239,
60.0,1.203,0.466874692372,0.0,0.470176845034,0.47340598975,0.998129625007,0.932924142479,93.658089925,239,
66.0,1.203,0.540004895402,-6.0,0.519342255028,0.52415420924,0.997417498894,0.920713486021,91.8587227753,239,
72.0,1.203,0.514880508335,-12.0,0.479219411864,0.485352715991,0.997386235523,0.931791181479,91.1630801953,239,
78.0,1.203,nan,nan,nan,nan,nan,nan,nan,0,
84.0,1.203,0.602268647411,-6.0,0.605343264189,0.607291325471,0.998728519265,0.896594333129,94.4379501214,239,
90.0,1.203,0.720384844353,24.0,0.69175216566,0.698366396835,0.995094510055,0.870384071328,89.0267770775,239,
96.0,1.203,0.724547425851,30.0,0.650236404756,0.655712797883,0.997448818554,0.885698299111,90.3221464383,239,
102.0,1.203,0.87164649136,30.0,0.73979343849,0.748580788663,0.99629108038,0.860210697972,86.9125922659,239,
108.0,1.203,0.688238063953,24.0,0.644776081572,0.6477080379,0.998393571679,0.886082875117,92.9553413823,239,
114.0,1.203,0.893907174767,18.0,0.793265120454,0.800037211241,0.996630598325,0.842644412599,88.1128134736,239,
120.0,1.203,0.793329995907,18.0,0.67143523163,0.681367455274,0.995358554361,0.880040033853,86.7349445618,239,
126.0,1.203,0.731695340171,18.0,0.663138805962,0.667342562586,0.997753686794,0.881020032359,91.4416158403,239,
