LeadTime (HRS), obsMax (m MSL), Peak (m), PLag (min), Bias(m), RMSD (m), RVal, Skil, VExp (%), nPts,
-0.0,0.927,-0.236109492642,-24.0,0.113484855633,0.313703300928,0.911830259946,0.874110597575,47.6767458164,237,
12.0,0.927,-0.283215737745,-6.0,0.0172835479982,0.246634495961,0.947781128371,0.926455013178,55.8975803928,238,
18.0,0.927,-0.157397549258,-6.0,0.146955932357,0.286461713259,0.947675549494,0.90452830693,55.9460899028,238,
24.0,0.927,-0.178599017935,-12.0,0.110948442201,0.269245670034,0.948148853794,0.914403755867,56.0444965221,238,
30.0,0.927,-0.201602136712,-24.0,0.0898434090731,0.260097381329,0.948401269156,0.919840821076,56.254455505,238,
36.0,0.927,-0.254988635064,-24.0,0.027442789321,0.246393444156,0.946636534585,0.927152641549,56.1079631062,238,
42.0,0.927,-0.100820331883,-18.0,0.198157819118,0.314548608561,0.947220567504,0.888758067002,56.2304253359,238,
48.0,0.927,-0.141735667559,-24.0,0.164258602978,0.296617969315,0.94736706147,0.898403746417,55.7466020818,238,
54.0,0.927,-0.187850412924,-18.0,0.13640369822,0.281886179978,0.94879904026,0.906850244756,55.7857007711,238,
60.0,0.927,-0.298580727121,-36.0,0.0102155235815,0.243008491236,0.952390321209,0.928490912781,56.4754837697,238,
66.0,0.927,-0.178411613529,-30.0,0.149911088393,0.286056156778,0.951201277103,0.905091292271,56.3292919161,238,
72.0,0.927,-0.162925442196,-18.0,0.154901181486,0.286304791568,0.952189420244,0.905691010981,56.8324602255,238,
78.0,0.927,-0.216271613848,-30.0,0.0796625626111,0.255400647353,0.951154607293,0.92235183843,56.5025357675,238,
84.0,0.927,-0.355884229765,-12.0,-0.0614023153552,0.246805439828,0.952849313375,0.927419706827,57.1415194432,238,
90.0,0.927,-0.191549603697,-36.0,0.11877141613,0.270298704474,0.949717309761,0.914446896858,56.4748431305,238,
96.0,0.927,-0.202381535765,-12.0,0.113617625522,0.266862906583,0.951435787659,0.916501332823,56.7145307511,238,
102.0,0.927,-0.278184536955,-6.0,0.0344107664887,0.242605058139,0.952478985197,0.929562283699,56.950044488,238,
108.0,0.927,-0.389417218919,-18.0,-0.109717489465,0.260562535996,0.95157784929,0.921122161894,57.6208213143,238,
114.0,0.927,-0.239114265394,-6.0,0.0536949608514,0.243072585727,0.947510645441,0.931124619049,57.4967946469,238,
120.0,0.927,-0.194449657128,-30.0,0.111087867909,0.265412384174,0.948351677223,0.918044580506,56.7900600106,238,
126.0,0.927,-0.270884204414,-24.0,0.0330908012183,0.24315213301,0.952781861716,0.92903212671,56.816641816,238,
