LeadTime (HRS), obsMax (m MSL), Peak (m), PLag (min), Bias(m), RMSD (m), RVal, Skil, VExp (%), nPts,
-0.0,0.87,0.347422151656,24.0,0.214744565537,0.278638299787,0.931132807552,0.900106192722,62.2679412474,239,
12.0,0.87,0.186479922905,36.0,0.188711687331,0.200857881848,0.989777665734,0.954343191826,85.3844201192,240,
18.0,0.87,0.140692891164,-6.0,0.149155498893,0.16063107753,0.992533601787,0.97034446924,87.3315927358,240,
24.0,0.87,0.234089853918,-6.0,0.271126585951,0.276839660679,0.993584122539,0.917387517339,88.1118225583,240,
30.0,0.87,0.151196071374,0.0,0.178222155632,0.185918570872,0.994389196681,0.960701353815,88.7518190301,240,
36.0,0.87,0.163503318087,-6.0,0.200345262702,0.206479888647,0.99508556701,0.952083964222,89.3854554721,240,
42.0,0.87,0.113512103662,0.0,0.164805229966,0.171807437305,0.995322855653,0.966357737278,89.684598578,240,
48.0,0.87,0.072355647015,-6.0,0.117621461423,0.126507058168,0.995805146082,0.981438782021,90.1040844358,240,
54.0,0.87,0.0771282916139,-6.0,0.120751328939,0.128573797312,0.996160105175,0.980929045301,90.6166405292,240,
60.0,0.87,0.148582562642,-6.0,0.19661045271,0.201309604034,0.99635625234,0.954624765498,90.8122101614,240,
66.0,0.87,0.165112164294,18.0,0.21637787366,0.220504521063,0.996476454464,0.946163870743,90.9783832089,240,
72.0,0.87,0.251867095101,18.0,0.299450091452,0.302443064162,0.996475236023,0.903996671853,90.9819112854,240,
78.0,0.87,0.205659280954,18.0,0.249128491874,0.252680047347,0.996589173403,0.930508913825,91.0302209078,240,
84.0,0.87,0.122650896634,12.0,0.179357542404,0.184666307555,0.996224939428,0.961487489302,90.6596081039,240,
90.0,0.87,0.0969038550905,24.0,0.160678507146,0.166651014718,0.996135043091,0.968416179584,90.6054849829,240,
96.0,0.87,0.218272921485,18.0,0.27498126512,0.278563203434,0.9960048221,0.917228400005,90.5389632104,240,
102.0,0.87,0.194711029459,-6.0,0.255808388747,0.259713206827,0.996028213408,0.926932524202,90.4670512848,240,
108.0,0.87,0.0971341314109,18.0,0.153995998484,0.159832479297,0.99633108498,0.970958351115,90.9066244269,240,
114.0,0.87,0.0813752078849,0.0,0.139809019571,0.145773044084,0.996713520236,0.975663630421,91.2312316727,240,
120.0,0.87,0.167355237983,12.0,0.22471726485,0.228606238936,0.996610614161,0.942344003399,91.0787632358,240,
126.0,0.87,0.208532340542,36.0,0.272126726771,0.275273831882,0.996656706311,0.918954879809,91.1811559098,240,
