LeadTime (HRS), obsMax (m MSL), Peak (m), PLag (min), Bias(m), RMSD (m), RVal, Skil, VExp (%), nPts,
-0.0,0.89,-0.2201193234,-12.0,0.0477510876773,0.215184471231,0.966096666051,0.969743574032,69.6077332704,240,
6.0,0.89,-0.016636369785,0.0,0.165417598739,0.225396832398,0.986822062189,0.968842610561,77.8656689068,239,
12.0,0.89,-0.185904637683,-6.0,0.0138735068456,0.152510204614,0.990409482294,0.985251971014,78.0428910835,239,
18.0,0.89,-0.0613737484715,-6.0,0.0414537689868,0.160362523446,0.985610551885,0.984005076936,77.6042466199,239,
24.0,0.89,-0.115030455173,0.0,-0.0596748239699,0.166947761861,0.983169529759,0.982904623618,77.4587844246,239,
30.0,0.89,-0.0365670395826,6.0,0.0200477927721,0.155838212426,0.983301649012,0.985110225221,77.6575467694,239,
36.0,0.89,nan,nan,nan,nan,nan,nan,nan,0,
42.0,0.89,-0.119534944357,-6.0,0.044813124821,0.200262059843,0.973607688071,0.974123126119,71.8109906985,239,
48.0,0.89,-0.104569956127,0.0,-0.035354596554,0.196407994305,0.968341486861,0.976004582945,72.0975150534,239,
54.0,0.89,-0.0104365370185,0.0,0.0912374307128,0.212091965031,0.971634807773,0.971701866932,72.3480990384,239,
60.0,0.89,-0.176513051408,-6.0,-0.043580070923,0.231001844007,0.95626670978,0.965359713414,67.2371062102,239,
66.0,0.89,-0.0865057807263,0.0,-0.0256340541371,0.221899593511,0.955949218831,0.96881805234,68.1671579011,239,
72.0,0.89,-0.186449937324,0.0,-0.164513289358,0.261832034357,0.95749462539,0.960396857008,70.5818559697,239,
78.0,0.89,-0.120745326092,0.0,-0.0644033726243,0.170558738659,0.979711331884,0.982588283088,77.1910043608,239,
84.0,0.89,-0.143841080684,-6.0,-0.00446315224067,0.203328394523,0.966857810656,0.973606881822,70.6417849142,239,
90.0,0.89,-0.060884457936,0.0,0.0739796124103,0.159595519157,0.991333637879,0.984208575126,79.5766584894,239,
96.0,0.89,-0.0637891525664,0.0,-0.0327868387456,0.150381897725,0.983575502595,0.986447341012,78.8038746077,239,
102.0,0.89,0.00726160496613,0.0,0.0657593940058,0.162211052219,0.983167425048,0.984239635215,78.5843928242,239,
108.0,0.89,-0.050600050723,-12.0,0.0509063149213,0.158389739068,0.984266283342,0.984762879574,78.3385494782,239,
114.0,0.89,-0.00856945711883,-12.0,0.116948842944,0.231885968675,0.963163318406,0.967255934598,71.0814613037,239,
120.0,0.89,-0.0518482347026,-12.0,0.140212397789,0.338078750813,0.903230195539,0.923212709136,55.5708080561,239,
126.0,0.89,-0.0979377526412,-6.0,0.142166398914,0.28179821223,0.950676192042,0.947336984887,64.7951661629,240,
