LeadTime (HRS), obsMax (m MSL), Peak (m), PLag (min), Bias(m), RMSD (m), RVal, Skil, VExp (%), nPts,
-0.0,0.792,-0.112529156259,-24.0,-0.168086854214,0.15364953422,0.947940595452,0.982898283576,85.1110049112,228,
6.0,0.792,-0.110384041009,12.0,-0.188464116206,0.170816124395,0.948504049625,0.978905675453,85.2875437753,227,
12.0,0.792,-0.10227775425,6.0,-0.182090937612,0.164223351262,0.94921263239,0.9805308957,85.6464211748,227,
18.0,0.792,-0.145778091274,0.0,-0.222198753277,0.199616868516,0.948903068053,0.971438466709,85.7657955601,227,
24.0,0.792,-0.171672422624,0.0,-0.243159407544,0.218248074612,0.949311777872,0.966167978175,86.0146521613,227,
30.0,0.792,-0.235651500074,12.0,-0.280536329383,0.25315334848,0.950847061116,0.954950854834,86.4925259273,227,
36.0,0.792,nan,nan,nan,nan,nan,nan,nan,0,
42.0,0.792,-0.264014479016,0.0,-0.293159178621,0.262847211305,0.952369158536,0.951749071897,87.8194150287,227,
48.0,0.792,-0.256097214902,0.0,-0.291823705338,0.261224908519,0.952253371757,0.952331494776,87.9512649562,227,
54.0,0.792,-0.300262391906,0.0,-0.318852772654,0.287532291307,0.952918809369,0.942823225738,88.0809875465,227,
60.0,0.792,-0.0873724606252,0.0,-0.113824909353,0.103228868647,0.954355271743,0.992297437278,87.5467648028,227,
66.0,0.792,-0.169549035063,0.0,-0.194922814688,0.16973947364,0.955588802748,0.979420387823,88.3480350922,227,
72.0,0.792,-0.141970430592,-6.0,-0.164063398359,0.142742936489,0.956307094202,0.985428126883,88.0869234263,227,
78.0,0.792,-0.170903510507,18.0,-0.195628875854,0.170187962302,0.95591646724,0.979378535363,88.4073691423,227,
84.0,0.792,-0.0138830952959,30.0,-0.0421322401226,0.0710214228461,0.95519804877,0.996349622221,87.614882799,227,
90.0,0.792,-0.0997750449069,12.0,-0.124242143842,0.11075788299,0.955030655791,0.991157592442,87.6472462521,227,
96.0,0.792,-0.109631240899,6.0,-0.144447366183,0.126456377463,0.954090543318,0.988442198227,87.7545492013,227,
102.0,0.792,-0.168361038348,6.0,-0.196875209031,0.172412710228,0.954118833434,0.978696314257,87.8507911493,227,
108.0,0.792,0.0558744990064,18.0,0.0280983584699,0.101968584212,0.954260310869,0.992524623971,86.6243718279,227,
114.0,0.792,-0.094428318859,6.0,-0.119158540964,0.107226560039,0.952564096275,0.99161730263,87.4627172735,227,
120.0,0.792,-0.103605948049,18.0,-0.128505331178,0.114459282161,0.951486728437,0.990402252026,87.3952424305,227,
126.0,0.792,-0.121912109763,6.0,-0.15430123519,0.136499652049,0.953313992794,0.986535918484,87.1756235193,228,
