LeadTime (HRS), obsMax (m MSL), Peak (m), PLag (min), Bias(m), RMSD (m), RVal, Skil, VExp (%), nPts,
-0.0,0.226,0.0901859659034,-72.0,0.137343293298,0.154171444558,0.867437631205,0.706088314391,48.7596148416,237,
6.0,0.226,0.110603611857,690.0,0.157156640783,0.184868092615,0.700847469219,0.623645338781,28.2400070481,236,
12.0,0.226,0.149701927424,594.0,0.183172902551,0.222710187713,0.475274636129,0.523545798386,6.03665516914,236,
18.0,0.226,0.189259296075,600.0,0.207204214169,0.245456225705,0.464928404019,0.502932102722,2.54553361942,236,
24.0,0.226,0.196543958401,648.0,0.205439155973,0.238066337531,0.561644835306,0.529631691494,11.3137717408,236,
30.0,0.226,0.207019876829,672.0,0.197639733458,0.246730866285,0.421235508905,0.495723529226,0.0,236,
36.0,0.226,nan,nan,nan,nan,nan,nan,nan,0,
42.0,0.226,0.303470931765,654.0,0.255814323333,0.302955120882,0.378585527137,0.43976224148,0.0,236,
48.0,0.226,0.284435120988,540.0,0.256773862217,0.30761154068,0.270367817767,0.41379100633,0.0,236,
54.0,0.226,0.257842889702,612.0,0.229092362997,0.275000482022,0.399431118458,0.461713580356,0.0,236,
60.0,0.226,0.187986176655,588.0,0.22089488142,0.260409526975,0.413891199306,0.479257664676,0.0,236,
66.0,0.226,0.165850659439,588.0,0.217346719973,0.247791864708,0.543058106385,0.512188340512,11.9742390357,236,
72.0,0.226,0.134638927813,588.0,0.19506496095,0.231848393318,0.465703500015,0.506886913315,6.95690392677,236,
78.0,0.226,0.0664560060985,714.0,0.100661191003,0.173082443309,0.260614753949,0.470717121604,0.0,236,
84.0,0.226,0.0366119879124,678.0,0.0774585714311,0.149988006747,0.394089878554,0.539921271178,4.31734885146,236,
90.0,0.226,0.0625313147965,588.0,0.117422522677,0.163151678043,0.539510348323,0.578128049563,16.059270851,236,
96.0,0.226,0.0489842958522,588.0,0.138152626937,0.172248623165,0.648278127339,0.601310498235,23.5683972638,236,
102.0,0.226,0.0938429612556,612.0,0.131925370099,0.188632017143,0.380747939108,0.534683746714,0.0,236,
108.0,0.226,0.0256271549493,588.0,0.100052962075,0.160887289939,0.426648425911,0.583488684286,5.84956615266,236,
114.0,0.226,0.094899479419,600.0,0.122728757023,0.186087284649,0.370952878406,0.546223972846,0.0,236,
120.0,0.226,0.140301824403,588.0,0.1782445047,0.22636744815,0.392633438691,0.511374645276,0.0,236,
126.0,0.226,0.109077110627,588.0,0.1601086949,0.202200499321,0.50475253777,0.566010440031,8.03406491832,237,
