LeadTime (HRS), obsMax (m MSL), Peak (m), PLag (min), Bias(m), RMSD (m), RVal, Skil, VExp (%), nPts,
-0.0,1.814,0.18739008772,-696.0,-0.021345934997,0.0979773147727,0.997409267024,0.998613108276,92.6993180126,240,
6.0,1.814,0.228954840233,-696.0,0.158163739765,0.174169161171,0.998471878077,0.995604123445,94.4224509829,239,
12.0,1.814,0.0469246557425,-6.0,0.0503206990891,0.0863449183458,0.998576948674,0.998914465114,94.6340071167,239,
18.0,1.814,0.129266984553,-6.0,0.145273124429,0.162244377322,0.998489406723,0.9961766919,94.4752193329,239,
24.0,1.814,-0.0338910459169,0.0,-0.0133876916154,0.0747094808699,0.998449614685,0.999188405962,94.379026163,239,
30.0,1.814,0.129103472783,0.0,0.156671981347,0.173164393615,0.998435797638,0.995653897927,94.3595398475,239,
36.0,1.814,nan,nan,nan,nan,nan,nan,nan,0,
42.0,1.814,-0.029307627296,-6.0,-0.0100001795098,0.075072827855,0.998402431901,0.999179507443,94.3097991914,239,
48.0,1.814,-0.18438407994,0.0,-0.16424324354,0.179737861309,0.998462335674,0.995315957479,94.4167099955,239,
54.0,1.814,-0.0935780418955,0.0,-0.076146094532,0.10585341454,0.998451846823,0.998372776028,94.3765957515,239,
60.0,1.814,-0.0481296288823,0.0,-0.0274811063843,0.0774578909854,0.998499523073,0.999128114265,94.4615904182,239,
66.0,1.814,-0.0737878801213,0.0,-0.0562631344303,0.0919403285902,0.998486973205,0.998772024297,94.4389476808,239,
72.0,1.814,-0.145160122322,0.0,-0.127401603888,0.147593458683,0.998412408312,0.996842477837,94.3012052628,239,
78.0,1.814,-0.0449352006404,0.0,-0.0383109677059,0.0822328639961,0.998500600762,0.999019091034,94.4352520733,239,
84.0,1.814,0.232452496378,0.0,0.252237566514,0.263884291694,0.998266294546,0.989960592844,94.070603411,239,
90.0,1.814,0.161195617999,0.0,0.17856160239,0.193901407725,0.998344384986,0.994546559738,94.2192530631,239,
96.0,1.814,0.159062697761,0.0,0.168536131425,0.183101000973,0.998515973802,0.995134265538,94.5269032723,239,
102.0,1.814,0.213340154562,0.0,0.228804304636,0.239373744729,0.998557304113,0.991696683373,94.620226716,239,
108.0,1.814,0.245785533121,0.0,0.261560340022,0.270195859934,0.998671715368,0.989471459849,94.8175754828,239,
114.0,1.814,0.0661564436185,0.0,0.0802328222108,0.105814855721,0.998613138986,0.998366628802,94.7239109388,239,
120.0,1.814,0.0336331518133,0.0,0.0454073397365,0.0773842760339,0.998852971353,0.999124862175,95.2077966091,239,
126.0,1.814,-0.0304832242479,6.0,-0.0346042463188,0.0727017518197,0.998856674223,0.999236077355,95.1181591565,240,
