LeadTime (HRS), obsMax (m MSL), Peak (m), PLag (min), Bias(m), RMSD (m), RVal, Skil, VExp (%), nPts,
-0.0,0.748,0.108042494994,-66.0,0.0540647302227,0.0678956750341,0.96355847547,0.891635966486,51.4842524713,240,
6.0,0.748,0.0895178388245,-48.0,0.0477345966713,0.0615046879299,0.968973785237,0.908815459995,54.1852620689,240,
18.0,0.748,0.0218156801383,-96.0,-0.00842630544999,0.0336975014869,0.972893879775,0.969232583686,61.4775877337,239,
24.0,0.748,-0.00926764759468,-72.0,-0.0350094757737,0.0452470591851,0.97755243933,0.94468254655,66.1564665975,239,
30.0,0.748,-0.0119200956184,-90.0,-0.0360943952227,0.0456466538684,0.976208205914,0.942962048722,67.0079038061,239,
42.0,0.748,0.00489513308866,-120.0,-0.0309869211281,0.0445333238901,0.978933283965,0.948512647585,62.2357854188,239,
48.0,0.748,-0.0271279366486,-96.0,-0.0529456051866,0.0598874792041,0.979837182679,0.907795814746,66.9559429344,239,
54.0,0.748,-0.042269749564,-102.0,-0.0653489311492,0.070741368341,0.972003839612,0.871221821288,68.015254298,239,
66.0,0.748,-0.0531057488902,-108.0,-0.077805836188,0.0825450513008,0.979124836072,0.838575619552,67.4518982931,239,
72.0,0.748,-0.0773008612592,-108.0,-0.102156033078,0.105996730792,0.964153592427,0.754153995826,66.6164187592,239,
78.0,0.748,-0.0735428242749,-120.0,-0.100390260029,0.103924581559,0.971476286256,0.762889906824,68.2722148953,239,
