LeadTime (HRS), obsMax (m MSL), Peak (m), PLag (min), Bias(m), RMSD (m), RVal, Skil, VExp (%), nPts,
-0.0,0.787,0.169165637161,156.0,0.0585077886829,0.0856567456279,0.93685206013,0.930879127681,58.2806284198,240,
6.0,0.787,0.0570468230982,114.0,0.0120189913929,0.0516983621335,0.960722081305,0.973796297652,66.4692537034,240,
18.0,0.787,-0.00868925666791,216.0,-0.00943802286908,0.0381292907416,0.98196682727,0.985802692995,75.394765134,239,
24.0,0.787,0.008638956748,210.0,-0.00104616972796,0.0351436030731,0.982227761534,0.987728697388,76.6034347548,239,
30.0,0.787,-0.0402414147746,210.0,-0.037801666112,0.0489911839709,0.984572345708,0.975967087949,79.2438885466,239,
42.0,0.787,-0.0556138916447,198.0,-0.0504992562532,0.060068060411,0.984464394444,0.96479537543,78.335905061,239,
48.0,0.787,-0.0257862377727,36.0,-0.0193564813474,0.0364235539804,0.985090453928,0.986581423808,79.449743682,239,
54.0,0.787,-0.0524422193896,18.0,-0.058385746971,0.0660214429282,0.985816237382,0.957543873543,79.4720592299,239,
66.0,0.787,-0.122491651387,216.0,-0.107858683149,0.111762226885,0.984619157548,0.885187295267,80.498648942,239,
72.0,0.787,-0.0575514034427,126.0,-0.0742789488756,0.0884299991339,0.971738827477,0.930305025347,68.0406169141,239,
78.0,0.787,-0.0777571110931,18.0,-0.0913467485548,0.101496378507,0.976429488826,0.910044259692,70.5337059082,239,
