LeadTime (HRS), obsMax (m MSL), Peak (m), PLag (min), Bias(m), RMSD (m), RVal, Skil, VExp (%), nPts,
-0.0,1.004,0.139069918663,-6.0,0.0318477506181,0.098396454512,0.993215266145,0.995093090036,86.3324462128,240,
6.0,1.004,0.212494753544,-6.0,0.0946253814567,0.132269311994,0.993388488717,0.991203804409,86.4561000545,239,
12.0,1.004,0.0793500599124,-6.0,-0.0316615128981,0.0969980302508,0.993161699848,0.995223488263,86.5635952157,239,
18.0,1.004,0.192053445244,18.0,0.0780004185111,0.121295174605,0.993244908609,0.992585274542,86.3871022593,239,
24.0,1.004,0.117289925367,-6.0,0.00536213532357,0.0925260253131,0.99308069967,0.99564120765,86.43951658,240,
30.0,1.004,0.186036527752,18.0,0.0847153906958,0.124698346433,0.993400183668,0.992140322248,86.5741683025,239,
36.0,1.004,0.0528694417129,0.0,-0.0367839517514,0.0988798452742,0.993050363933,0.995019639962,86.5331943828,239,
42.0,1.004,0.193552333449,18.0,0.0995728218574,0.137565734038,0.992884486674,0.990464072761,86.0731292743,239,
48.0,1.004,0.0903822644335,12.0,0.00880873257283,0.0930815675457,0.993146547294,0.995601257546,86.4039926787,239,
54.0,1.004,0.158456544335,12.0,0.0736928040728,0.119360794592,0.992744065867,0.992767585005,86.223272478,239,
60.0,1.004,0.0191499136198,0.0,-0.052543898503,0.107046187132,0.992397006081,0.994129871722,86.316049624,239,
66.0,1.004,0.166574640764,12.0,0.0898679726662,0.130839404998,0.992265834007,0.991286344059,86.0475599282,239,
72.0,1.004,0.0657441567359,-6.0,-0.00124104683666,0.0923048908003,0.992285857954,0.995605195579,86.4578811002,239,
78.0,1.004,0.0999672704185,0.0,0.0221285216038,0.0993894504754,0.991721278745,0.994934142411,85.7832153069,239,
84.0,1.004,-0.00692526447762,0.0,-0.0800788772667,0.123739781845,0.992040668586,0.992150019042,86.1589352049,239,
90.0,1.004,0.13806241039,6.0,0.0576456090595,0.113484750341,0.99162707875,0.993413637174,85.6571959982,239,
96.0,1.004,0.0851909068128,6.0,-0.00735131387575,0.0976687346737,0.991826596784,0.995123566752,85.7103024148,239,
102.0,1.004,0.0764943145356,-6.0,-0.00949650278621,0.0981002069171,0.991721337267,0.995075864197,85.6739454151,239,
108.0,1.004,0.143405126704,0.0,0.0355749980322,0.108445792226,0.991842548107,0.994080420174,84.9689086832,239,
114.0,1.004,0.306998389594,-12.0,0.188682828143,0.217279271092,0.991360563781,0.976839900405,84.1911630734,239,
120.0,1.004,nan,nan,nan,nan,nan,nan,nan,0,
126.0,1.004,0.319166719239,-12.0,0.200649771574,0.220079965996,0.995018515093,0.976445515541,86.7497441693,239,
