LeadTime (HRS), obsMax (m MSL), Peak (m), PLag (min), Bias(m), RMSD (m), RVal, Skil, VExp (%), nPts,
-0.0,0.305,1.06199263424,-78.0,1.08851377827,1.08858596914,0.663868916996,0.0296148535716,20.9622156688,237,
6.0,0.305,1.05841763945,-132.0,1.0877050556,1.0877555387,0.659774038837,0.0296534494416,21.7164536517,236,
12.0,0.305,1.04238949757,-270.0,1.07578884053,1.07583479963,0.618089269137,0.0299092564647,17.9576746924,236,
18.0,0.305,1.04423071046,-102.0,1.07658887811,1.07662643547,0.636697225633,0.0299158918896,19.4800959726,236,
24.0,0.305,1.04690848188,-102.0,1.07784078413,1.07789772674,0.675011155901,0.0298853808942,21.3587386546,237,
30.0,0.305,1.02696591083,-126.0,1.05728465154,1.05735819016,0.672125545589,0.0305375277991,22.2030695071,236,
36.0,0.305,1.02959755758,42.0,1.06378885668,1.06385130956,0.876190920667,0.0303855724646,26.9030919717,236,
42.0,0.305,1.03285796829,-102.0,1.06761565932,1.06774340016,0.652764565643,0.0301587371119,15.6290666824,236,
48.0,0.305,1.04435121387,-114.0,1.0777658536,1.07790053681,0.494257735983,0.0298275776052,9.86474089547,236,
54.0,0.305,1.02940956019,-114.0,1.06500213408,1.06508905675,0.71728215476,0.030241921383,17.2655896586,236,
60.0,0.305,1.03905290011,636.0,1.08026181299,1.0804392423,0.46336881601,0.0297231614423,5.82399633074,236,
66.0,0.305,1.05723035014,-132.0,1.09572736448,1.09582784785,0.559771452201,0.0293415450633,9.98530991375,236,
72.0,0.305,1.07022415909,-282.0,1.10749452706,1.10757097365,0.517468906616,0.0290286148317,10.6201433615,236,
78.0,0.305,1.05486626672,-498.0,1.09282085883,1.09290401042,0.42849674907,0.0293857580359,7.84191789432,236,
84.0,0.305,1.09049082875,648.0,1.13164990253,1.13179702194,0.451720463423,0.0284041226026,6.25125191332,236,
90.0,0.305,1.11772792618,-126.0,1.15277735735,1.15295274655,0.487890689364,0.0279273192181,8.43148569364,236,
96.0,0.305,1.13777690762,660.0,1.17679418225,1.1769434459,0.461214914854,0.0273459954002,8.05665782562,236,
102.0,0.305,1.13022341727,-96.0,1.16893369254,1.16907867023,0.479781027213,0.0275405985177,7.82748669132,236,
108.0,0.305,1.15015469951,-264.0,1.18914171619,1.18932121278,0.4188394976,0.0270633849444,5.23638041431,236,
114.0,0.305,1.17777318968,-264.0,1.21001386639,1.21020410624,0.286506511245,0.0265994251739,4.03909591909,236,
120.0,0.305,nan,nan,nan,nan,nan,nan,nan,0,
126.0,0.305,1.18321487504,810.0,1.22022905988,1.2205593277,-0.422086234067,0.0262486447275,0.0,236,
