LeadTime (HRS), obsMax (m MSL), Peak (m), PLag (min), Bias(m), RMSD (m), RVal, Skil, VExp (%), nPts,
-0.0,0.087,0.0419841155782,-120.0,0.108524216795,0.115039434675,0.888376474362,0.451113368492,24.9574563411,240,
6.0,0.087,0.0394949790036,-114.0,0.106456901059,0.112997676326,0.922697346169,0.456222060469,25.30521323,239,
12.0,0.087,0.0337568162199,-114.0,0.103495785748,0.110321466407,0.950255719911,0.4624356005,24.6821852484,239,
18.0,0.087,0.031679044674,-72.0,0.102849492627,0.109821118793,0.954173411442,0.462396095215,24.0856039022,239,
24.0,0.087,0.0309262433493,-48.0,0.101899928545,0.108806503844,0.956178141051,0.466514093248,24.9911080677,240,
30.0,0.087,0.0312225292381,-84.0,0.103447555427,0.110723113656,0.945767259674,0.459014745733,22.5336044672,239,
36.0,0.087,0.029869322152,-48.0,0.10197784056,0.109292605157,0.946732063914,0.462999732668,22.852875516,239,
42.0,0.087,0.0234698771766,-102.0,0.0988510696828,0.106849876534,0.928311594412,0.46415067635,20.3967239339,239,
48.0,0.087,0.0201910456539,-120.0,0.0963465678358,0.104439486782,0.948083335045,0.469284827926,20.8921538598,239,
54.0,0.087,0.0288822173334,-78.0,0.102243768307,0.10936129369,0.950064625704,0.463525068935,23.83986058,239,
60.0,0.087,0.0279849920634,-102.0,0.101432756043,0.108927210351,0.932895903868,0.462148042607,22.0794972072,239,
66.0,0.087,0.0273040381254,-90.0,0.101526269881,0.108916304669,0.963668969864,0.461562974377,22.6090395731,239,
72.0,0.087,0.0277408017189,-60.0,0.101967310871,0.109459471959,0.947076626326,0.460053829088,21.894117142,239,
78.0,0.087,0.0322326742642,-84.0,0.105450685272,0.112215078893,0.957127061618,0.458006424401,24.6974487451,239,
84.0,0.087,0.0352570336958,-102.0,0.105792527498,0.112275186751,0.966145656229,0.460378892655,26.2142536279,239,
90.0,0.087,0.0216004301157,-102.0,0.0952581978335,0.102855787456,0.955935919724,0.478810036646,23.8630150032,239,
96.0,0.087,0.0207583973838,-78.0,0.094043665765,0.101616566572,0.961480932211,0.482863163029,24.4590210954,239,
102.0,0.087,0.0296628271319,-72.0,0.102951270409,0.11010869829,0.961451052655,0.460240913119,23.3645677071,239,
108.0,0.087,0.032079734519,-90.0,0.104725358289,0.11157926159,0.962899432262,0.45891650592,24.4382381224,239,
114.0,0.087,0.0231966466744,-78.0,0.0994561678802,0.107162947705,0.955580453907,0.463440178447,21.6891538041,239,
120.0,0.087,nan,nan,nan,nan,nan,nan,nan,0,
126.0,0.087,0.0277126282146,-120.0,0.101453818071,0.108749302212,0.959756897902,0.46163148552,22.7941881254,239,
