LeadTime (HRS), obsMax (m MSL), Peak (m), PLag (min), Bias(m), RMSD (m), RVal, Skil, VExp (%), nPts,
-0.0,3.534,-0.162915920205,0.0,0.519112667628,1.23286544122,0.915997289403,0.925734813814,56.9690335864,240,
6.0,3.534,-0.491391572011,0.0,0.310394804616,1.22057028239,0.908881476819,0.92404683111,54.6616365089,239,
12.0,3.534,-0.121523438685,0.0,0.658240684782,1.29955575478,0.918641783006,0.917645509715,56.9631852055,239,
18.0,3.534,-0.269095471227,6.0,0.516107970957,1.24485723592,0.917140668174,0.923117953932,56.4904006852,239,
24.0,3.534,-0.106498408226,0.0,0.662345240365,1.2932459392,0.919783049183,0.918406744643,57.2572562695,240,
30.0,3.534,-0.476222171642,0.0,0.310598622018,1.19519522084,0.913726279991,0.927711709526,55.668984817,239,
36.0,3.534,0.0373252596524,6.0,0.81136201552,1.37556708415,0.919561837386,0.909521836971,57.3333908887,239,
42.0,3.534,-0.209985605172,6.0,0.572820463593,1.26348335372,0.917635953447,0.921442733839,56.742878637,239,
48.0,3.534,0.0311350241571,6.0,0.793412284396,1.3633976004,0.919601762141,0.911124631929,57.4117247709,239,
54.0,3.534,-0.38934628419,0.0,0.38204197161,1.20851218713,0.914410675834,0.926713462567,55.9607291379,239,
60.0,3.534,0.182776947484,6.0,0.924298299705,1.44101030618,0.919821941013,0.902350833101,57.5360423392,239,
66.0,3.534,-0.111391707322,6.0,0.63873145211,1.29142997368,0.917886007152,0.91859129541,56.8872807319,239,
72.0,3.534,0.142197279118,6.0,0.879044190167,1.41306162355,0.920304169712,0.905339997709,57.5040703313,239,
78.0,3.534,-0.31190136466,6.0,0.449354898653,1.22288478436,0.916238003745,0.925381137748,56.3142197271,239,
84.0,3.534,0.269088630154,12.0,1.00643572275,1.4931170165,0.920399340857,0.896188337486,57.6351410404,239,
90.0,3.534,-0.00569511300267,6.0,0.74041641868,1.33381040485,0.920143213376,0.914241631406,57.3860316425,239,
96.0,3.534,0.27379453952,12.0,0.991980076429,1.48235222486,0.92059721196,0.897554158199,57.6898859644,239,
102.0,3.534,-0.191193886289,6.0,0.569602477859,1.26726931704,0.91654460092,0.920839275718,56.5173755111,239,
108.0,3.534,0.326028771489,12.0,1.05287238545,1.52939233736,0.919234428303,0.891594571385,57.391797666,239,
114.0,3.534,0.0826464683329,12.0,0.844612549674,1.39123321184,0.920022892603,0.908081883603,57.5364569285,239,
120.0,3.534,nan,nan,nan,nan,nan,nan,nan,0,
126.0,3.534,-0.138912393461,0.0,0.636903174765,1.23454108782,0.932249161814,0.925889501608,59.3811007477,239,
