LeadTime (HRS), obsMax (m MSL), Peak (m), PLag (min), Bias(m), RMSD (m), RVal, Skil, VExp (%), nPts,
-0.0,0.93,0.0625028993549,30.0,0.0818684613734,0.24169496974,0.919994070828,0.952067074748,60.7955324137,240,
6.0,0.93,0.124244232461,24.0,0.140350539866,0.27137644932,0.916517093621,0.940253410835,59.9839712266,239,
12.0,0.93,-0.0226396784804,30.0,0.0146842321732,0.227954380031,0.920003098858,0.956649489578,60.8081541114,239,
18.0,0.93,0.0967378531977,24.0,0.118612998233,0.262337158054,0.915205728975,0.943712856598,59.6865752539,239,
24.0,0.93,0.0226722997355,24.0,0.0538685698544,0.238845602236,0.916023212397,0.952538708934,59.8844993056,240,
30.0,0.93,0.0912074672508,24.0,0.117924564394,0.261309178454,0.915583961436,0.944069784773,59.7704165654,239,
36.0,0.93,-0.0370090346075,24.0,0.0102982420024,0.230159296317,0.917959606261,0.955691504684,60.332564425,239,
42.0,0.93,0.104968429965,24.0,0.135804966091,0.272608016596,0.913213933494,0.939457776067,59.2208251353,239,
48.0,0.93,0.0275470128918,30.0,0.0682501182112,0.243796932058,0.914896812113,0.950672962473,59.621768826,239,
54.0,0.93,0.069912268763,24.0,0.101831116887,0.25702912025,0.913439342781,0.945534087189,59.2857435032,239,
60.0,0.93,-0.072256555966,30.0,-0.0140147918448,0.23164296468,0.917000882695,0.95488563339,60.1100426324,239,
66.0,0.93,0.285063559489,30.0,0.294206830979,0.378647335889,0.912125821177,0.892426619973,58.8777700316,239,
72.0,0.93,0.166035440285,24.0,0.203770875901,0.313178312339,0.912025413467,0.921460910463,58.9712653331,239,
78.0,0.93,0.351170141675,24.0,0.344430317168,0.418880415447,0.912439303037,0.873286847269,58.8732779801,239,
84.0,0.93,-0.0996272777769,36.0,-0.0322007306207,0.233473031424,0.917015036026,0.953992938155,60.1060433,239,
90.0,0.93,-0.101422881346,36.0,-0.0370257608767,0.234866716329,0.916485883806,0.953506468472,59.9873357657,239,
96.0,0.93,-0.0939701521013,30.0,-0.0382596858572,0.236063294159,0.91570460633,0.953120677476,59.8126866316,239,
102.0,0.93,-0.0922720409289,30.0,-0.0340993411548,0.235871939932,0.915359667228,0.953184920804,59.7347267105,239,
108.0,0.93,-0.0522899117158,30.0,0.00491009317019,0.23648622239,0.913027864275,0.952795830204,59.2100674293,239,
114.0,0.93,0.0428787742858,30.0,0.0839469322174,0.255512315189,0.909258231917,0.945553924354,58.3658763567,239,
120.0,0.93,nan,nan,nan,nan,nan,nan,nan,0,
126.0,0.93,-0.0176551396107,30.0,0.0345503745514,0.217983255793,0.928802697618,0.960441146635,62.9192139467,239,
