LeadTime (HRS), obsMax (m MSL), Peak (m), PLag (min), Bias(m), RMSD (m), RVal, Skil, VExp (%), nPts,
-0.0,0.586,0.0598533516406,-30.0,-0.00354943186172,0.051934428032,0.936982475889,0.961544315149,57.2269712058,238,
6.0,0.586,0.0309899438728,-30.0,-0.0261144093349,0.0525698038089,0.956034315244,0.961449764014,63.0460726489,237,
18.0,0.586,0.0329276211297,-42.0,-0.0171225537662,0.0410897593787,0.973099512743,0.976392469145,69.7806188162,237,
24.0,0.586,0.0621875239792,-42.0,0.0117058084213,0.0394838137534,0.971320525635,0.978299214607,68.4529388849,237,
30.0,0.586,nan,nan,nan,nan,nan,nan,nan,0,
42.0,0.586,0.0342438625443,-48.0,-0.00931431457708,0.0395341214449,0.969880165122,0.978033031956,68.6298428154,237,
48.0,0.586,0.0387528795375,-60.0,-0.00954026234162,0.0392974370322,0.970512893438,0.978319439299,68.8906231637,237,
54.0,0.586,0.0370672326633,-42.0,-0.00795699511607,0.0380142900556,0.971329562894,0.979597310301,69.6261990365,237,
66.0,0.586,0.0411856472024,-66.0,-0.0040307599802,0.0374070224002,0.972445254578,0.980362093842,69.4719152993,237,
72.0,0.586,0.0449833332803,-54.0,-0.00579319403738,0.0394652308512,0.968221344705,0.978090884313,68.0005214325,237,
78.0,0.586,0.0426251305017,-54.0,-0.00996079288804,0.042019640017,0.966187539705,0.975369685568,66.6598937672,237,
90.0,0.586,0.0354468721046,-66.0,-0.0263219694973,0.0505560394531,0.969294288215,0.965808047036,65.2774722773,237,
96.0,0.586,0.0210551364383,-60.0,-0.0304514410019,0.0500578041749,0.968789818736,0.965327121411,68.275187048,237,
102.0,0.586,0.0325733507899,-54.0,-0.0179782211658,0.0435889169355,0.967412923492,0.973375167817,67.8584721365,237,
114.0,0.586,0.0252864734884,-60.0,-0.0219912272587,0.0447643781239,0.967335550126,0.971728000213,68.5956996269,237,
120.0,0.586,0.0444420842229,-54.0,-0.0161563769706,0.0501698267431,0.95911417939,0.966049306429,61.2261487036,238,
126.0,0.586,0.0460772222194,-60.0,-0.0262236053665,0.0563520657175,0.961390485684,0.958759958916,59.6066439042,237,
138.0,0.586,0.0631442543868,-66.0,0.00384448785258,0.0415133960975,0.970300201766,0.976563425568,65.7542512378,237,
144.0,0.586,0.0564201103662,-60.0,0.00761185112587,0.036117907296,0.968590917022,0.981071360479,70.5809638017,237,
150.0,0.586,0.0629990682315,-60.0,0.00421289987915,0.0403798646168,0.973591188297,0.977936594488,66.709134887,237,
