LeadTime (HRS), obsMax (m MSL), Peak (m), PLag (min), Bias(m), RMSD (m), RVal, Skil, VExp (%), nPts,
-0.0,0.91,0.0346636455724,-726.0,-0.00450226938314,0.1357176935,0.881803452309,0.938365631689,51.1440149044,240,
6.0,0.91,0.050567485369,-726.0,0.0195752252503,0.107220658726,0.925771441746,0.960389841556,62.0181464771,239,
18.0,0.91,0.019885942819,54.0,0.0438249623784,0.0765578433859,0.976450977104,0.979101430662,77.3830896526,239,
24.0,0.91,-0.0131365216769,60.0,0.0258522122737,0.0615040398865,0.98207836124,0.986500059777,79.8930209408,239,
30.0,0.91,nan,nan,nan,nan,nan,nan,nan,0,
42.0,0.91,-0.0203659338831,48.0,0.0334752265086,0.0617182573659,0.985507873355,0.986316447165,81.2861998011,239,
48.0,0.91,-0.0715612295328,54.0,-0.0126039589605,0.0535516247326,0.985704622884,0.989616066552,81.2154604038,239,
54.0,0.91,-0.0644438058827,48.0,-0.0067427302969,0.0536736873214,0.984571234483,0.989586695987,80.7819235003,239,
66.0,0.91,-0.131838308327,54.0,-0.070682606533,0.0886248621811,0.985211498367,0.971899521789,80.7043543021,239,
72.0,0.91,-0.143904901811,66.0,-0.0759031595008,0.0911933420999,0.986624697134,0.970603922104,81.7571476953,239,
78.0,0.91,-0.13713097766,60.0,-0.0740062056043,0.0908551447422,0.985276881529,0.970701499563,80.9783391296,239,
90.0,0.91,-0.208113037803,36.0,-0.131682020712,0.141443372514,0.985546721186,0.932620149073,81.3645986839,239,
96.0,0.91,-0.221955513875,42.0,-0.147679682745,0.155984425913,0.986990665221,0.919124688113,81.8756449055,239,
102.0,0.91,-0.190030826109,24.0,-0.121344155481,0.131446432152,0.986157638257,0.941389799984,81.761345086,239,
114.0,0.91,-0.166229107446,60.0,-0.0940801055899,0.110222749269,0.980426449585,0.957989320009,79.2734377365,239,
120.0,0.91,-0.179295956672,24.0,-0.10106264254,0.112703958612,0.986244187913,0.956366641417,82.0009962232,240,
126.0,0.91,-0.164934054998,54.0,-0.0914316222719,0.104742759783,0.986176680264,0.961811497249,81.5885640414,239,
138.0,0.91,-0.20001128399,36.0,-0.141613759633,0.151674949629,0.983659364889,0.923559766534,80.4281770984,239,
144.0,0.91,-0.23042618571,30.0,-0.163331097531,0.171876389352,0.98521904387,0.90342285806,80.7167942882,239,
150.0,0.91,-0.214243253492,30.0,-0.158137954827,0.166246407689,0.985770968331,0.910042770896,81.5218757404,239,
