LeadTime (HRS), obsMax (m MSL), Peak (m), PLag (min), Bias(m), RMSD (m), RVal, Skil, VExp (%), nPts,
-0.0,0.541,0.153885501174,36.0,0.0388636653786,0.0778196386497,0.641189372016,0.517822758226,0.0,239,
6.0,0.541,0.150844968707,72.0,0.0606719803072,0.0809457842018,0.559678617489,0.460610661677,0.0,240,
12.0,0.541,0.136408359772,72.0,0.0582233102892,0.083409437373,0.508852453645,0.436622242028,0.0,240,
18.0,0.541,0.147306094926,60.0,0.0448097182058,0.0832599368128,0.62378688417,0.495658487637,0.0,240,
24.0,0.541,0.130992712172,0.0,0.0222621375447,0.0819833808651,0.627964256653,0.521912698846,0.0,240,
30.0,0.541,0.162350842467,0.0,0.0492687437709,0.0962932534644,0.489112262943,0.436157912373,0.0,240,
36.0,0.541,0.0705731226164,0.0,-0.0201795269714,0.0476549313955,0.595833269493,0.633177955101,0.0,240,
42.0,0.541,0.0411306801034,0.0,-0.0531930286802,0.0866133209786,0.327007931119,0.34097270707,0.0,240,
48.0,0.541,-0.00565576860841,0.0,-0.107126243283,0.140949372073,0.399391587865,0.239086216384,0.0,240,
54.0,0.541,0.0125924655714,0.0,-0.101325088365,0.144479360003,0.356109274091,0.23279242449,0.0,240,
60.0,0.541,0.060977469483,1332.0,-0.0887343363847,0.153887348793,0.218264021984,0.212291055687,0.0,240,
66.0,0.541,-0.036463803894,1170.0,-0.123099356605,0.150434307227,0.19394006278,0.204048583188,0.0,240,
72.0,0.541,-0.115364540841,0.0,-0.169040255694,0.18541837091,0.00869653219025,0.16405223955,0.0,240,
78.0,0.541,-0.0252640348484,1158.0,-0.119017515082,0.160503703329,0.11297848811,0.166649060341,0.0,240,
84.0,0.541,-0.00538738211052,1140.0,-0.0969150129905,0.139809274408,0.164119635684,0.197591876871,0.0,240,
90.0,0.541,-0.017826565478,1176.0,-0.09579796711,0.131137912276,0.240235919526,0.231235331341,0.0,240,
96.0,0.541,0.0352268215374,1266.0,-0.143558302075,0.211738882628,-0.0154103811975,0.131020765377,0.0,240,
102.0,0.541,-0.0461177057501,1212.0,-0.147600710167,0.188309725128,0.22130715007,0.166995798033,0.0,240,
108.0,0.541,0.00634740955162,1146.0,-0.0800482185181,0.112342517244,0.223868861724,0.267080467491,0.0,240,
114.0,0.541,0.0138725401882,0.0,-0.0902239047269,0.113797649253,0.625235688778,0.347928301504,0.0,240,
120.0,0.541,-0.0477627811524,0.0,-0.165121962225,0.181480482473,0.39719570047,0.19912930941,0.0,240,
126.0,0.541,-0.0630514164082,0.0,-0.167891152092,0.202404830261,0.236035052262,0.163666378173,0.0,240,
