LeadTime (HRS), obsMax (m MSL), Peak (m), PLag (min), Bias(m), RMSD (m), RVal, Skil, VExp (%), nPts,
-0.0,1.65,0.922960948557,774.0,1.12929881599,1.13178490413,0.990157248866,0.818444646808,88.3492327687,238,
6.0,1.65,1.01203802191,0.0,1.12731344631,1.12955164569,0.98949252898,0.81932120699,88.2215774051,239,
12.0,1.65,0.981105844068,6.0,1.12547515345,1.12704962619,0.990175875776,0.820126666158,88.740674326,239,
18.0,1.65,1.03285153157,12.0,1.12413034704,1.12534176144,0.99005524459,0.820546219889,88.8534485562,239,
24.0,1.65,0.891804918744,12.0,1.12157281004,1.12237943731,0.991555170346,0.821171177542,89.6119412135,239,
30.0,1.65,0.882677917618,18.0,1.1216007958,1.12316579386,0.991266118054,0.82044325183,89.1539213998,239,
36.0,1.65,0.921239643323,18.0,1.12937109383,1.13066979609,0.991237564624,0.818289267965,89.2187867031,239,
42.0,1.65,0.912157539897,30.0,1.12283637434,1.12413409555,0.991679128104,0.819626335246,89.3972809584,239,
48.0,1.65,0.898497128057,18.0,1.12527729669,1.12607284359,0.991671444432,0.8196172118,89.6276353551,239,
54.0,1.65,0.897501356332,18.0,1.13595328463,1.13693746166,0.991561363395,0.816245148613,89.4444348464,239,
60.0,1.65,0.911378062739,24.0,1.1422430522,1.14312405269,0.991605382096,0.814820693637,89.5036064181,239,
66.0,1.65,0.923778271463,24.0,1.13992214246,1.14067584099,0.992020883524,0.8142053342,89.6559150867,239,
72.0,1.65,0.874709591327,24.0,1.12639852941,1.12837431268,0.991065751196,0.818127058074,88.8685544576,239,
78.0,1.65,0.866983569296,24.0,1.12842718827,1.13014320178,0.991410586853,0.816911560772,89.0500910242,239,
84.0,1.65,0.887867728145,24.0,1.11688402893,1.11816468571,0.991510186902,0.8220495926,89.4069088913,239,
90.0,1.65,0.90329144609,30.0,1.10833082405,1.10900133925,0.991935692959,0.824250300374,89.8652218341,239,
96.0,1.65,0.903785791283,24.0,1.1115536712,1.11222253233,0.991810591444,0.82293838809,89.7870683737,239,
102.0,1.65,0.90860276847,24.0,1.1177216921,1.1177395235,0.992309425231,0.820823141819,90.2311163659,239,
108.0,1.65,0.930151701603,24.0,1.11079874154,1.11039318306,0.992635363525,0.821969999246,90.5539376928,239,
114.0,1.65,0.923887619008,24.0,1.11155181728,1.11074204383,0.99292820855,0.822337359942,90.9054621809,239,
120.0,1.65,0.912793112368,24.0,1.09490239831,1.09440726363,0.992394819819,0.828152712122,90.6393766654,239,
126.0,1.65,0.925725358497,24.0,1.091285983,1.09115488325,0.992043547429,0.82934634421,90.3262340283,239,
