LeadTime (HRS), obsMax (m MSL), Peak (m), PLag (min), Bias(m), RMSD (m), RVal, Skil, VExp (%), nPts,
-0.0,1.8,-0.219036435489,540.0,-0.0589675763659,0.307549820188,0.974909522055,0.985372804503,77.2487839672,240,
6.0,1.8,0.111020111077,-12.0,0.253363530463,0.411884053509,0.970642467919,0.973915119531,75.5295941608,239,
12.0,1.8,-0.0165822039798,-12.0,0.128116789648,0.347631894164,0.971034142341,0.981249217983,75.6483847742,239,
18.0,1.8,-0.0831848650242,-24.0,0.0294680698611,0.333051890988,0.969392890047,0.982707027413,75.0016096922,239,
24.0,1.8,nan,nan,nan,nan,nan,nan,nan,0,
30.0,1.8,-0.0597695742637,-30.0,0.0801693093976,0.381128257876,0.960616861768,0.977211046508,71.9151842592,239,
36.0,1.8,-0.156539101074,-30.0,-0.0201453090293,0.382878747076,0.958614646153,0.976823169342,71.1804863699,239,
42.0,1.8,-0.139389986412,-30.0,-0.00829021097521,0.38007275949,0.959112773604,0.977196008822,71.3588287834,239,
48.0,1.8,-0.0695921552468,-24.0,0.0523693569829,0.374458506274,0.960977759854,0.978028878945,72.0525753007,239,
54.0,1.8,-0.146270967583,-6.0,-0.0256781258319,0.370910200154,0.961355300909,0.978344898643,72.1097184626,239,
60.0,1.8,-0.146306995395,-30.0,-0.0291953070071,0.374008196825,0.960932978252,0.977873006627,71.8951506813,239,
66.0,1.8,-0.162645765382,-24.0,-0.0444851334125,0.37193047516,0.961628743678,0.978187587708,72.1669836621,239,
72.0,1.8,-0.347276003644,-12.0,-0.207842004405,0.432206875734,0.95956191901,0.970652316134,71.4365035845,239,
78.0,1.8,-0.15177419941,-24.0,-0.0476832624598,0.373704052069,0.961236606712,0.978009670552,72.0622940166,239,
84.0,1.8,-0.190884822097,-6.0,-0.0598273249093,0.378521683416,0.960567030176,0.977411849495,71.8275531396,239,
90.0,1.8,-0.203351822867,-6.0,-0.0788265047724,0.375605576994,0.961820271037,0.977905514128,72.3192091001,239,
96.0,1.8,-0.176130828609,-24.0,-0.0464535016248,0.3681182797,0.962646377787,0.978605930596,72.4748946719,239,
102.0,1.8,-0.181342320861,-24.0,-0.0531931099507,0.365429743277,0.963233841353,0.979024001684,72.749105599,239,
108.0,1.8,-0.210939795734,-24.0,-0.0712738268182,0.366122025011,0.963906254609,0.97890405633,72.93151587,239,
114.0,1.8,-0.151467647993,-6.0,-0.0404981216919,0.354305388826,0.964911859648,0.980463188834,73.462184263,240,
120.0,1.8,-0.157651032294,-6.0,-0.0488471700533,0.367541227991,0.962387402494,0.978908132449,72.5499547968,239,
126.0,1.8,-0.1768617018,-24.0,-0.0574494638167,0.366176363371,0.96353855648,0.978828413266,72.7488257007,239,
