LeadTime (HRS), obsMax (m MSL), Peak (m), PLag (min), Bias(m), RMSD (m), RVal, Skil, VExp (%), nPts,
-0.0,2.555,-0.110488965642,-6.0,0.125510212362,0.204314582814,0.99788541341,0.995171116194,89.4931717075,240,
6.0,2.555,-0.015240285383,6.0,0.218314978463,0.276187857733,0.997804047608,0.991184493605,88.9904687311,239,
12.0,2.555,-0.176609486614,6.0,0.0800538026543,0.185527361241,0.998095655541,0.99599626255,89.1077569061,239,
18.0,2.555,-0.0705761351052,6.0,0.185792429573,0.257675585097,0.997739593655,0.992258755372,88.3803884783,239,
24.0,2.555,nan,nan,nan,nan,nan,nan,nan,0,
30.0,2.555,-0.0796532354381,0.0,0.175803761141,0.241852793555,0.99941617931,0.993125892724,89.1814525348,239,
36.0,2.555,-0.338331922705,0.0,-0.0881721274402,0.185525087571,0.999362568575,0.995953822034,89.3674889207,239,
42.0,2.555,-0.335221162407,0.0,-0.0736378100606,0.184736608986,0.99935384056,0.995969207703,88.9641570198,239,
48.0,2.555,-0.250434784555,0.0,-0.00836107006067,0.167464661744,0.999180285089,0.996695827015,89.1055005112,239,
54.0,2.555,-0.319418156981,0.0,-0.0702698934094,0.183928746704,0.999166111869,0.996009010883,88.928299718,239,
60.0,2.555,-0.299764384403,0.0,-0.0563304701388,0.181425092805,0.999090719253,0.996111489629,88.7666125468,239,
66.0,2.555,-0.297302477494,0.0,-0.0601664272572,0.181704941588,0.998980412809,0.996106346375,88.8320035556,239,
72.0,2.555,-0.315741535702,-6.0,-0.0681034438678,0.184071096186,0.998990533058,0.996005755756,88.8610276613,239,
78.0,2.555,-0.281135653679,0.0,-0.0431929879041,0.17723610417,0.998905434338,0.996295957884,88.803487018,239,
84.0,2.555,-0.074504013361,6.0,0.179185839493,0.253281247357,0.998821333306,0.992428343617,88.3400080376,239,
90.0,2.555,-0.0915479378361,0.0,0.138588543824,0.228573972442,0.998511357939,0.993826929991,88.1602825645,239,
96.0,2.555,-0.152569815393,6.0,0.112389041907,0.218230943273,0.998677923836,0.994337709381,87.8151709175,239,
102.0,2.555,-0.172349500081,0.0,0.0950436982541,0.210436520945,0.998810863857,0.994724304946,87.7705473628,239,
108.0,2.555,-0.374512747607,0.0,-0.120749174615,0.227326433795,0.998316849503,0.993848917571,87.4542929202,239,
114.0,2.555,-0.407365538921,0.0,-0.146191527983,0.242395589325,0.998491579673,0.992980779103,87.3909641611,240,
120.0,2.555,-0.447012465875,0.0,-0.161379152506,0.256782163626,0.998174378515,0.992142570472,87.0013018443,239,
126.0,2.555,-0.476744005321,0.0,-0.182976505106,0.264441198268,0.998814941448,0.99168941163,87.5752349193,239,
