LeadTime (HRS), obsMax (m MSL), Peak (m), PLag (min), Bias(m), RMSD (m), RVal, Skil, VExp (%), nPts,
-0.0,0.071,0.62265063399,180.0,0.695893702694,0.697933147978,0.954094902699,0.16036244345,24.7200537215,240,
6.0,0.071,0.623648911392,168.0,0.699470701844,0.701618422012,0.953882667937,0.159471955014,22.6278526482,239,
12.0,0.071,0.632329402172,18.0,0.709601694453,0.711682796451,0.944588395225,0.157605188405,23.2903302007,239,
18.0,0.071,0.638028159805,156.0,0.712893303954,0.71498033989,0.943046932831,0.156910001279,23.003182678,239,
24.0,0.071,nan,nan,nan,nan,nan,nan,nan,0,
30.0,0.071,0.600192202522,120.0,0.676686988585,0.678827095387,0.938467710643,0.164269791472,24.1156764348,239,
36.0,0.071,0.590739994011,102.0,0.672299153613,0.674751777382,0.944097429161,0.164289938769,19.017757103,239,
42.0,0.071,0.588502102365,168.0,0.670173627504,0.672753900237,0.897955975294,0.164440902072,17.0643178687,239,
48.0,0.071,0.632853184543,150.0,0.711905826933,0.714305720497,0.925570134884,0.156427949582,17.5728486539,239,
54.0,0.071,0.584088851257,168.0,0.667570619512,0.670449135815,0.86556684726,0.164142971796,12.5624589172,239,
60.0,0.071,0.589118051655,-18.0,0.672397289993,0.674974792741,0.970486032335,0.163970915043,16.9717915283,239,
66.0,0.071,0.585532634891,72.0,0.670196836813,0.672906753225,0.910301858805,0.164075688203,15.0007626812,239,
72.0,0.071,0.571252465161,126.0,0.65224867871,0.655052012499,0.858252253959,0.167700063336,14.708161164,239,
78.0,0.071,0.586453378684,144.0,0.667963787243,0.670710679897,0.836850019623,0.164385771364,14.564048547,239,
84.0,0.071,0.566689886012,120.0,0.648271301855,0.650920924043,0.906445002044,0.169040592688,17.3370292652,239,
90.0,0.071,0.569487681321,180.0,0.645445880962,0.648054920524,0.863571174896,0.169862997521,18.1523886173,239,
96.0,0.071,0.566902316117,300.0,0.643671437248,0.646482034776,0.776500034071,0.169547652326,15.1596709881,239,
102.0,0.071,0.575949219758,174.0,0.652768673478,0.655235392944,0.877369558241,0.168504472612,19.9711172403,239,
108.0,0.071,0.58073870484,132.0,0.660310584411,0.662881444784,0.886413457345,0.166562311083,17.8262683492,239,
114.0,0.071,0.586126186292,150.0,0.660823592493,0.663241088061,0.936624402763,0.166903794316,20.1999328153,240,
120.0,0.071,0.586022448479,102.0,0.666637190469,0.66918084911,0.895260521464,0.165103559035,17.782174177,239,
126.0,0.071,0.583388893142,186.0,0.665030413403,0.667763624359,0.798297149087,0.164856518502,14.8703164819,239,
