LeadTime (HRS), obsMax (m MSL), Peak (m), PLag (min), Bias(m), RMSD (m), RVal, Skil, VExp (%), nPts,
-0.0,2.005,0.453085314307,12.0,0.281309329627,0.303305687791,0.996904176795,0.989009211224,92.1196962554,239,
6.0,2.005,0.212973482007,12.0,0.0990427263304,0.15524966535,0.996545892945,0.997083804665,91.6751871221,240,
12.0,2.005,0.292101250704,12.0,0.184110274704,0.212966354763,0.997232302724,0.9945316906,92.5463557576,240,
18.0,2.005,0.272677919719,6.0,0.210793937667,0.23495594132,0.997408818036,0.9933646806,92.7735513729,240,
24.0,2.005,0.425403719909,6.0,0.400462761347,0.411249730674,0.997886839979,0.979941526271,93.4842611941,240,
30.0,2.005,0.152716312946,12.0,0.176891377639,0.205698084546,0.997336218773,0.994895355863,92.6898525211,240,
36.0,2.005,0.244522629094,12.0,0.305852792005,0.321397139218,0.99765166932,0.987656136772,93.1242609595,240,
42.0,2.005,0.20879703682,12.0,0.292516071635,0.311297819277,0.997268375081,0.988407826136,92.584637605,240,
48.0,2.005,0.442207777513,6.0,0.542891008551,0.552684441536,0.99743592881,0.964526312256,92.7872404626,240,
54.0,2.005,0.235901148401,0.0,0.318374347294,0.336421859337,0.997165215703,0.986509881574,92.4303712993,240,
60.0,2.005,0.250921153809,-6.0,0.345246204639,0.362144973481,0.99712404701,0.984387261419,92.3867484047,240,
66.0,2.005,0.182626379703,-6.0,0.290617419882,0.312801434095,0.99676230815,0.988268424659,91.9435756192,240,
72.0,2.005,0.425914499798,6.0,0.534613433997,0.544932400259,0.997326473069,0.965427136979,92.6506070394,240,
78.0,2.005,0.239275754067,6.0,0.348865765206,0.365802435362,0.997073160693,0.984036363083,92.3391126923,240,
84.0,2.005,0.225652079012,0.0,0.29701545814,0.317271104766,0.996989681879,0.98793503282,92.2326764979,240,
90.0,2.005,0.173955262765,12.0,0.246994155607,0.270590652963,0.997049141404,0.991200662897,92.3046680052,240,
96.0,2.005,0.350569297609,0.0,0.441173419195,0.45174090492,0.997717579525,0.975881714848,93.2360006105,240,
102.0,2.005,0.287637922983,12.0,0.353552122655,0.366356316375,0.997773865142,0.984006653097,93.3145971808,240,
108.0,2.005,0.251460175275,0.0,0.304481101075,0.319076156445,0.997794067093,0.987790700091,93.3571587715,240,
114.0,2.005,0.254560118922,0.0,0.298663398068,0.314894061758,0.997590775719,0.988118820702,93.0512195575,240,
120.0,2.005,0.393818416135,0.0,0.431296795016,0.441785462678,0.997786445053,0.976912819841,93.3365280541,240,
126.0,2.005,0.386974636223,0.0,0.415638553391,0.426185816109,0.997854713736,0.978482468738,93.4386461656,240,
